ACCORD_CADRE,ID_CHANTIER,NUM_SAP,NUM_ETF,AGENCE,CENTRE_PROFIT,POSTE,ARTICLE,LIBELLE_ARTICLE,LIBELLE_POSTE,PU_COMMANDE,UNITE,QUANTITE_COMMANDE,DATE_RECEPTION,QUANTITE_RECEPTION,MONTANT_RECEPTION,ID_LIGNE,TYPE_TRAVAUX
2022-2024,MS3,4501531192,1,8415,841522,10,04-EXPL-DBC01,Débardage par câble,Débardage   grumes feuillus,21,M3,954.99,2023-01-26,170,3570,1,DEBARDAGE
2022-2024,MS3,4501531192,1,8415,841522,10,04-EXPL-DBC01,Débardage par câble,Débardage   grumes feuillus,21,M3,954.99,2023-02-08,210,4410,2,DEBARDAGE
2022-2024,MS3,4501531192,1,8415,841522,10,04-EXPL-DBC01,Débardage par câble,Débardage   grumes feuillus,21,M3,954.99,2023-02-10,90,1890,3,DEBARDAGE
2022-2024,MS3,4501531192,1,8415,841522,10,04-EXPL-DBC01,Débardage par câble,Débardage   grumes feuillus,21,M3,954.99,2023-03-04,140,2940,4,DEBARDAGE
2022-2024,MS3,4501531192,1,8415,841522,10,04-EXPL-DBC01,Débardage par câble,Débardage   grumes feuillus,21,M3,954.99,2023-04-14,82.27,1727.67,5,DEBARDAGE
2022-2024,MS3,4501531192,1,8415,841522,10,04-EXPL-DBC01,Débardage par câble,Débardage   grumes feuillus,21,M3,954.99,2023-05-02,262.72,5517.12,6,DEBARDAGE
2022-2024,MS3,4501531192,1,8415,841522,20,04-EXPL-DBC01,Débardage par câble,Débardage  grumes résineux,21,M3,29.77,2023-04-14,15.99,335.79,7,DEBARDAGE
2022-2024,MS3,4501531192,1,8415,841522,20,04-EXPL-DBC01,Débardage par câble,Débardage  grumes résineux,21,M3,29.77,2023-05-02,13.78,289.38,8,DEBARDAGE
2022-2024,MS3,4501531192,1,8415,841522,30,04-EXPL-DBC01,Débardage par câble,Débardage bois énergie,21,M3,800.04,2023-01-26,110,2310,9,DEBARDAGE
2022-2024,MS3,4501531192,1,8415,841522,30,04-EXPL-DBC01,Débardage par câble,Débardage bois énergie,21,M3,800.04,2023-02-08,170,3570,10,DEBARDAGE
2022-2024,MS3,4501531192,1,8415,841522,30,04-EXPL-DBC01,Débardage par câble,Débardage bois énergie,21,M3,800.04,2023-02-10,80,1680,11,DEBARDAGE
2022-2024,MS3,4501531192,1,8415,841522,30,04-EXPL-DBC01,Débardage par câble,Débardage bois énergie,21,M3,800.04,2023-03-04,110,2310,12,DEBARDAGE
2022-2024,MS3,4501531192,1,8415,841522,30,04-EXPL-DBC01,Débardage par câble,Débardage bois énergie,21,M3,800.04,2023-04-14,239,5019,13,DEBARDAGE
2022-2024,MS3,4501531192,1,8415,841522,30,04-EXPL-DBC01,Débardage par câble,Débardage bois énergie,21,M3,800.04,2023-05-02,91.04,1911.84,14,DEBARDAGE
2022-2024,MS3,4501531192,1,8415,841522,100,04-EXPL-DBC01,Débardage par câble,Débardage  grumes résineux,21,M3,227.01,2023-05-16,227.01,4767.21,25,DEBARDAGE
2022-2024,MS4,4501554573,2,8455,845505,20,04-EXPL-DBC01,Débardage par câble,DB BO RX FD SAULIEU,15,M3,800,2023-06-12,280,4200,29,DEBARDAGE
2022-2024,MS4,4501554573,2,8455,845505,20,04-EXPL-DBC01,Débardage par câble,DB BO RX FD SAULIEU,15,M3,800,2023-07-21,520,7800,30,DEBARDAGE
2022-2024,MS5,4501548552,1,8455,845514,40,04-EXPL-DBC01,Débardage par câble,D BO RX FD ANOST,14,M3,612.3,2023-05-02,612.3,8572.2,36,DEBARDAGE
2022-2024,MS5,4501548552,1,8455,845514,60,04-EXPL-DBC01,Débardage par câble,DB BO RX FD ANOST,14,M3,57.8,2023-05-25,57.8,809.2,38,DEBARDAGE
2022-2024,MS10_lot1,4501547859,3,8835,883505,40,04-EXPL-DBC01,Débardage par câble,AYGUEBON 4U 7U - Débardage par câble,13,M3,3750,2023-04-24,1000,13000,49,DEBARDAGE
2022-2024,MS10_lot1,4501547859,3,8835,883505,40,04-EXPL-DBC01,Débardage par câble,AYGUEBON 4U 7U - Débardage par câble,13,M3,3750,2023-05-16,300,3900,50,DEBARDAGE
2022-2024,MS10_lot1,4501547859,3,8835,883505,40,04-EXPL-DBC01,Débardage par câble,AYGUEBON 4U 7U - Débardage par câble,13,M3,3750,2023-06-02,500,6500,51,DEBARDAGE
2022-2024,MS10_lot1,4501547859,3,8835,883505,40,04-EXPL-DBC01,Débardage par câble,AYGUEBON 4U 7U - Débardage par câble,13,M3,3750,2023-07-24,877.45,11406.85,52,DEBARDAGE
2022-2024,MS10_lot2,4501547849,1,8835,883505,40,04-EXPL-DBC01,Débardage par câble,AYGUEBON 4U 7U - Débardage par câble,13,M3,3750,2023-05-02,400,5200,66,DEBARDAGE
2022-2024,MS10_lot2,4501547849,1,8835,883505,40,04-EXPL-DBC01,Débardage par câble,AYGUEBON 4U 7U - Débardage par câble,13,M3,3750,2023-05-16,500,6500,67,DEBARDAGE
2022-2024,MS10_lot2,4501547849,1,8835,883505,40,04-EXPL-DBC01,Débardage par câble,AYGUEBON 4U 7U - Débardage par câble,13,M3,3750,2023-06-02,600,7800,68,DEBARDAGE
2022-2024,MS10_lot2,4501547849,1,8835,883505,40,04-EXPL-DBC01,Débardage par câble,AYGUEBON 4U 7U - Débardage par câble,13,M3,3750,2023-06-23,1000,13000,69,DEBARDAGE
2022-2024,MS10_lot2,4501547849,1,8835,883505,40,04-EXPL-DBC01,Débardage par câble,AYGUEBON 4U 7U - Débardage par câble,13,M3,3750,2023-06-30,500,6500,70,DEBARDAGE
2022-2024,MS10_lot2,4501547849,1,8835,883505,40,04-EXPL-DBC01,Débardage par câble,AYGUEBON 4U 7U - Débardage par câble,13,M3,3750,2023-07-24,750,9750,71,DEBARDAGE
2022-2024,MS10_lot2,4501547849,1,8835,883505,60,04-EXPL-DBC01,Débardage par câble,AYGUEBON 4U 7U - Débardage par câble,13,M3,600,2023-07-24,600,7800,73,DEBARDAGE
2022-2024,MS18,4700236917,1,8670,867009,20,04-EXPL-DBC01,Débardage par câble,DEB par cable FD SMB 159 153 154,22,M3,3026,2023-10-20,600,13200,84,DEBARDAGE
2022-2024,MS18,4700236917,1,8670,867009,20,04-EXPL-DBC01,Débardage par câble,DEB par cable FD SMB 159 153 154,22,M3,3026,2023-12-13,1164.07,25609.54,85,DEBARDAGE
2022-2024,MS18,4700236917,1,8670,867009,20,04-EXPL-DBC01,Débardage par câble,DEB par cable FD SMB 159 153 154,22,M3,3026,2024-02-21,40.3,886.6,86,DEBARDAGE
2022-2024,MS18,4700236917,1,8670,867009,20,04-EXPL-DBC01,Débardage par câble,DEB par cable FD SMB 159 153 154,22,M3,3026,2024-08-13,365.13,8032.86,87,DEBARDAGE
2022-2024,MS18,4700236917,1,8670,867009,20,04-EXPL-DBC01,Débardage par câble,DEB par cable FD SMB 159 153 154,22,M3,3026,2024-09-26,385.98,8491.56,88,DEBARDAGE
2022-2024,MS19_lot1,4501572577,3,8440,844009,20,04-EXPL-AST01,Abattage-façonnage de grumes,Débardage  cable FD LEVIER1J P55,14,M3,646.011,2023-12-14,646.011,9044.15,95,DEBARDAGE
2022-2024,MS19_lot2,4501572572,3,8440,844009,20,04-EXPL-AST01,Abattage-façonnage de grumes,Débardage  cable FD LEVIER3S P174,14,M3,1491.37,2023-10-30,900,12600,101,DEBARDAGE
2022-2024,MS19_lot2,4501572572,3,8440,844009,20,04-EXPL-AST01,Abattage-façonnage de grumes,Débardage  cable FD LEVIER3S P174,14,M3,1491.37,2023-11-28,591.37,8279.18,102,DEBARDAGE
2022-2024,MS20,4501619216,4,8835,883503,20,04-EXPL-DBC01,Débardage par câble,STJULI63 Débardage par câble,22.8,M3,850,2024-06-17,500,11400,108,DEBARDAGE
2022-2024,MS20,4501619216,4,8835,883503,20,04-EXPL-DBC01,Débardage par câble,STJULI63 Débardage par câble,22.8,M3,850,2024-07-11,350,7980,109,DEBARDAGE
2022-2024,MS20,4501625191,4,8835,883503,20,04-EXPL-DBC01,Débardage par câble,STJULI63 Débardage par câble,22.8,M3,94,2024-07-25,94,2143.2,113,DEBARDAGE
2022-2024,MS21,4501617505,4,8835,883503,40,04-EXPL-DBC01,Débardage par câble,GUERY 17 - Débardage par câble,13.8,M3,1800,2024-07-09,400,5520,119,DEBARDAGE
2022-2024,MS21,4501617505,4,8835,883503,40,04-EXPL-DBC01,Débardage par câble,GUERY 17 - Débardage par câble,13.8,M3,1800,2024-09-25,1053,14531.4,120,DEBARDAGE
2022-2024,MS22,4501568088,3,8730,873012,20,04-EXPL-AST01,Abattage-façonnage de grumes,MS8 Débardage par câble,20,M3,750,2023-08-04,200,4000,124,DEBARDAGE
2022-2024,MS22,4501568088,3,8730,873012,20,04-EXPL-AST01,Abattage-façonnage de grumes,MS8 Débardage par câble,20,M3,750,2023-09-11,300,6000,125,DEBARDAGE
2022-2024,MS22,4501568088,3,8730,873012,20,04-EXPL-AST01,Abattage-façonnage de grumes,MS8 Débardage par câble,20,M3,750,2023-10-03,250,5000,126,DEBARDAGE
2022-2024,MS22,4501592858,3,8730,873012,20,04-EXPL-AST01,Abattage-façonnage de grumes,MS8 Débardage par câble,20,M3,150,2024-01-22,150,3000,132,DEBARDAGE
2022-2024,MS23,4501577090,2,8415,841522,10,04-EXPL-DBG01,Débardage de grumes,Débardage de grumes,18,M3,975,2024-01-03,500,9000,134,DEBARDAGE
2022-2024,MS23,4501577090,2,8415,841522,10,04-EXPL-DBG01,Débardage de grumes,Débardage de grumes,18,M3,975,2024-04-02,343,6174,135,DEBARDAGE
2022-2024,MS23,4501577090,2,8415,841522,10,04-EXPL-DBG01,Débardage de grumes,Débardage de grumes,18,M3,975,2024-04-13,132,2376,136,DEBARDAGE
2022-2024,MS23,4501577090,2,8415,841522,20,04-EXPL-DEB00,Débardage,Débardage BE,18,M3,1033,2024-02-26,841,15138,137,DEBARDAGE
2022-2024,MS23,4501577090,2,8415,841522,20,04-EXPL-DEB00,Débardage,Débardage BE,18,M3,1033,2024-04-02,120,2160,138,DEBARDAGE
2022-2024,MS23,4501577090,2,8415,841522,20,04-EXPL-DEB00,Débardage,Débardage BE,18,M3,1033,2024-07-13,72,1296,139,DEBARDAGE
2022-2024,MS24_lot1,4501576333,2,8415,841522,30,04-EXPL-DBG01,Débardage de grumes,Débardage de grumes,25,M3,858,2024-01-19,450,11250,150,DEBARDAGE
2022-2024,MS24_lot1,4501576333,2,8415,841522,30,04-EXPL-DBG01,Débardage de grumes,Débardage de grumes,25,M3,858,2024-02-08,400,10000,151,DEBARDAGE
2022-2024,MS24_lot1,4501576333,2,8415,841522,30,04-EXPL-DBG01,Débardage de grumes,Débardage de grumes,25,M3,858,2024-03-12,12,300,152,DEBARDAGE
2022-2024,MS24_lot1,4501576333,2,8415,841522,30,04-EXPL-DBG01,Débardage de grumes,Débardage de grumes,25,M3,1716,2024-03-13,-4,-100,153,DEBARDAGE
2022-2024,MS24_lot1,4501576333,2,8415,841522,40,04-EXPL-DBB01,Débardage de bois d'industrie en billons,Débardage de bois d'industrie en billons,25,M3,104,2024-03-12,23,575,154,DEBARDAGE
2022-2024,MS24_lot1,4501576333,2,8415,841522,40,04-EXPL-DBB01,Débardage de bois d'industrie en billons,Débardage de bois d'industrie en billons,25,M3,208,2024-03-13,81,2025,155,DEBARDAGE
2022-2024,MS24_lot2,4501577090,2,8415,841522,10,04-EXPL-DBG01,Débardage de grumes,Débardage de grumes,18,M3,975,2024-01-03,500,9000,158,DEBARDAGE
2022-2024,MS24_lot2,4501577090,2,8415,841522,10,04-EXPL-DBG01,Débardage de grumes,Débardage de grumes,18,M3,975,2024-04-02,343,6174,159,DEBARDAGE
2022-2024,MS24_lot2,4501577090,2,8415,841522,10,04-EXPL-DBG01,Débardage de grumes,Débardage de grumes,18,M3,975,2024-04-13,132,2376,160,DEBARDAGE
2022-2024,MS24_lot2,4501577090,2,8415,841522,20,04-EXPL-DEB00,Débardage,Débardage BE,18,M3,1033,2024-02-26,841,15138,161,DEBARDAGE
2022-2024,MS24_lot2,4501577090,2,8415,841522,20,04-EXPL-DEB00,Débardage,Débardage BE,18,M3,1033,2024-04-02,120,2160,162,DEBARDAGE
2022-2024,MS24_lot2,4501577090,2,8415,841522,20,04-EXPL-DEB00,Débardage,Débardage BE,18,M3,1033,2024-07-13,72,1296,163,DEBARDAGE
2022-2024,MS26,4700246103,5,8693,869317,20,04-EXPL-DBC01,Débardage par câble,Débardage par câble,37,M3,1290,2024-03-27,200,7400,172,DEBARDAGE
2022-2024,MS26,4700246103,5,8693,869317,20,04-EXPL-DBC01,Débardage par câble,Débardage par câble,37,M3,1290,2024-04-30,504,18648,173,DEBARDAGE
2022-2024,MS26,4700246103,5,8693,869317,20,04-EXPL-DBC01,Débardage par câble,Débardage par câble,37,M3,1290,2024-11-20,76,2812,174,DEBARDAGE
2022-2024,MS26,4700246103,5,8693,869317,30,04-EXPL-DBC01,Débardage par câble,Débardage par câble,15,M3,310,2024-04-30,50,750,175,DEBARDAGE
2022-2024,MS26,4700246103,5,8693,869317,30,04-EXPL-DBC01,Débardage par câble,Débardage par câble,15,M3,310,2024-11-20,30,450,176,DEBARDAGE
2022-2024,MS27,4501589705,4,8450,845009,60,04-EXPL-DBC01,Débardage par câble,DB GR R FD BREUIL P50,22,M3,1305.24,2024-02-13,600,13200,182,DEBARDAGE
2022-2024,MS27,4501589705,4,8450,845009,60,04-EXPL-DBC01,Débardage par câble,DB GR R FD BREUIL P50,22,M3,1305.24,2024-02-29,400,8800,183,DEBARDAGE
2022-2024,MS27,4501589705,4,8450,845009,60,04-EXPL-DBC01,Débardage par câble,DB GR R FD BREUIL P50,22,M3,2610.48,2024-03-29,305.24,6715.28,184,DEBARDAGE
2022-2024,MS29,4501583760,3,8425,842536,90,04-EXPL-DBC01,Débardage par câble,MS1 Débardage par câble,14,M3,1023,2023-12-30,511,7154,195,DEBARDAGE
2022-2024,MS29,4501583760,3,8425,842536,90,04-EXPL-DBC01,Débardage par câble,MS1 Débardage par câble,14,M3,1023,2024-01-29,-511,-7154,196,DEBARDAGE
2022-2024,MS29,4501583760,3,8425,842536,90,04-EXPL-DBC01,Débardage par câble,MS1 Débardage par câble,14,M3,2046,2024-02-07,714.65,10005.1,197,DEBARDAGE
2022-2024,MS29,4501583760,3,8425,842536,90,04-EXPL-DBC01,Débardage par câble,MS1 Débardage par câble,14,M3,1023,2024-03-27,144.8,2027.2,198,DEBARDAGE
2022-2024,MS30,4700246171,1,8693,869303,20,04-EXPL-DBC01,Débardage par câble,Débardage par câble,23,M3,2000,2024-03-22,450,10350,207,DEBARDAGE
2022-2024,MS30,4700246171,1,8693,869303,20,04-EXPL-DBC01,Débardage par câble,Débardage par câble,23,M3,2000,2024-04-11,400,9200,208,DEBARDAGE
2022-2024,MS30,4700246171,1,8693,869303,20,04-EXPL-DBC01,Débardage par câble,Débardage par câble,23,M3,2000,2024-06-13,300,6900,209,DEBARDAGE
2022-2024,MS30,4700246171,1,8693,869303,20,04-EXPL-DBC01,Débardage par câble,Débardage par câble,23,M3,2000,2024-08-26,64,1472,210,DEBARDAGE
2022-2024,MS33,4501591618,3,8515,851507,20,04-EXPL-DBC01,Débardage par câble,MS33 - Débardage par câble,16,M3,526,2024-03-04,526,8416,248,DEBARDAGE
2022-2024,MS33,4501591618,3,8515,851507,50,04-EXPL-DBC01,Débardage par câble,MS33 - Débardage par câble,16,M3,51.55,2024-06-17,51.55,824.8,251,DEBARDAGE
2022-2024,MS34,4501642127,4,8835,883505,40,04-EXPL-DBC01,Débardage par câble,DEPFOSSA 5 - Débardage par câble,23.5,M3,2000,2024-12-06,300,7050,260,DEBARDAGE
2022-2024,MS34,4501642127,4,8835,883505,40,04-EXPL-DBC01,Débardage par câble,DEPFOSSA 5 - Débardage par câble,23.5,M3,2000,2025-07-31,300,7050,261,DEBARDAGE
2022-2024,MS34,4501642127,4,8835,883505,40,04-EXPL-DBC01,Débardage par câble,DEPFOSSA 5 - Débardage par câble,23.5,M3,2000,2025-09-11,500,11750,262,DEBARDAGE
2022-2024,MS34,4501642127,4,8835,883505,40,04-EXPL-DBC01,Débardage par câble,DEPFOSSA 5 - Débardage par câble,23.5,M3,2000,2025-11-18,400,9400,263,DEBARDAGE
2022-2024,MS35,4501599549,4,8345,834503,30,04-EXPL-DBC01,Débardage par câble,FS VALADE ET LA CHANSELVE P 2-3,21.3,M3,2100,2024-03-12,250,5325,272,DEBARDAGE
2022-2024,MS35,4501599549,4,8345,834503,30,04-EXPL-DBC01,Débardage par câble,FS VALADE ET LA CHANSELVE P 2-3,21.3,M3,2100,2024-03-26,600,12780,273,DEBARDAGE
2022-2024,MS35,4501599549,4,8345,834503,30,04-EXPL-DBC01,Débardage par câble,FS VALADE ET LA CHANSELVE P 2-3,21.3,M3,2100,2024-04-30,100,2130,274,DEBARDAGE
2022-2024,MS35,4501599549,4,8345,834503,30,04-EXPL-DBC01,Débardage par câble,FS VALADE ET LA CHANSELVE P 2-3,21.3,M3,2100,2024-05-16,850,18105,275,DEBARDAGE
2022-2024,MS35,4501599549,4,8345,834503,30,04-EXPL-DBC01,Débardage par câble,FS VALADE ET LA CHANSELVE P 2-3,21.3,M3,2100,2024-06-24,300,6390,276,DEBARDAGE
2022-2024,MS37_lot1,4501611621,1,8455,845514,40,04-EXPL-DBC01,Débardage par câble,DB BO RX FD ST PRIX P67,13.5,M3,670,2024-06-10,200,2700,284,DEBARDAGE
2022-2024,MS37_lot1,4501611621,1,8455,845514,40,04-EXPL-DBC01,Débardage par câble,DB BO RX FD ST PRIX P67,13.5,M3,670,2024-07-11,470,6345,285,DEBARDAGE
2022-2024,MS37_lot1,4501611621,1,8455,845514,60,04-EXPL-DBC01,Débardage par câble,DB BI RX FD ST PRIX P67,13.5,STR,1713,2024-06-10,350,4725,288,DEBARDAGE
2022-2024,MS37_lot1,4501611621,1,8455,845514,60,04-EXPL-DBC01,Débardage par câble,DB BI RX FD ST PRIX P67,13.5,STR,1713,2024-07-11,1363,18400.5,289,DEBARDAGE
2022-2024,MS37_lot1,4501611621,1,8455,845514,80,04-EXPL-DBC01,Débardage par câble,DB BO RX FD ST PRIX P95,17,M3,127,2024-05-15,127,2159,291,DEBARDAGE
2022-2024,MS37_lot1,4501611621,1,8455,845514,100,04-EXPL-DBC01,Débardage par câble,DB BI RX FD ST PRIX P95,17,STR,138,2024-05-15,138,2346,293,DEBARDAGE
2022-2024,MS37_lot2,4501611621,1,8455,845514,40,04-EXPL-DBC01,Débardage par câble,DB BO RX FD ST PRIX P67,13.5,M3,670,2024-06-10,200,2700,300,DEBARDAGE
2022-2024,MS37_lot2,4501611621,1,8455,845514,40,04-EXPL-DBC01,Débardage par câble,DB BO RX FD ST PRIX P67,13.5,M3,670,2024-07-11,470,6345,301,DEBARDAGE
2022-2024,MS37_lot2,4501611621,1,8455,845514,60,04-EXPL-DBC01,Débardage par câble,DB BI RX FD ST PRIX P67,13.5,STR,1713,2024-06-10,350,4725,304,DEBARDAGE
2022-2024,MS37_lot2,4501611621,1,8455,845514,60,04-EXPL-DBC01,Débardage par câble,DB BI RX FD ST PRIX P67,13.5,STR,1713,2024-07-11,1363,18400.5,305,DEBARDAGE
2022-2024,MS37_lot2,4501611621,1,8455,845514,80,04-EXPL-DBC01,Débardage par câble,DB BO RX FD ST PRIX P95,17,M3,127,2024-05-15,127,2159,307,DEBARDAGE
2022-2024,MS37_lot2,4501611621,1,8455,845514,100,04-EXPL-DBC01,Débardage par câble,DB BI RX FD ST PRIX P95,17,STR,138,2024-05-15,138,2346,309,DEBARDAGE
2022-2024,MS38,4501595952,3,8355,835509,10,04-EXPL-DBC01,Débardage par câble,CHATEAUROUX P 221,18,M3,1600,2024-02-20,400,7200,310,DEBARDAGE
2022-2024,MS38,4501595952,3,8355,835509,10,04-EXPL-DBC01,Débardage par câble,CHATEAUROUX P 221,18,M3,1600,2024-04-04,595.849,10725.28,311,DEBARDAGE
2022-2024,MS40,4700274497,7,8670,867006,30,04-EXPL-DBC01,Débardage par câble,DEB FD MOYENMOUTIER P.63,24.5,M3,760,2025-09-25,670,16415,318,DEBARDAGE
2022-2024,MS40,4700274497,7,8670,867006,30,04-EXPL-DBC01,Débardage par câble,DEB FD MOYENMOUTIER P.63,24.5,M3,760,2025-11-13,250.33,6133.09,319,DEBARDAGE
2022-2024,MS44,4501605994,3,8770,877000,40,04-EXPL-DBC01,Débardage par câble,C_2024_JMO_01,16,M3,430,2024-05-02,100,1600,337,DEBARDAGE
2022-2024,MS44,4501605994,3,8770,877000,40,04-EXPL-DBC01,Débardage par câble,C_2024_JMO_01,16,M3,430,2024-06-18,330,5280,338,DEBARDAGE
2022-2024,MS45,4501634356,1,8455,845514,40,04-EXPL-DBC01,Débardage par câble,DB BO RX FD PLANOISE 58 59 67 73,20,M3,1251,2024-10-14,500,10000,345,DEBARDAGE
2022-2024,MS45,4501634356,1,8455,845514,40,04-EXPL-DBC01,Débardage par câble,DB BO RX FD PLANOISE 58 59 67 73,20,M3,1251,2024-11-08,300,6000,346,DEBARDAGE
2022-2024,MS45,4501634356,1,8455,845514,40,04-EXPL-DBC01,Débardage par câble,DB BO RX FD PLANOISE 58 59 67 73,20,M3,1251,2024-12-13,451,9020,347,DEBARDAGE
2022-2024,MS45,4501634356,1,8455,845514,60,04-EXPL-DBC01,Débardage par câble,DB BI RX FD PLANOISE 58 59 67 73,27.8,STR,300,2024-10-14,200,5560,350,DEBARDAGE
2022-2024,MS45,4501634356,1,8455,845514,60,04-EXPL-DBC01,Débardage par câble,DB BI RX FD PLANOISE 58 59 67 73,27.8,STR,300,2024-11-08,100,2780,351,DEBARDAGE
2022-2024,MS46,4501671426,2,8735,873505,40,000000000001000384,Débardage,Débardage - tri - empillement,28,M3,3840,2025-05-27,430,12040,359,DEBARDAGE
2022-2024,MS46,4501671426,2,8735,873505,40,000000000001000384,Débardage,Débardage - tri - empillement,28,M3,3840,2025-06-25,400,11200,360,DEBARDAGE
2022-2024,MS46,4501671426,2,8735,873505,40,000000000001000384,Débardage,Débardage - tri - empillement,28,M3,5760,2025-08-28,636.6,17824.8,361,DEBARDAGE
2022-2024,MS48,4501624641,4,8835,883508,40,04-EXPL-DBC01,Débardage par câble,VERGONZA - Débardage grumes,6.5,M3,953,NA,NA,NA,374,DEBARDAGE
2022-2024,MS49,4501641317,8,8455,845507,40,04-EXPL-DBC01,Débardage par câble,25//DB BO FEU FD CITEAUX P135,12,M3,510.565,2025-03-19,460,5520,381,DEBARDAGE
2022-2024,MS49,4501641317,8,8455,845507,40,04-EXPL-DBC01,Débardage par câble,25//DB BO FEU FD CITEAUX P135,12,M3,510.565,2025-05-12,50.565,606.78,382,DEBARDAGE
2022-2024,MS49,4501641317,8,8455,845507,60,04-EXPL-DBC01,Débardage par câble,25//DB BO FEU FD CITEAUX P216,12,M3,354.02,2025-05-12,354.02,4248.24,385,DEBARDAGE
2022-2024,MS50,4700264087,9,8681,868104,10,04-EXPL-DBC01,Débardage par câble,Débardage par câble,30,M3,7500,2024-11-26,1500,45000,386,DEBARDAGE
2022-2024,MS50,4700264087,9,8681,868104,10,04-EXPL-DBC01,Débardage par câble,Débardage par câble,30,M3,7500,2025-01-15,1300,39000,387,DEBARDAGE
2022-2024,MS50,4700264087,9,8681,868104,10,04-EXPL-DBC01,Débardage par câble,Débardage par câble,30,M3,7500,2025-01-29,700,21000,388,DEBARDAGE
2022-2024,MS50,4700264087,9,8681,868104,10,04-EXPL-DBC01,Débardage par câble,Débardage par câble,30,M3,7500,2025-02-25,1500,45000,389,DEBARDAGE
2022-2024,MS50,4700264087,9,8681,868104,10,04-EXPL-DBC01,Débardage par câble,Débardage par câble,30,M3,7500,2025-03-14,500,15000,390,DEBARDAGE
2022-2024,MS50,4700264087,9,8681,868104,10,04-EXPL-DBC01,Débardage par câble,Débardage par câble,30,M3,7500,2025-03-18,1500,45000,391,DEBARDAGE
2022-2024,MS50,4700264087,9,8681,868104,10,04-EXPL-DBC01,Débardage par câble,Débardage par câble,30,M3,7500,2025-06-13,500,15000,392,DEBARDAGE
2022-2024,MS50,4700275471,9,8681,868104,20,04-EXPL-DBC01,Débardage par câble,FD La Croix Scaille8-9-11-12 DEB par CAB,30,M3,3000,2025-06-19,1000,30000,401,DEBARDAGE
2022-2024,MS51,4501625678,8,8440,844009,20,04-EXPL-DBC01,Débardage par câble,Débard câble FD LEVIER1J P 12-57,12,M3,871.227,2024-09-30,700,8400,404,DEBARDAGE
2022-2024,MS51,4501625678,8,8440,844009,20,04-EXPL-DBC01,Débardage par câble,Débard câble FD LEVIER1J P 12-57,12,M3,871.227,2024-10-15,171.227,2054.72,405,DEBARDAGE
2022-2024,MS52,4501634199,4,8805,880511,30,04-EXPL-DBC01,Débardage par câble,24-127 SEILLON-Débard tri & rangemt prod,18.2,M3,683.98,2025-03-18,683.98,12448.44,410,DEBARDAGE
2022-2024,MS55,4501637680,3,8535,853501,30,04-EXPL-DBC01,Débardage par câble,ODS2025/FON1 - CAB MAT - EU - P.3/4/7/10,17,M3,1532.16,2025-02-12,700,11900,415,DEBARDAGE
2022-2024,MS55,4501637680,3,8535,853501,30,04-EXPL-DBC01,Débardage par câble,ODS2025/FON1 - CAB MAT - EU - P.3/4/7/10,17,M3,1532.16,2025-05-26,832.16,14146.72,416,DEBARDAGE
2022-2024,MS57,4501640594,8,8415,841522,20,04-EXPL-DBC01,Débardage par câble,Débardage par câble - MS 57 FD CHAUX,13,M3,1400,2025-05-11,195,2535,424,DEBARDAGE
2022-2024,MS57,4501640594,8,8415,841522,20,04-EXPL-DBC01,Débardage par câble,Débardage par câble - MS 57 FD CHAUX,13,M3,1400,2025-05-20,160,2080,425,DEBARDAGE
2022-2024,MS57,4501640594,8,8415,841522,20,04-EXPL-DBC01,Débardage par câble,Débardage par câble - MS 57 FD CHAUX,13,M3,1400,2025-06-13,108,1404,426,DEBARDAGE
2022-2024,MS57,4501640594,8,8415,841522,40,04-EXPL-DBC01,Débardage par câble,Débardage câble Bois nrj  MS57 FDCHAUX,13,M3,1300,2025-05-11,150,1950,431,DEBARDAGE
2022-2024,MS57,4501640594,8,8415,841522,40,04-EXPL-DBC01,Débardage par câble,Débardage câble Bois nrj  MS57 FDCHAUX,13,M3,1300,2025-05-20,170,2210,432,DEBARDAGE
2022-2024,MS57,4501640594,8,8415,841522,70,04-EXPL-DBC01,Débardage par câble,Débardage par câble - MS 57 FD CHAUX,13,M3,440,2026-02-05,440,5720,438,DEBARDAGE
2022-2024,MS57,4501640594,8,8415,841522,80,04-EXPL-DBC01,Débardage par câble,Débardage câble Bois nrj  MS57 FDCHAUX,13,M3,320,2026-02-05,320,4160,439,DEBARDAGE
2022-2024,MS60,4700262980,2,8681,868113,10,04-EXPL-DBC01,Débardage par câble,FD Signy l'Abbaye 17-18-19 DEB CABLE,18,M3,1100,2024-12-05,500,9000,442,DEBARDAGE
2022-2024,MS60,4700262980,2,8681,868113,10,04-EXPL-DBC01,Débardage par câble,FD Signy l'Abbaye 17-18-19 DEB CABLE,18,M3,1100,2025-01-22,400,7200,443,DEBARDAGE
2022-2024,MS60,4700262980,2,8681,868113,10,04-EXPL-DBC01,Débardage par câble,FD Signy l'Abbaye 17-18-19 DEB CABLE,18,M3,1100,2025-02-25,200,3600,444,DEBARDAGE
2022-2024,MS60,4700262980,2,8681,868113,20,04-EXPL-DBC01,Débardage par câble,FD Signy l'Abbaye146-147-148-149-150-162,18,M3,1220,NA,NA,NA,445,DEBARDAGE
2022-2024,MS60,4700269232,2,8681,868113,10,04-EXPL-DBC01,Débardage par câble,FD Signy l'Abbaye 15-17-18-19,18,M3,1000,2025-03-04,693,12474,451,DEBARDAGE
2022-2024,MS60,4700269232,2,8681,868113,10,04-EXPL-DBC01,Débardage par câble,FD Signy l'Abbaye 15-17-18-19,18,M3,1000,2025-06-02,167,3006,452,DEBARDAGE
2022-2024,MS61,4501639634,8,8415,841522,20,04-EXPL-DBC01,Débardage par câble,Débardage par câble - MS 61 FD CHAUX,14,M3,1764,2024-11-28,250,3500,461,DEBARDAGE
2022-2024,MS61,4501639634,8,8415,841522,20,04-EXPL-DBC01,Débardage par câble,Débardage par câble - MS 61 FD CHAUX,14,M3,1764,2024-12-17,100,1400,462,DEBARDAGE
2022-2024,MS61,4501639634,8,8415,841522,20,04-EXPL-DBC01,Débardage par câble,Débardage par câble - MS 61 FD CHAUX,14,M3,1764,2025-02-03,240,3360,463,DEBARDAGE
2022-2024,MS61,4501639634,8,8415,841522,20,04-EXPL-DBC01,Débardage par câble,Débardage par câble - MS 61 FD CHAUX,14,M3,1764,2025-02-27,240,3360,464,DEBARDAGE
2022-2024,MS61,4501639634,8,8415,841522,20,04-EXPL-DBC01,Débardage par câble,Débardage par câble - MS 61 FD CHAUX,14,M3,1764,2025-05-20,400,5600,465,DEBARDAGE
2022-2024,MS61,4501639634,8,8415,841522,20,04-EXPL-DBC01,Débardage par câble,Débardage par câble - MS 61 FD CHAUX,14,M3,1764,2025-05-23,137,1918,466,DEBARDAGE
2022-2024,MS61,4501639634,8,8415,841522,20,04-EXPL-DBC01,Débardage par câble,Débardage par câble - MS 61 FD CHAUX,14,M3,1764,2025-10-03,397,5558,467,DEBARDAGE
2022-2024,MS61,4501639634,8,8415,841522,40,04-EXPL-DBC01,Débardage par câble,Débardage Câble Bois nrj- MS 61 FD CHAUX,14,M3,1240,2024-11-28,250,3500,472,DEBARDAGE
2022-2024,MS61,4501639634,8,8415,841522,40,04-EXPL-DBC01,Débardage par câble,Débardage Câble Bois nrj- MS 61 FD CHAUX,14,M3,1240,2024-12-17,200,2800,473,DEBARDAGE
2022-2024,MS61,4501639634,8,8415,841522,40,04-EXPL-DBC01,Débardage par câble,Débardage Câble Bois nrj- MS 61 FD CHAUX,14,M3,1240,2025-02-03,200,2800,474,DEBARDAGE
2022-2024,MS61,4501639634,8,8415,841522,40,04-EXPL-DBC01,Débardage par câble,Débardage Câble Bois nrj- MS 61 FD CHAUX,14,M3,1240,2025-02-27,190,2660,475,DEBARDAGE
2022-2024,MS61,4501639634,8,8415,841522,40,04-EXPL-DBC01,Débardage par câble,Débardage Câble Bois nrj- MS 61 FD CHAUX,14,M3,1240,2025-05-20,400,5600,476,DEBARDAGE
2025,MS1,4501667968,4,8835,883515,40,04-EXPL-DBC01,Débardage par câble,D.ECLACH C Débardage,8.5,M3,298,2025-04-28,262,2227,499,DEBARDAGE
2025,MS2,4501675539,4,8835,883509,40,04-EXPL-DBC01,Débardage par câble,"MEZENC 26 -Débardage, tri, reprise",20,M3,885.363,2025-07-21,650,13000,505,DEBARDAGE
2025,MS2,4501675539,4,8835,883509,40,04-EXPL-DBC01,Débardage par câble,"MEZENC 26 -Débardage, tri, reprise",20,M3,885.363,2025-12-11,235.363,4707.26,506,DEBARDAGE
2025,MS3,4501691097,4,8835,883509,40,04-EXPL-DBC01,Débardage par câble,"LANDRIAC 7 Débardage, tri, reprise",15,M3,470,2025-10-28,450,6750,510,DEBARDAGE
2025,MS4,4501695237,4,8345,834503,20,04-EXPL-DBC01,Débardage par câble,LARFEUIL P 68 E,22,M3,800,2026-01-19,800,17600,513,DEBARDAGE
2025,MS7,4501675578,11,8505,850510,50,04-EXPL-DBC01,Débardage par câble,"Débardage, tri, reprise - MS 7",14.5,M3,1000,2025-07-10,300,4350,527,DEBARDAGE
2025,MS7,4501675578,11,8505,850510,50,04-EXPL-DBC01,Débardage par câble,"Débardage, tri, reprise - MS 7",14.5,M3,1000,2025-09-02,700,10150,528,DEBARDAGE
2025,MS7,4501675578,11,8505,850510,140,04-EXPL-DBC01,Débardage par câble,"Débardage, tri, reprise - MS 7",14.5,M3,2385.35,2025-12-12,2385.35,34587.58,536,DEBARDAGE
2025,MS11,4501679242,8,8440,844001,20,04-EXPL-DBC01,Débardage par câble,Débardage-grumes rsx FC LA CHENALOTTE,21,M3,1400,2025-08-19,900,18900,541,DEBARDAGE
2025,MS11,4501679242,8,8440,844001,20,04-EXPL-DBC01,Débardage par câble,Débardage-grumes rsx FC LA CHENALOTTE,21,M3,1400,2025-09-22,430,9030,542,DEBARDAGE
2025,MS12,4501668554,8,8440,844001,20,04-EXPL-DBC01,Débardage par câble,Débard rep cable mat FC BERTHERLANGE P13,20,M3,641.5,2025-06-13,436,8720,549,DEBARDAGE
2025,MS12,4501668554,8,8440,844001,20,04-EXPL-DBC01,Débardage par câble,Débard rep cable mat FC BERTHERLANGE P13,20,M3,641.5,2025-09-22,205.5,4110,550,DEBARDAGE
2025,MS15_lot1,4700276485,1,8692,869206,30,04-EXPL-DBC01,Débardage par câble,Débardage par câble,20,M3,1350,2025-08-26,400,8000,563,DEBARDAGE
2025,MS15_lot1,4700276485,1,8692,869206,30,04-EXPL-DBC01,Débardage par câble,Débardage par câble,20,M3,1350,2025-10-16,400,8000,564,DEBARDAGE
2025,MS15_lot1,4700276485,1,8692,869206,30,04-EXPL-DBC01,Débardage par câble,Débardage par câble,20,M3,1350,2025-11-18,620.47,12409.4,565,DEBARDAGE
2025,MS15_lot1,4700276485,1,8692,869206,40,04-EXPL-DBC01,Débardage par câble,Débardage par câble,18,M3,500,2025-11-04,200,3600,566,DEBARDAGE
2025,MS15_lot1,4700276485,1,8692,869206,40,04-EXPL-DBC01,Débardage par câble,Débardage par câble,18,M3,500,2025-11-18,490.18,8823.24,567,DEBARDAGE
2025,MS15_lot2,4700276485,1,8692,869206,30,04-EXPL-DBC01,Débardage par câble,Débardage par câble,20,M3,1350,2025-08-26,400,8000,580,DEBARDAGE
2025,MS15_lot2,4700276485,1,8692,869206,30,04-EXPL-DBC01,Débardage par câble,Débardage par câble,20,M3,1350,2025-10-16,400,8000,581,DEBARDAGE
2025,MS15_lot2,4700276485,1,8692,869206,30,04-EXPL-DBC01,Débardage par câble,Débardage par câble,20,M3,1350,2025-11-18,620.47,12409.4,582,DEBARDAGE
2025,MS15_lot2,4700276485,1,8692,869206,40,04-EXPL-DBC01,Débardage par câble,Débardage par câble,18,M3,500,2025-11-04,200,3600,583,DEBARDAGE
2025,MS15_lot2,4700276485,1,8692,869206,40,04-EXPL-DBC01,Débardage par câble,Débardage par câble,18,M3,500,2025-11-18,490.18,8823.24,584,DEBARDAGE
2025,MS17,4501692460,12,8325,832503,40,04-EXPL-DBC01,Débardage par câble,LANDES DE LANVAUX P 32C-33C-34C-35C,29,M3,1735,2025-12-01,450,13050,599,DEBARDAGE
2025,MS17,4501692460,12,8325,832503,40,04-EXPL-DBC01,Débardage par câble,LANDES DE LANVAUX P 32C-33C-34C-35C,29,M3,1735,2026-02-04,450,13050,600,DEBARDAGE
2025,MS17,4501692460,12,8325,832503,40,04-EXPL-DBC01,Débardage par câble,LANDES DE LANVAUX P 32C-33C-34C-35C,29,M3,1735,2026-02-19,-450,-13050,601,DEBARDAGE
2025,MS18,4501675175,8,8440,844009,20,04-EXPL-DBC01,Débardage par câble,"Débardage, tri, reprise - FD LEVIER1J P6",12,M3,864.227,2025-07-16,864.227,10370.72,604,DEBARDAGE
2025,MS25,4501696228,1,8450,845009,20,04-EXPL-DBG01,Débardage de grumes,DB GR R FD AU-DUC P34,16,M3,1200,NA,NA,NA,620,DEBARDAGE
2025,MS30,4501697127,13,8682,868211,50,04-EXPL-DBC01,Débardage par câble,FDChêne à la Vierge P84.2-85.2-Déb câble,18,M3,1477,NA,NA,NA,631,DEBARDAGE
2025,MS32,4700288177,13,8681,868113,30,04-EXPL-DBC01,Débardage par câble,FD Signy l'Abbaye 146-147-148-149-150DEB,20,M3,1000,NA,NA,NA,634,DEBARDAGE
2025,MS40,4501694442,8,8415,841522,20,04-EXPL-DBC01,Débardage par câble,"Débardage, Gru Feuillus MS 40 FD CHAUX",16,M3,1330,NA,NA,NA,651,DEBARDAGE
2025,MS40,4501694442,8,8415,841522,40,04-EXPL-DBC01,Débardage par câble,"Débardage, tri - bois NRJ MS 40 FD CHAUX",16,M3,1030,NA,NA,NA,653,DEBARDAGE
2025,MS40,4501694442,8,8415,841522,60,04-EXPL-DBC01,Débardage par câble,"Débardage, tri MS 40 Feuill MS 40 FD CHA",16,M3,400,NA,NA,NA,655,DEBARDAGE
2025,MS40,4501694442,8,8415,841522,80,04-EXPL-DBC01,Débardage par câble,"Débardage,bois NRJ MS 40 FD CHAUX",16,M3,750,NA,NA,NA,657,DEBARDAGE
2025,MS42,4501694622,8,8455,845507,30,04-EXPL-DBC01,Débardage par câble,DB BO FEU FD CITEAUX P 292,16,M3,800,2025-12-01,800,12800,666,DEBARDAGE
2025,MS42,4501694622,8,8455,845507,60,04-EXPL-DBC01,Débardage par câble,26//DB BO FEU FD CITEAUX P 292,16,M3,350,2026-01-29,91.209,1459.34,669,DEBARDAGE
2025,MS44,4700280253,1,8670,867009,20,04-EXPL-DBC01,Débardage par câble,DEB FD GEHANT P.5/6,17,M3,1835,NA,NA,NA,671,DEBARDAGE
2025,MS47,4501705079,2,8805,880508,40,04-EXPL-DBCAB01,04-EXPL-DBCAB01,25-65 SEILLON V1-Débardage,18,M3E,583,NA,NA,NA,677,DEBARDAGE
2025,MS52,4700278659,7,8692,869202,20,04-EXPL-DBC01,Débardage par câble,Débardage par câble,20,M3,1400,NA,NA,NA,682,DEBARDAGE
2025,MS61,4501709948,4,8345,834504,30,04-EXPL-DBC01,Débardage par câble,GSF GENTIOUX P 1 B,20.5,M3,690,NA,NA,NA,687,DEBARDAGE
2022-2024,MS3,4501531192,1,8415,841522,40,04-EXPL-DBC01,Débardage par câble,Abattage grumes feuillus,13,M3,300.37,2023-01-19,170,2210,15,ABATTAGE
2022-2024,MS3,4501531192,1,8415,841522,40,04-EXPL-DBC01,Débardage par câble,Abattage grumes feuillus,13,M3,300.37,2023-04-14,77.18,1003.34,16,ABATTAGE
2022-2024,MS3,4501531192,1,8415,841522,40,04-EXPL-DBC01,Débardage par câble,Abattage grumes feuillus,13,M3,300.37,2023-05-02,53.19,691.47,17,ABATTAGE
2022-2024,MS3,4501531192,1,8415,841522,50,04-EXPL-DBC01,Débardage par câble,Abattage bois énergie,13,M3,110,2023-01-19,110,1430,18,ABATTAGE
2022-2024,MS4,4501554573,2,8455,845505,10,04-EXPL-AST01,Abattage-façonnage de grumes,AB BO RX FD SAULIEU,12,M3,800,2023-06-12,280,3360,27,ABATTAGE
2022-2024,MS4,4501554573,2,8455,845505,10,04-EXPL-AST01,Abattage-façonnage de grumes,AB BO RX FD SAULIEU,12,M3,800,2023-07-21,520,6240,28,ABATTAGE
2022-2024,MS5,4501548552,1,8455,845514,30,04-EXPL-AST01,Abattage-façonnage de grumes,AB BO RX FD ANOST,12,M3,612.3,2023-05-02,612.3,7347.6,35,ABATTAGE
2022-2024,MS5,4501548552,1,8455,845514,50,04-EXPL-AST01,Abattage-façonnage de grumes,AB BO RX FD ANOST,12,M3,57.8,2023-05-25,57.8,693.6,37,ABATTAGE
2022-2024,MS10_lot1,4501547859,3,8835,883505,30,04-EXPL-AST01,Abattage-façonnage de grumes,AYGUEBON 4U 7U - Abattage-façonnage,13,M3,3750,2023-04-24,1000,13000,45,ABATTAGE
2022-2024,MS10_lot1,4501547859,3,8835,883505,30,04-EXPL-AST01,Abattage-façonnage de grumes,AYGUEBON 4U 7U - Abattage-façonnage,13,M3,3750,2023-05-16,300,3900,46,ABATTAGE
2022-2024,MS10_lot1,4501547859,3,8835,883505,30,04-EXPL-AST01,Abattage-façonnage de grumes,AYGUEBON 4U 7U - Abattage-façonnage,13,M3,3750,2023-06-02,500,6500,47,ABATTAGE
2022-2024,MS10_lot1,4501547859,3,8835,883505,30,04-EXPL-AST01,Abattage-façonnage de grumes,AYGUEBON 4U 7U - Abattage-façonnage,13,M3,3750,2023-07-24,877.45,11406.85,48,ABATTAGE
2022-2024,MS10_lot2,4501547849,1,8835,883505,30,04-EXPL-AST01,Abattage-façonnage de grumes,AYGUEBON 4U 7U - Abattage,14,M3,3750,2023-05-02,400,5600,60,ABATTAGE
2022-2024,MS10_lot2,4501547849,1,8835,883505,30,04-EXPL-AST01,Abattage-façonnage de grumes,AYGUEBON 4U 7U - Abattage,14,M3,3750,2023-05-16,500,7000,61,ABATTAGE
2022-2024,MS10_lot2,4501547849,1,8835,883505,30,04-EXPL-AST01,Abattage-façonnage de grumes,AYGUEBON 4U 7U - Abattage,14,M3,3750,2023-06-02,600,8400,62,ABATTAGE
2022-2024,MS10_lot2,4501547849,1,8835,883505,30,04-EXPL-AST01,Abattage-façonnage de grumes,AYGUEBON 4U 7U - Abattage,14,M3,3750,2023-06-23,1000,14000,63,ABATTAGE
2022-2024,MS10_lot2,4501547849,1,8835,883505,30,04-EXPL-AST01,Abattage-façonnage de grumes,AYGUEBON 4U 7U - Abattage,14,M3,3750,2023-06-30,500,7000,64,ABATTAGE
2022-2024,MS10_lot2,4501547849,1,8835,883505,30,04-EXPL-AST01,Abattage-façonnage de grumes,AYGUEBON 4U 7U - Abattage,14,M3,3750,2023-07-24,750,10500,65,ABATTAGE
2022-2024,MS10_lot2,4501547849,1,8835,883505,50,04-EXPL-AST01,Abattage-façonnage de grumes,AYGUEBON 4U 7U - Abattage,14,M3,600,2023-07-24,600,8400,72,ABATTAGE
2022-2024,MS18,4700236917,1,8670,867009,10,04-EXPL-ABT00,"Abattage, façonnage (gén)",ABA FD SMB 159 153 154,12,M3,3026,2023-09-27,1300,15600,78,ABATTAGE
2022-2024,MS18,4700236917,1,8670,867009,10,04-EXPL-ABT00,"Abattage, façonnage (gén)",ABA FD SMB 159 153 154,12,M3,3026,2023-12-13,464.07,5568.84,79,ABATTAGE
2022-2024,MS18,4700236917,1,8670,867009,10,04-EXPL-ABT00,"Abattage, façonnage (gén)",ABA FD SMB 159 153 154,12,M3,3026,2024-02-21,40.3,483.6,80,ABATTAGE
2022-2024,MS18,4700236917,1,8670,867009,10,04-EXPL-ABT00,"Abattage, façonnage (gén)",ABA FD SMB 159 153 154,12,M3,3026,2024-08-13,1586.76,19041.12,81,ABATTAGE
2022-2024,MS18,4700236917,1,8670,867009,10,04-EXPL-ABT00,"Abattage, façonnage (gén)",ABA FD SMB 159 153 154,12,M3,6052,2024-08-14,-1221.63,-14659.56,82,ABATTAGE
2022-2024,MS18,4700236917,1,8670,867009,10,04-EXPL-ABT00,"Abattage, façonnage (gén)",ABA FD SMB 159 153 154,12,M3,3026,2024-09-26,385.98,4631.76,83,ABATTAGE
2022-2024,MS19_lot1,4501572577,3,8440,844009,10,04-EXPL-AST01,Abattage-façonnage de grumes,Abbatge-facon FD LEVIER1J P55,13,U,646.011,2023-12-14,646.011,8398.14,94,ABATTAGE
2022-2024,MS19_lot2,4501572572,3,8440,844009,10,04-EXPL-AST01,Abattage-façonnage de grumes,Abbatge-facon FD LEVIER3S P174,13,U,1491.37,2023-10-02,500,6500,98,ABATTAGE
2022-2024,MS19_lot2,4501572572,3,8440,844009,10,04-EXPL-AST01,Abattage-façonnage de grumes,Abbatge-facon FD LEVIER3S P174,13,U,1491.37,2023-10-30,400,5200,99,ABATTAGE
2022-2024,MS19_lot2,4501572572,3,8440,844009,10,04-EXPL-AST01,Abattage-façonnage de grumes,Abbatge-facon FD LEVIER3S P174,13,U,1491.37,2023-11-28,591.37,7687.81,100,ABATTAGE
2022-2024,MS20,4501619216,4,8835,883503,10,04-EXPL-AST01,Abattage-façonnage de grumes,STJULI63 Abattage-façonnage de grumes,5.5,M3,850,2024-06-17,500,2750,106,ABATTAGE
2022-2024,MS20,4501619216,4,8835,883503,10,04-EXPL-AST01,Abattage-façonnage de grumes,STJULI63 Abattage-façonnage de grumes,5.5,M3,850,2024-07-11,350,1925,107,ABATTAGE
2022-2024,MS20,4501625191,4,8835,883503,10,04-EXPL-AST01,Abattage-façonnage de grumes,STJULI63 Abattage-façonnage de grumes,5.5,M3,94,2024-07-25,94,517,112,ABATTAGE
2022-2024,MS21,4501617505,4,8835,883503,30,04-EXPL-AST01,Abattage-façonnage de grumes,GUERY 17 - Abattage-façonnage de grumes,13,M3,1800,2024-07-09,400,5200,117,ABATTAGE
2022-2024,MS21,4501617505,4,8835,883503,30,04-EXPL-AST01,Abattage-façonnage de grumes,GUERY 17 - Abattage-façonnage de grumes,13,M3,1800,2024-09-25,1053,13689,118,ABATTAGE
2022-2024,MS22,4501568088,3,8730,873012,10,04-EXPL-AST01,Abattage-façonnage de grumes,MS1 Abattage-façonnage,15,M3,750,2023-08-04,200,3000,121,ABATTAGE
2022-2024,MS22,4501568088,3,8730,873012,10,04-EXPL-AST01,Abattage-façonnage de grumes,MS1 Abattage-façonnage,15,M3,750,2023-09-11,300,4500,122,ABATTAGE
2022-2024,MS22,4501568088,3,8730,873012,10,04-EXPL-AST01,Abattage-façonnage de grumes,MS1 Abattage-façonnage,15,M3,750,2023-10-03,250,3750,123,ABATTAGE
2022-2024,MS22,4501592858,3,8730,873012,10,04-EXPL-AST01,Abattage-façonnage de grumes,MS1 Abattage-façonnage,15,M3,150,2024-01-22,150,2250,131,ABATTAGE
2022-2024,MS24_lot1,4501576333,2,8415,841522,10,04-EXPL-AST01,Abattage-façonnage de grumes,Abattage-façonnage de grumes,13,M3,858,2024-01-19,450,5850,144,ABATTAGE
2022-2024,MS24_lot1,4501576333,2,8415,841522,10,04-EXPL-AST01,Abattage-façonnage de grumes,Abattage-façonnage de grumes,13,M3,858,2024-02-08,400,5200,145,ABATTAGE
2022-2024,MS24_lot1,4501576333,2,8415,841522,10,04-EXPL-AST01,Abattage-façonnage de grumes,Abattage-façonnage de grumes,13,M3,858,2024-03-12,12,156,146,ABATTAGE
2022-2024,MS24_lot1,4501576333,2,8415,841522,10,04-EXPL-AST01,Abattage-façonnage de grumes,Abattage-façonnage de grumes,13,M3,1716,2024-03-13,-4,-52,147,ABATTAGE
2022-2024,MS24_lot1,4501576333,2,8415,841522,20,04-EXPL-AMI01,Abattage mécanisé de bois d'industrie,Abattage mécanisé de bois d'industrie,13,M3,104,2024-03-12,23,299,148,ABATTAGE
2022-2024,MS24_lot1,4501576333,2,8415,841522,20,04-EXPL-AMI01,Abattage mécanisé de bois d'industrie,Abattage mécanisé de bois d'industrie,13,M3,208,2024-03-13,81,1053,149,ABATTAGE
2022-2024,MS27,4501589705,4,8450,845009,50,04-EXPL-AST01,Abattage-façonnage de grumes,AB GR R FD BREUIL P50,7.5,M3,1305.24,2024-02-13,600,4500,179,ABATTAGE
2022-2024,MS27,4501589705,4,8450,845009,50,04-EXPL-AST01,Abattage-façonnage de grumes,AB GR R FD BREUIL P50,7.5,M3,1305.24,2024-02-29,400,3000,180,ABATTAGE
2022-2024,MS27,4501589705,4,8450,845009,50,04-EXPL-AST01,Abattage-façonnage de grumes,AB GR R FD BREUIL P50,7.5,M3,2610.48,2024-03-29,305.24,2289.31,181,ABATTAGE
2022-2024,MS29,4501583760,3,8425,842536,70,04-EXPL-AST01,Abattage-façonnage de grumes,Abattage-façonnage de grumes,11,M3,1023,2023-12-30,511,5621,191,ABATTAGE
2022-2024,MS29,4501583760,3,8425,842536,70,04-EXPL-AST01,Abattage-façonnage de grumes,Abattage-façonnage de grumes,11,M3,1023,2024-01-29,-511,-5621,192,ABATTAGE
2022-2024,MS29,4501583760,3,8425,842536,70,04-EXPL-AST01,Abattage-façonnage de grumes,Abattage-façonnage de grumes,11,M3,2046,2024-02-07,714.65,7861.15,193,ABATTAGE
2022-2024,MS29,4501583760,3,8425,842536,70,04-EXPL-AST01,Abattage-façonnage de grumes,Abattage-façonnage de grumes,11,M3,1023,2024-03-27,144.8,1592.8,194,ABATTAGE
2022-2024,MS30,4700246171,1,8693,869303,10,04-EXPL-AST01,Abattage-façonnage de grumes,Abattage-façonnage de grumes,8,M3,2000,2024-03-22,450,3600,203,ABATTAGE
2022-2024,MS30,4700246171,1,8693,869303,10,04-EXPL-AST01,Abattage-façonnage de grumes,Abattage-façonnage de grumes,8,M3,2000,2024-04-11,400,3200,204,ABATTAGE
2022-2024,MS30,4700246171,1,8693,869303,10,04-EXPL-AST01,Abattage-façonnage de grumes,Abattage-façonnage de grumes,8,M3,2000,2024-06-13,300,2400,205,ABATTAGE
2022-2024,MS30,4700246171,1,8693,869303,10,04-EXPL-AST01,Abattage-façonnage de grumes,Abattage-façonnage de grumes,8,M3,2000,2024-08-26,64,512,206,ABATTAGE
2022-2024,MS34,4501642127,4,8835,883505,30,04-EXPL-AST01,Abattage-façonnage de grumes,DEPFOSSA 5 - Abattage,16,M3,2000,2024-12-06,300,4800,256,ABATTAGE
2022-2024,MS34,4501642127,4,8835,883505,30,04-EXPL-AST01,Abattage-façonnage de grumes,DEPFOSSA 5 - Abattage,16,M3,2000,2025-07-31,500,8000,257,ABATTAGE
2022-2024,MS34,4501642127,4,8835,883505,30,04-EXPL-AST01,Abattage-façonnage de grumes,DEPFOSSA 5 - Abattage,16,M3,2000,2025-09-11,300,4800,258,ABATTAGE
2022-2024,MS34,4501642127,4,8835,883505,30,04-EXPL-AST01,Abattage-façonnage de grumes,DEPFOSSA 5 - Abattage,16,M3,2000,2025-11-18,400,6400,259,ABATTAGE
2022-2024,MS37_lot1,4501611621,1,8455,845514,30,04-EXPL-AST01,Abattage-façonnage de grumes,AB BO RX FD ST PRIX P 67,13.5,M3,670,2024-06-10,200,2700,282,ABATTAGE
2022-2024,MS37_lot1,4501611621,1,8455,845514,30,04-EXPL-AST01,Abattage-façonnage de grumes,AB BO RX FD ST PRIX P 67,13.5,M3,670,2024-07-11,470,6345,283,ABATTAGE
2022-2024,MS37_lot1,4501611621,1,8455,845514,50,04-EXPL-AST01,Abattage-façonnage de grumes,AB BI RX FD ST PRIX P67,13.5,STR,1713,2024-06-10,350,4725,286,ABATTAGE
2022-2024,MS37_lot1,4501611621,1,8455,845514,50,04-EXPL-AST01,Abattage-façonnage de grumes,AB BI RX FD ST PRIX P67,13.5,STR,1713,2024-07-11,1363,18400.5,287,ABATTAGE
2022-2024,MS37_lot1,4501611621,1,8455,845514,70,04-EXPL-AST01,Abattage-façonnage de grumes,AB BO RX FD ST PRIX P 95,17,M3,127,2024-05-15,127,2159,290,ABATTAGE
2022-2024,MS37_lot1,4501611621,1,8455,845514,90,04-EXPL-AST01,Abattage-façonnage de grumes,AB BI RX FD ST PRIX P95,17,STR,138,2024-05-15,138,2346,292,ABATTAGE
2022-2024,MS37_lot2,4501611621,1,8455,845514,30,04-EXPL-AST01,Abattage-façonnage de grumes,AB BO RX FD ST PRIX P 67,13.5,M3,670,2024-06-10,200,2700,298,ABATTAGE
2022-2024,MS37_lot2,4501611621,1,8455,845514,30,04-EXPL-AST01,Abattage-façonnage de grumes,AB BO RX FD ST PRIX P 67,13.5,M3,670,2024-07-11,470,6345,299,ABATTAGE
2022-2024,MS37_lot2,4501611621,1,8455,845514,50,04-EXPL-AST01,Abattage-façonnage de grumes,AB BI RX FD ST PRIX P67,13.5,STR,1713,2024-06-10,350,4725,302,ABATTAGE
2022-2024,MS37_lot2,4501611621,1,8455,845514,50,04-EXPL-AST01,Abattage-façonnage de grumes,AB BI RX FD ST PRIX P67,13.5,STR,1713,2024-07-11,1363,18400.5,303,ABATTAGE
2022-2024,MS37_lot2,4501611621,1,8455,845514,70,04-EXPL-AST01,Abattage-façonnage de grumes,AB BO RX FD ST PRIX P 95,17,M3,127,2024-05-15,127,2159,306,ABATTAGE
2022-2024,MS37_lot2,4501611621,1,8455,845514,90,04-EXPL-AST01,Abattage-façonnage de grumes,AB BI RX FD ST PRIX P95,17,STR,138,2024-05-15,138,2346,308,ABATTAGE
2022-2024,MS40,4700274497,7,8670,867006,10,04-EXPL-ABT00,"Abattage, façonnage (gén)",ABA FD MOYENMOUTIER P.63,21.5,M3,760,2025-09-25,670,14405,316,ABATTAGE
2022-2024,MS40,4700274497,7,8670,867006,10,04-EXPL-ABT00,"Abattage, façonnage (gén)",ABA FD MOYENMOUTIER P.63,21.5,M3,760,2025-11-13,250.33,5382.1,317,ABATTAGE
2022-2024,MS44,4501605994,3,8770,877000,30,04-EXPL-AST01,Abattage-façonnage de grumes,C_2024_JMO_01,12,M3,430,2024-05-02,280,3360,335,ABATTAGE
2022-2024,MS44,4501605994,3,8770,877000,30,04-EXPL-AST01,Abattage-façonnage de grumes,C_2024_JMO_01,12,M3,430,2024-06-18,150,1800,336,ABATTAGE
2022-2024,MS45,4501634356,1,8455,845514,30,04-EXPL-AST01,Abattage-façonnage de grumes,AB BO RX FD PLANOISE 58 59 67 73,8,M3,1251,2024-10-14,500,4000,342,ABATTAGE
2022-2024,MS45,4501634356,1,8455,845514,30,04-EXPL-AST01,Abattage-façonnage de grumes,AB BO RX FD PLANOISE 58 59 67 73,8,M3,1251,2024-11-08,300,2400,343,ABATTAGE
2022-2024,MS45,4501634356,1,8455,845514,30,04-EXPL-AST01,Abattage-façonnage de grumes,AB BO RX FD PLANOISE 58 59 67 73,8,M3,1251,2024-12-13,451,3608,344,ABATTAGE
2022-2024,MS45,4501634356,1,8455,845514,50,04-EXPL-AST01,Abattage-façonnage de grumes,AB BI RX FD PLANOISE 58 59 67 73,11.1,STR,300,2024-10-14,200,2220,348,ABATTAGE
2022-2024,MS45,4501634356,1,8455,845514,50,04-EXPL-AST01,Abattage-façonnage de grumes,AB BI RX FD PLANOISE 58 59 67 73,11.1,STR,300,2024-11-08,100,1110,349,ABATTAGE
2022-2024,MS46,4501671426,2,8735,873505,30,000000000001000383,$ Abattage-Bûcheronnage-Façonnage,Abattage - façonnage - cubage,15,M3,3840,2025-05-27,430,6450,356,ABATTAGE
2022-2024,MS46,4501671426,2,8735,873505,30,000000000001000383,$ Abattage-Bûcheronnage-Façonnage,Abattage - façonnage - cubage,15,M3,3840,2025-06-25,400,6000,357,ABATTAGE
2022-2024,MS46,4501671426,2,8735,873505,30,000000000001000383,$ Abattage-Bûcheronnage-Façonnage,Abattage - façonnage - cubage,15,M3,5760,2025-08-28,636.6,9549,358,ABATTAGE
2022-2024,MS49,4501641317,8,8455,845507,30,04-EXPL-AST01,Abattage-façonnage de grumes,25//AB BO FEU FD CITEAUX P135,12,M3,510.565,2025-02-26,460,5520,379,ABATTAGE
2022-2024,MS49,4501641317,8,8455,845507,30,04-EXPL-AST01,Abattage-façonnage de grumes,25//AB BO FEU FD CITEAUX P135,12,M3,510.565,2025-05-12,50.565,606.78,380,ABATTAGE
2022-2024,MS49,4501641317,8,8455,845507,50,04-EXPL-AST01,Abattage-façonnage de grumes,25//AB BO FEU FD CITEAUX P216,12,M3,354.02,2025-03-19,260,3120,383,ABATTAGE
2022-2024,MS49,4501641317,8,8455,845507,50,04-EXPL-AST01,Abattage-façonnage de grumes,25//AB BO FEU FD CITEAUX P216,12,M3,354.02,2025-05-12,94.02,1128.24,384,ABATTAGE
2022-2024,MS50,4700264087,9,8681,868104,20,04-EXPL-ABT00,"Abattage, façonnage (gén)","Abattage, façonnage (gén)",10,M3,7500,2024-11-26,1500,15000,393,ABATTAGE
2022-2024,MS50,4700264087,9,8681,868104,20,04-EXPL-ABT00,"Abattage, façonnage (gén)","Abattage, façonnage (gén)",10,M3,7500,2025-01-15,1300,13000,394,ABATTAGE
2022-2024,MS50,4700264087,9,8681,868104,20,04-EXPL-ABT00,"Abattage, façonnage (gén)","Abattage, façonnage (gén)",10,M3,7500,2025-01-29,700,7000,395,ABATTAGE
2022-2024,MS50,4700264087,9,8681,868104,20,04-EXPL-ABT00,"Abattage, façonnage (gén)","Abattage, façonnage (gén)",10,M3,7500,2025-02-25,1500,15000,396,ABATTAGE
2022-2024,MS50,4700264087,9,8681,868104,20,04-EXPL-ABT00,"Abattage, façonnage (gén)","Abattage, façonnage (gén)",10,M3,7500,2025-03-14,500,5000,397,ABATTAGE
2022-2024,MS50,4700264087,9,8681,868104,20,04-EXPL-ABT00,"Abattage, façonnage (gén)","Abattage, façonnage (gén)",10,M3,7500,2025-03-18,1500,15000,398,ABATTAGE
2022-2024,MS50,4700264087,9,8681,868104,20,04-EXPL-ABT00,"Abattage, façonnage (gén)","Abattage, façonnage (gén)",10,M3,7500,2025-06-13,500,5000,399,ABATTAGE
2022-2024,MS50,4700275471,9,8681,868104,10,04-EXPL-ABT00,"Abattage, façonnage (gén)",FD La Croix Scaille 8-9-11-12 ABA FAC,10,M3,3000,2025-06-19,1000,10000,400,ABATTAGE
2022-2024,MS51,4501625678,8,8440,844009,10,04-EXPL-AST01,Abattage-façonnage de grumes,Abat-faç grumes FD LEVIER1J P 12-57,15,M3,871.227,2024-09-30,700,10500,402,ABATTAGE
2022-2024,MS51,4501625678,8,8440,844009,10,04-EXPL-AST01,Abattage-façonnage de grumes,Abat-faç grumes FD LEVIER1J P 12-57,15,M3,871.227,2024-10-15,171.227,2568.41,403,ABATTAGE
2022-2024,MS55,4501637680,3,8535,853501,40,04-EXPL-ABT00,"Abattage, façonnage (gén)",ODS2025/FON1 - EU - P. 7 & 10,11.3,M3,826.79,2025-04-09,350,3955,417,ABATTAGE
2022-2024,MS55,4501637680,3,8535,853501,40,04-EXPL-ABT00,"Abattage, façonnage (gén)",ODS2025/FON1 - EU - P. 7 & 10,11.3,M3,826.79,2025-05-26,476.79,5387.73,418,ABATTAGE
2022-2024,MS57,4501640594,8,8415,841522,10,04-EXPL-AST01,Abattage-façonnage de grumes,Abattage-façon grumes feuill MS57 FDCHAU,14,M3,1400,2025-05-11,195,2730,419,ABATTAGE
2022-2024,MS57,4501640594,8,8415,841522,10,04-EXPL-AST01,Abattage-façonnage de grumes,Abattage-façon grumes feuill MS57 FDCHAU,14,M3,1400,2025-05-20,160,2240,420,ABATTAGE
2022-2024,MS57,4501640594,8,8415,841522,10,04-EXPL-AST01,Abattage-façonnage de grumes,Abattage-façon grumes feuill MS57 FDCHAU,14,M3,1400,2025-06-13,108,1512,421,ABATTAGE
2022-2024,MS57,4501640594,8,8415,841522,10,04-EXPL-AST01,Abattage-façonnage de grumes,Abattage-façon grumes feuill MS57 FDCHAU,14,M3,1400,2025-12-15,440,6160,422,ABATTAGE
2022-2024,MS57,4501640594,8,8415,841522,10,04-EXPL-AST01,Abattage-façonnage de grumes,Abattage-façon grumes feuill MS57 FDCHAU,14,M3,1400,2025-12-22,130,1820,423,ABATTAGE
2022-2024,MS57,4501640594,8,8415,841522,30,04-EXPL-AST01,Abattage-façonnage de grumes,Abattage-façonnage Bois nrj  MS57 FDCHAU,14,M3,1300,2025-05-11,150,2100,427,ABATTAGE
2022-2024,MS57,4501640594,8,8415,841522,30,04-EXPL-AST01,Abattage-façonnage de grumes,Abattage-façonnage Bois nrj  MS57 FDCHAU,14,M3,1300,2025-05-20,170,2380,428,ABATTAGE
2022-2024,MS57,4501640594,8,8415,841522,30,04-EXPL-AST01,Abattage-façonnage de grumes,Abattage-façonnage Bois nrj  MS57 FDCHAU,14,M3,1300,2025-12-15,320,4480,429,ABATTAGE
2022-2024,MS57,4501640594,8,8415,841522,30,04-EXPL-AST01,Abattage-façonnage de grumes,Abattage-façonnage Bois nrj  MS57 FDCHAU,14,M3,1300,2025-12-22,220,3080,430,ABATTAGE
2022-2024,MS61,4501639634,8,8415,841522,10,04-EXPL-AST01,Abattage-façonnage de grumes,Abattage-façonnage grumes MS 61 FD CHAUX,16,M3,1764,2024-11-28,250,4000,455,ABATTAGE
2022-2024,MS61,4501639634,8,8415,841522,10,04-EXPL-AST01,Abattage-façonnage de grumes,Abattage-façonnage grumes MS 61 FD CHAUX,16,M3,1764,2024-12-17,260,4160,456,ABATTAGE
2022-2024,MS61,4501639634,8,8415,841522,10,04-EXPL-AST01,Abattage-façonnage de grumes,Abattage-façonnage grumes MS 61 FD CHAUX,16,M3,1764,2025-02-03,320,5120,457,ABATTAGE
2022-2024,MS61,4501639634,8,8415,841522,10,04-EXPL-AST01,Abattage-façonnage de grumes,Abattage-façonnage grumes MS 61 FD CHAUX,16,M3,1764,2025-04-03,400,6400,458,ABATTAGE
2022-2024,MS61,4501639634,8,8415,841522,10,04-EXPL-AST01,Abattage-façonnage de grumes,Abattage-façonnage grumes MS 61 FD CHAUX,16,M3,1764,2025-05-23,137,2192,459,ABATTAGE
2022-2024,MS61,4501639634,8,8415,841522,10,04-EXPL-AST01,Abattage-façonnage de grumes,Abattage-façonnage grumes MS 61 FD CHAUX,16,M3,1764,2025-10-03,397,6352,460,ABATTAGE
2022-2024,MS61,4501639634,8,8415,841522,30,04-EXPL-AST01,Abattage-façonnage de grumes,Abattage-façonn Bois nrj- MS 61 FD CHAUX,16,M3,1240,2024-11-28,250,4000,468,ABATTAGE
2022-2024,MS61,4501639634,8,8415,841522,30,04-EXPL-AST01,Abattage-façonnage de grumes,Abattage-façonn Bois nrj- MS 61 FD CHAUX,16,M3,1240,2024-12-17,330,5280,469,ABATTAGE
2022-2024,MS61,4501639634,8,8415,841522,30,04-EXPL-AST01,Abattage-façonnage de grumes,Abattage-façonn Bois nrj- MS 61 FD CHAUX,16,M3,1240,2025-02-03,260,4160,470,ABATTAGE
2022-2024,MS61,4501639634,8,8415,841522,30,04-EXPL-AST01,Abattage-façonnage de grumes,Abattage-façonn Bois nrj- MS 61 FD CHAUX,16,M3,1240,2025-04-03,400,6400,471,ABATTAGE
2025,MS1,4501667968,4,8835,883515,30,04-EXPL-AST01,Abattage-façonnage de grumes,D.ECLACH C Abattage,19.5,M3,298,2025-04-28,262,5109,498,ABATTAGE
2025,MS2,4501675539,4,8835,883509,30,04-EXPL-AST01,Abattage-façonnage de grumes,MEZENC 26 -Abattage-façonnage-cubage,13.4,M3,885.363,2025-07-01,500,6700,502,ABATTAGE
2025,MS2,4501675539,4,8835,883509,30,04-EXPL-AST01,Abattage-façonnage de grumes,MEZENC 26 -Abattage-façonnage-cubage,13.4,M3,885.363,2025-07-21,150,2010,503,ABATTAGE
2025,MS2,4501675539,4,8835,883509,30,04-EXPL-AST01,Abattage-façonnage de grumes,MEZENC 26 -Abattage-façonnage-cubage,13.4,M3,885.363,2025-12-11,235.363,3153.86,504,ABATTAGE
2025,MS3,4501691097,4,8835,883509,30,04-EXPL-AST01,Abattage-façonnage de grumes,LANDRIAC 7 Abattage-façonnage-cubage,5.5,M3,470,2025-10-28,450,2475,509,ABATTAGE
2025,MS4,4501695237,4,8345,834503,10,04-EXPL-AST01,Abattage-façonnage de grumes,LARFEUIL P 68 E,9,M3,1200,2026-01-19,1200,10800,512,ABATTAGE
2025,MS7,4501675578,11,8505,850510,40,04-EXPL-AST01,Abattage-façonnage de grumes,Abattage-façonnage-cubage - MS 7,13,M3,1000,2025-07-10,300,3900,525,ABATTAGE
2025,MS7,4501675578,11,8505,850510,40,04-EXPL-AST01,Abattage-façonnage de grumes,Abattage-façonnage-cubage - MS 7,13,M3,1000,2025-09-02,700,9100,526,ABATTAGE
2025,MS7,4501675578,11,8505,850510,100,04-EXPL-AST01,Abattage-façonnage de grumes,Abattage-façonnage-cubage - MS 7,13,M3,600,2025-11-06,600,7800,532,ABATTAGE
2025,MS7,4501675578,11,8505,850510,130,04-EXPL-AST01,Abattage-façonnage de grumes,Abattage-façonnage-cubage - MS 7,13,M3,2385.35,2025-12-12,2385.35,31009.55,535,ABATTAGE
2025,MS11,4501679242,8,8440,844001,10,04-EXPL-AST01,Abattage-façonnage de grumes,Abat fac grumes rsx FC LA CHENALOTTE,8,M3,1400,2025-08-19,900,7200,539,ABATTAGE
2025,MS11,4501679242,8,8440,844001,10,04-EXPL-AST01,Abattage-façonnage de grumes,Abat fac grumes rsx FC LA CHENALOTTE,8,M3,1400,2025-09-22,430,3440,540,ABATTAGE
2025,MS12,4501668554,8,8440,844001,10,04-EXPL-AST01,Abattage-façonnage de grumes,Abattage-rsx FC BERTHELANGE P13-14,8.5,M3,641.5,2025-06-13,436,3706,547,ABATTAGE
2025,MS12,4501668554,8,8440,844001,10,04-EXPL-AST01,Abattage-façonnage de grumes,Abattage-rsx FC BERTHELANGE P13-14,8.5,M3,641.5,2025-09-22,205.5,1746.75,548,ABATTAGE
2025,MS17,4501692460,12,8325,832503,30,04-EXPL-AST01,Abattage-façonnage de grumes,LANDES DE LANVAUX P 32C-33C-34C-35C,9,M3,1735,2025-12-01,450,4050,596,ABATTAGE
2025,MS17,4501692460,12,8325,832503,30,04-EXPL-AST01,Abattage-façonnage de grumes,LANDES DE LANVAUX P 32C-33C-34C-35C,9,M3,1735,2026-02-04,450,4050,597,ABATTAGE
2025,MS17,4501692460,12,8325,832503,30,04-EXPL-AST01,Abattage-façonnage de grumes,LANDES DE LANVAUX P 32C-33C-34C-35C,9,M3,1735,2026-02-19,-450,-4050,598,ABATTAGE
2025,MS18,4501675175,8,8440,844008,10,04-EXPL-AST01,Abattage-façonnage de grumes,Abattage-façonnage- - FD LEVIERJ P66,14,M3,864.227,2025-06-23,400,5600,602,ABATTAGE
2025,MS18,4501675175,8,8440,844008,10,04-EXPL-AST01,Abattage-façonnage de grumes,Abattage-façonnage- - FD LEVIERJ P66,14,M3,864.227,2025-07-16,464.227,6499.18,603,ABATTAGE
2025,MS30,4501697127,13,8682,868211,40,04-EXPL-AST01,Abattage-façonnage de grumes,FDChêne à la Vierge P84.2-85.2-AbaFacBO,9.5,M3,1477,NA,NA,NA,630,ABATTAGE
2025,MS40,4501694442,8,8415,841522,10,04-EXPL-AST01,Abattage-façonnage de grumes,Abattage-façon Gru Feuillus MS 40 FD CHA,13,M3,1330,NA,NA,NA,650,ABATTAGE
2025,MS40,4501694442,8,8415,841522,30,04-EXPL-AST01,Abattage-façonnage de grumes,Abattage-faço bois NRJ MS 40 FD CHAUX,13,M3,1030,NA,NA,NA,652,ABATTAGE
2025,MS40,4501694442,8,8415,841522,50,04-EXPL-AST01,Abattage-façonnage de grumes,Abattage-façon MS 40 Feuill MS 40 FD CHA,13,M3,400,NA,NA,NA,654,ABATTAGE
2025,MS40,4501694442,8,8415,841522,70,04-EXPL-AST01,Abattage-façonnage de grumes,Abattage-façon bois NRJ MS 40 FD CHAUX,13,M3,750,NA,NA,NA,656,ABATTAGE
2025,MS42,4501694622,8,8455,845507,20,04-EXPL-AST01,Abattage-façonnage de grumes,AB BO FEU FD CITEAUX P 292,14,M3,800,2025-11-17,750,10500,664,ABATTAGE
2025,MS42,4501694622,8,8455,845507,20,04-EXPL-AST01,Abattage-façonnage de grumes,AB BO FEU FD CITEAUX P 292,14,M3,800,2025-12-01,50,700,665,ABATTAGE
2025,MS42,4501694622,8,8455,845507,50,04-EXPL-AST01,Abattage-façonnage de grumes,26//AB BO FEU FD CITEAUX P 292,14,M3,350,2026-01-29,91.209,1276.93,668,ABATTAGE
2025,MS47,4501705079,2,8805,880508,30,04-EXPL-ABMAN01,04-EXPL-ABMAN01,25-65 SEILLON V1-Abattage,12,M3E,583,2026-01-20,250,3000,676,ABATTAGE
2025,MS61,4501709948,4,8345,834504,20,04-EXPL-AST01,Abattage-façonnage de grumes,GSF GENTIOUX P 1 B,10,M3,690,2026-02-11,500,5000,686,ABATTAGE
2025,MS15_lot1,4700276485,1,8692,869206,10,04-EXPL-CAB01,"Câblage, désencr. bois en cours d'expl.","Câblage, désencr. bois en cours d'expl.",13,M3,1350,26-08-20,400,5200,NA,ABATTAGE
2025,MS15_lot1,4700276485,1,8692,869206,10,04-EXPL-CAB01,"Câblage, désencr. bois en cours d'expl.","Câblage, désencr. bois en cours d'expl.",13,M3,1350,16-10-20,400,5200,NA,ABATTAGE
2025,MS15_lot1,4700276485,1,8692,869206,10,04-EXPL-CAB01,"Câblage, désencr. bois en cours d'expl.","Câblage, désencr. bois en cours d'expl.",13,M3,1350,18-11-20,62047,806611,NA,ABATTAGE
2025,MS15_lot1,4700276485,1,8692,869206,20,04-EXPL-CAB01,"Câblage, désencr. bois en cours d'expl.","Câblage, désencr. bois en cours d'expl.",16,M3,500,4-11-20,200,3200,NA,ABATTAGE
2025,MS15_lot1,4700276485,1,8692,869206,20,04-EXPL-CAB01,"Câblage, désencr. bois en cours d'expl.","Câblage, désencr. bois en cours d'expl.",16,M3,500,18-11-20,49018,784288,NA,ABATTAGE
2025,MS15_lot2,4700276485,1,8692,869206,10,04-EXPL-CAB01,"Câblage, désencr. bois en cours d'expl.","Câblage, désencr. bois en cours d'expl.",13,M3,1350,26-08-20,400,5200,NA,ABATTAGE
2025,MS15_lot2,4700276485,1,8692,869206,10,04-EXPL-CAB01,"Câblage, désencr. bois en cours d'expl.","Câblage, désencr. bois en cours d'expl.",13,M3,1350,16-10-20,400,5200,NA,ABATTAGE
2025,MS15_lot2,4700276485,1,8692,869206,10,04-EXPL-CAB01,"Câblage, désencr. bois en cours d'expl.","Câblage, désencr. bois en cours d'expl.",13,M3,1350,18-11-20,62047,806611,NA,ABATTAGE
2025,MS15_lot2,4700276485,1,8692,869206,20,04-EXPL-CAB01,"Câblage, désencr. bois en cours d'expl.","Câblage, désencr. bois en cours d'expl.",16,M3,500,4-11-20,200,3200,NA,ABATTAGE
2025,MS15_lot2,4700276485,1,8692,869206,20,04-EXPL-CAB01,"Câblage, désencr. bois en cours d'expl.","Câblage, désencr. bois en cours d'expl.",16,M3,500,18-11-20,49018,784288,NA,ABATTAGE
2022-2024,MS26,4700246103,5,8693,869317,10,04-EXPL-AST01,Abattage-façonnage de grumes,Abattage-façonnage de grumes,15,M3,1290,2024-03-27,200,3000,169,ABATTAGE
2022-2024,MS26,4700246103,5,8693,869317,10,04-EXPL-AST01,Abattage-façonnage de grumes,Abattage-façonnage de grumes,15,M3,1290,2024-04-30,504,7560,170,ABATTAGE
2022-2024,MS26,4700246103,5,8693,869317,10,04-EXPL-AST01,Abattage-façonnage de grumes,Abattage-façonnage de grumes,15,M3,1290,2024-11-20,76,1140,171,ABATTAGE
2022-2024,MS31_lot1,4501588924,6,8320,832009,10,04-EXPL-AST01,Abattage-façonnage de grumes,GAVRE P 33-89-98,23,M3,121.861,2024-02-21,121.861,2802.8,215,ABADEB
2022-2024,MS31_lot1,4501588924,6,8320,832009,20,04-EXPL-AST01,Abattage-façonnage de grumes,GAVRE P 33-89-98,25,M3,791.935,2024-02-21,614.935,15373.38,216,ABADEB
2022-2024,MS31_lot1,4501588924,6,8320,832009,20,04-EXPL-AST01,Abattage-façonnage de grumes,GAVRE P 33-89-98,25,M3,791.935,2024-03-13,177,4425,217,ABADEB
2022-2024,MS31_lot1,4501588924,6,8320,832009,30,04-EXPL-AST01,Abattage-façonnage de grumes,GAVRE P 33-89-98,25,M3,332.502,2024-02-21,303.976,7599.4,218,ABADEB
2022-2024,MS31_lot1,4501588924,6,8320,832009,30,04-EXPL-AST01,Abattage-façonnage de grumes,GAVRE P 33-89-98,25,M3,332.502,2024-03-13,28.526,713.15,219,ABADEB
2022-2024,MS31_lot2,4501588924,6,8320,832009,10,04-EXPL-AST01,Abattage-façonnage de grumes,GAVRE P 33-89-98,23,M3,121.861,2024-02-21,121.861,2802.8,224,ABADEB
2022-2024,MS31_lot2,4501588924,6,8320,832009,20,04-EXPL-AST01,Abattage-façonnage de grumes,GAVRE P 33-89-98,25,M3,791.935,2024-02-21,614.935,15373.38,225,ABADEB
2022-2024,MS31_lot2,4501588924,6,8320,832009,20,04-EXPL-AST01,Abattage-façonnage de grumes,GAVRE P 33-89-98,25,M3,791.935,2024-03-13,177,4425,226,ABADEB
2022-2024,MS31_lot2,4501588924,6,8320,832009,30,04-EXPL-AST01,Abattage-façonnage de grumes,GAVRE P 33-89-98,25,M3,332.502,2024-02-21,303.976,7599.4,227,ABADEB
2022-2024,MS31_lot2,4501588924,6,8320,832009,30,04-EXPL-AST01,Abattage-façonnage de grumes,GAVRE P 33-89-98,25,M3,332.502,2024-03-13,28.526,713.15,228,ABADEB
2022-2024,MS31_lot4,4501588924,6,8320,832009,10,04-EXPL-AST01,Abattage-façonnage de grumes,GAVRE P 33-89-98,23,M3,121.861,2024-02-21,121.861,2802.8,233,ABADEB
2022-2024,MS31_lot4,4501588924,6,8320,832009,20,04-EXPL-AST01,Abattage-façonnage de grumes,GAVRE P 33-89-98,25,M3,791.935,2024-02-21,614.935,15373.38,234,ABADEB
2022-2024,MS31_lot4,4501588924,6,8320,832009,20,04-EXPL-AST01,Abattage-façonnage de grumes,GAVRE P 33-89-98,25,M3,791.935,2024-03-13,177,4425,235,ABADEB
2022-2024,MS31_lot4,4501588924,6,8320,832009,30,04-EXPL-AST01,Abattage-façonnage de grumes,GAVRE P 33-89-98,25,M3,332.502,2024-02-21,303.976,7599.4,236,ABADEB
2022-2024,MS31_lot4,4501588924,6,8320,832009,30,04-EXPL-AST01,Abattage-façonnage de grumes,GAVRE P 33-89-98,25,M3,332.502,2024-03-13,28.526,713.15,237,ABADEB
2022-2024,MS32,4501585336,6,8320,832006,30,04-EXPL-AST01,Abattage-façonnage de grumes,MERVENT P 23,25,M3,960.101,2023-12-18,350,8750,245,ABADEB
2022-2024,MS32,4501585336,6,8320,832006,30,04-EXPL-AST01,Abattage-façonnage de grumes,MERVENT P 23,25,M3,960.101,2024-02-13,610.101,15252.53,246,ABADEB
2022-2024,MS47,4501611906,3,8845,884505,30,04-EXPL-AST01,Abattage-façonnage de grumes,GRAND ARC pcl 7 Abattage-façonnage,48,M3,1815.58,2024-05-24,65,3120,366,ABADEB
2022-2024,MS47,4501611906,3,8845,884505,30,04-EXPL-AST01,Abattage-façonnage de grumes,GRAND ARC pcl 7 Abattage-façonnage,48,M3,1815.58,2024-07-30,500,24000,367,ABADEB
2022-2024,MS47,4501611906,3,8845,884505,30,04-EXPL-AST01,Abattage-façonnage de grumes,GRAND ARC pcl 7 Abattage-façonnage,48,M3,1815.58,2024-10-21,200,9600,368,ABADEB
2022-2024,MS47,4501611906,3,8845,884505,30,04-EXPL-AST01,Abattage-façonnage de grumes,GRAND ARC pcl 7 Abattage-façonnage,48,M3,1815.58,2024-11-06,200,9600,369,ABADEB
2022-2024,MS47,4501611906,3,8845,884505,30,04-EXPL-AST01,Abattage-façonnage de grumes,GRAND ARC pcl 7 Abattage-façonnage,48,M3,1815.58,2025-01-20,850.58,40827.84,370,ABADEB
2025,MS14,4700283007,1,8693,869308,30,04-EXPL-AST01,Abattage-façonnage de grumes,Abattage-façonnage de grumes,37,M3,400,2025-12-15,365,13505,555,ABADEB
2025,MS38,4700285861,1,8683,868314,10,04-EXPL-ABMAN01,04-EXPL-ABMAN01,SIGFRA VIVEY p.3317 - ABA-DEB manuel,29,M3E,650,2025-12-19,100,2900,640,ABADEB
2025,MS20,4501670169,4,8835,883503,30,04-EXPL-AST01,Abattage-façonnage de grumes,GUERY 28 29 30 Abattage-façonnage-cubage,24,M3,950,2025-05-27,280,6720,611,ABADEB
2025,MS20,4501670169,4,8835,883503,30,04-EXPL-AST01,Abattage-façonnage de grumes,GUERY 28 29 30 Abattage-façonnage-cubage,24,M3,950,2025-06-06,320,7680,612,ABADEB
2025,MS20,4501670169,4,8835,883503,30,04-EXPL-AST01,Abattage-façonnage de grumes,GUERY 28 29 30 Abattage-façonnage-cubage,24,M3,950,2025-07-21,101.3,2431.2,613,ABADEB
2022-2024,MS41,4501649952,4,8345,834503,30,04-EXPL-AST01,Abattage-façonnage de grumes,LARFEUIL P 2E-3B-3E,28,M3,1734,2025-01-22,700,19600,325,ABADEB
2022-2024,MS41,4501649952,4,8345,834503,30,04-EXPL-AST01,Abattage-façonnage de grumes,LARFEUIL P 2E-3B-3E,28,M3,1734,2025-02-10,900,25200,326,ABADEB
2022-2024,MS41,4501649952,4,8345,834503,30,04-EXPL-AST01,Abattage-façonnage de grumes,LARFEUIL P 2E-3B-3E,28,M3,1734,2025-03-25,134,3752,327,ABADEB
2022-2024,MS64,4501658441,4,8835,883503,30,04-EXPL-AST01,Abattage-façonnage de grumes,GUERY 23 24 25 Abattage-façonnage grumes,25.5,M3,1300,2025-03-06,635.1,16195.05,491,ABADEB
2022-2024,MS64,4501658441,4,8835,883503,30,04-EXPL-AST01,Abattage-façonnage de grumes,GUERY 23 24 25 Abattage-façonnage grumes,25.5,M3,1300,2025-03-27,200,5100,492,ABADEB
2022-2024,MS64,4501658441,4,8835,883503,30,04-EXPL-AST01,Abattage-façonnage de grumes,GUERY 23 24 25 Abattage-façonnage grumes,25.5,M3,1300,2025-04-22,-270,-6885,493,ABADEB
2022-2024,MS64,4501658441,4,8835,883503,30,04-EXPL-AST01,Abattage-façonnage de grumes,GUERY 23 24 25 Abattage-façonnage grumes,25.5,M3,1300,2025-04-24,290.9,7417.95,494,ABADEB
2022-2024,MS64,4501658441,4,8835,883503,30,04-EXPL-AST01,Abattage-façonnage de grumes,GUERY 23 24 25 Abattage-façonnage grumes,25.5,M3,1300,2025-05-21,109,2779.5,495,ABADEB
2025,MS38,4700285861,1,8683,868314,10,04-EXPL-ABMAN01,04-EXPL-ABMAN01,SIGFRA VIVEY p.3317 - ABA-DEB manuel,29,M3E,650,2025-12-19,100,2900,640,ABADEB
2025,MS39,4700285887,1,8683,868314,10,04-EXPL-ABMAN01,04-EXPL-ABMAN01,SIGFRA VOISINES p.3410 - ABA manuel,30,M3E,168,NA,NA,NA,645,ABADEB
2022-2024,MS48,4501624641,4,8835,883508,30,04-EXPL-AST01,Abattage-façonnage de grumes,VERGONZA - battage-façonnage de grumes,19.5,M3,773.18,2024-09-16,773.18,15077.01,373,ABADEB
2022-2024,MS4,4501554573,2,8455,845505,40,04-EXPL-DBC02,Exploitation - Transfert matériel câble,FORFAIT TRANSFERT MATERIEL FD SAULIEU,3700,U,1,2023-06-12,1,3700,NA,TRANSFERT
2022-2024,MS5,4501548552,1,8455,845514,10,04-EXPL-DBC02,Exploitation - Transfert matériel câble,FORFAIT TRANSFERT MATERIEL FD ANOST,2000,U,1,2023-05-02,1,2000,NA,TRANSFERT
2022-2024,MS10_lot1,4501547859,3,8835,883505,10,04-EXPL-DBC02,Exploitation - Transfert matériel câble,AYGUEBON 4U 7U - Transfert mat câble,11000,U,1,2023-04-06,1,11000,NA,TRANSFERT
2022-2024,MS10_lot2,4501547849,1,8835,883505,10,04-EXPL-DBC02,Exploitation - Transfert matériel câble,AYGUEBON 4U 7U - Transfert Matériel,8000,/FO,1,2023-05-02,1,8000,NA,TRANSFERT
2022-2024,MS18,4700236917,1,8670,867009,40,04-EXPL-DBC02,Exploitation - Transfert matériel câble,Transfert mat. câble FD SMB 159 153 154,1000,U,1,2023-09-27,1,1000,NA,TRANSFERT
2022-2024,MS19_lot2,4501572572,3,8440,844009,30,04-EXPL-DBC02,Exploitation - Transfert matériel câble,Exploit - transfer mat câble FD LEVIER3,4500,U,0.5,2023-12-13,0.5,2250,NA,TRANSFERT
2022-2024,MS20,4501619216,4,8835,883503,40,04-EXPL-DBC02,Exploitation - Transfert matériel câble,STJULI63-Transfert matériel câble,1200,U,1,2024-07-11,1,1200,NA,TRANSFERT
2022-2024,MS21,4501617505,4,8835,883503,10,04-EXPL-DBC02,Exploitation - Transfert matériel câble,GUERY 17 - Transfert matériel câble,1200,U,1,2024-07-09,1,1200,NA,TRANSFERT
2022-2024,MS22,4501568088,3,8730,873012,30,04-EXPL-DBC02,Exploitation - Transfert matériel câble,MS8 Exploit - Transfert matériel câble,5500,U,1,2023-08-04,1,5500,NA,TRANSFERT
2022-2024,MS29,4501583760,3,8425,842536,100,04-EXPL-DBC02,Exploitation - Transfert matériel câble,MS1 Exploit - Transfert matériel câble,4000,U,1,2023-12-30,1,4000,NA,TRANSFERT
2022-2024,MS29,4501583760,3,8425,842536,100,04-EXPL-DBC02,Exploitation - Transfert matériel câble,MS1 Exploit - Transfert matériel câble,4000,U,1,2024-01-29,-1,-4000,NA,TRANSFERT
2022-2024,MS29,4501583760,3,8425,842536,100,04-EXPL-DBC02,Exploitation - Transfert matériel câble,MS1 Exploit - Transfert matériel câble,4000,U,1,2024-02-07,1,4000,NA,TRANSFERT
2022-2024,MS30,4700246171,1,8693,869303,40,04-EXPL-DBC02,Exploitation - Transfert matériel câble,Exploitation - Transfert matériel câble,6000,U,1,2024-03-22,1,6000,NA,TRANSFERT
2022-2024,MS31_lot1,4501588924,6,8320,832009,80,04-EXPL-DBC02,Exploitation - Transfert matériel câble,GAVRE P 33-89-98,7000,U,1,2024-03-13,1,7000,NA,TRANSFERT
2022-2024,MS31_lot2,4501588924,6,8320,832009,80,04-EXPL-DBC02,Exploitation - Transfert matériel câble,GAVRE P 33-89-98,7000,U,1,2024-03-13,1,7000,NA,TRANSFERT
2022-2024,MS31_lot4,4501588924,6,8320,832009,80,04-EXPL-DBC02,Exploitation - Transfert matériel câble,GAVRE P 33-89-98,7000,U,1,2024-03-13,1,7000,NA,TRANSFERT
2022-2024,MS32,4501585336,6,8320,832006,10,04-EXPL-DBC02,Exploitation - Transfert matériel câble,MERVENT P 23,7000,U,1,2023-12-18,1,7000,NA,TRANSFERT
2022-2024,MS33,4501591618,3,8515,851507,30,04-EXPL-DBC02,Exploitation - Transfert matériel câble,MS33 - Exploitation - Transfert matériel,4500,U,1,2024-03-04,1,4500,NA,TRANSFERT
2022-2024,MS34,4501642127,4,8835,883505,10,04-EXPL-DBC02,Exploitation - Transfert matériel câble,DEPFOSSA 5-Transfert matériel câble-MS34,8500,U,1,2024-12-06,1,8500,NA,TRANSFERT
2022-2024,MS35,4501599549,4,8345,834503,10,08-EXPL-TRANS00,Transfert matériel de chantier,FS VALADE ET LA CHANSELVE P 2-3,3000,U,1,2024-03-12,1,3000,NA,TRANSFERT
2022-2024,MS35,4501599549,4,8345,834503,10,08-EXPL-TRANS00,Transfert matériel de chantier,FS VALADE ET LA CHANSELVE P 2-3,3000,U,1,2024-03-18,-1,-3000,NA,TRANSFERT
2022-2024,MS35,4501599549,4,8345,834503,10,08-EXPL-TRANS00,Transfert matériel de chantier,FS VALADE ET LA CHANSELVE P 2-3,3000,U,1,2024-03-21,1,3000,NA,TRANSFERT
2022-2024,MS37_lot1,4501611621,1,8455,845514,10,04-EXPL-DBC02,Exploitation - Transfert matériel câble,FORFAIT TRANSFERT MATERIEL FD ST PRIX,7000,U,1,2024-06-10,1,7000,NA,TRANSFERT
2022-2024,MS37_lot2,4501611621,1,8455,845514,10,04-EXPL-DBC02,Exploitation - Transfert matériel câble,FORFAIT TRANSFERT MATERIEL FD ST PRIX,7000,U,1,2024-06-10,1,7000,NA,TRANSFERT
2022-2024,MS38,4501595952,3,8355,835509,30,08-EXPL-TRANS00,Transfert matériel de chantier,CHATEAUROUX P 221,4500,U,1,2024-02-20,1,4500,NA,TRANSFERT
2022-2024,MS41,4501649952,4,8345,834503,10,04-EXPL-DBC02,Exploitation - Transfert matériel câble,LARFEUIL P 2E-3B-3E,2000,U,1,2025-01-22,1,2000,NA,TRANSFERT
2022-2024,MS41,4501649952,4,8345,834503,40,04-EXPL-DBC02,Exploitation - Transfert matériel câble,LARFEUIL P 2E-3B-3E,3500,U,3,2025-08-01,1,2000,NA,TRANSFERT
2022-2024,MS41,4501649952,4,8345,834503,40,04-EXPL-DBC02,Exploitation - Transfert matériel câble,LARFEUIL P 2E-3B-3E,3500,U,3,2025-08-05,-1,-2000,NA,TRANSFERT
2022-2024,MS41,4501649952,4,8345,834503,40,04-EXPL-DBC02,Exploitation - Transfert matériel câble,LARFEUIL P 2E-3B-3E,3500,U,3,2025-08-07,3,10500,NA,TRANSFERT
2022-2024,MS44,4501605994,3,8770,877000,10,04-EXPL-DBC02,Exploitation - Transfert matériel câble,C_2024_JMO_01,2000,U,1,2024-05-02,1,2000,NA,TRANSFERT
2022-2024,MS45,4501634356,1,8455,845514,10,04-EXPL-DBC02,Exploitation - Transfert matériel câble,FORFAIT TRANSFERT MATERIEL FD PLANOISE,7000,U,1,2024-10-14,1,7000,NA,TRANSFERT
2022-2024,MS46,4501671426,2,8735,873505,10,000000000001000385,$ Tvx Forest Exploit divers,Transfert de matériel,1500,U,1,2025-05-27,1,1500,NA,TRANSFERT
2022-2024,MS47,4501611906,3,8845,884505,10,04-EXPL-DBC02,Exploitation - Transfert matériel câble,GRAND ARC pcl 7 Transfert matériel câble,10000,U,1,2024-05-24,1,10000,NA,TRANSFERT
2022-2024,MS48,4501624641,4,8835,883508,10,04-EXPL-DBC02,Exploitation - Transfert matériel câble,VERGONZA - Exploitation - Transfert MS48,4200,U,1,2024-09-16,1,4200,NA,TRANSFERT
2022-2024,MS49,4501641317,8,8455,845507,10,04-EXPL-DBC02,Exploitation - Transfert matériel câble,25//FORF.TRANSF. FD CITEAUX P135 ET 216,2100,U,1,2025-02-26,1,2100,NA,TRANSFERT
2022-2024,MS51,4501625678,8,8440,844009,40,04-EXPL-DBC02,Exploitation - Transfert matériel câble,Transfert matériel câble FD LEVIER1J P12,1200,U,1,2024-09-30,1,1200,NA,TRANSFERT
2022-2024,MS52,4501634199,4,8805,880509,10,04-EXPL-DBC02,Exploitation - Transfert matériel câble,24-127 SEILLON-Transfert matériel,3500,U,1,2025-02-20,1,3500,NA,TRANSFERT
2022-2024,MS55,4501637680,3,8535,853501,10,04-EXPL-DBC02,Exploitation - Transfert matériel câble,ODS2025/FON1 - CAB MAT - EU - P.3/4/7/10,8000,U,1,2024-12-16,1,8000,NA,TRANSFERT
2022-2024,MS57,4501640594,8,8415,841522,60,04-EXPL-DBC02,Exploitation - Transfert matériel câble,Explo - Transfert - MS 57 FD CHAUX,5000,U,1,NA,NA,NA,NA,TRANSFERT
2022-2024,MS60,4700262980,2,8681,868113,50,04-EXPL-DBC02,Exploitation - Transfert matériel câble,FD Signy l'Abbaye 17-18-19 EXP,6400,U,1,2024-12-05,1,6400,NA,TRANSFERT
2022-2024,MS60,4700262980,2,8681,868113,60,04-EXPL-DBC02,Exploitation - Transfert matériel câble,FD Signy l'Abbaye146-147-148-149-150-162,6400,U,1,NA,NA,NA,NA,TRANSFERT
2022-2024,MS60,4700269232,2,8681,868113,30,04-EXPL-DBC02,Exploitation - Transfert matériel câble,FD Signy l'Abbaye 15-17-18-19,6400,U,1,2025-03-04,1,6400,NA,TRANSFERT
2022-2024,MS61,4501639634,8,8415,841522,50,04-EXPL-DBC02,Exploitation - Transfert matériel câble,Explo - Transfert - MS 61 FD CHAUX,3000,U,1,2024-11-28,1,3000,NA,TRANSFERT
2022-2024,MS64,4501658441,4,8835,883503,10,04-EXPL-DBC02,Exploitation - Transfert matériel câble,GUERY 23 24 25 -Transfert matériel câble,1500,U,1,2025-03-27,1,1500,NA,TRANSFERT
2022-2024,MS64,4501658441,4,8835,883503,20,04-EXPL-DBC02,Exploitation - Transfert matériel câble,GUERY 23 24 25 Mont/démontage câble-MS41,1700,U,12,2025-03-06,1,1700,NA,TRANSFERT
2022-2024,MS64,4501658441,4,8835,883503,20,04-EXPL-DBC02,Exploitation - Transfert matériel câble,GUERY 23 24 25 Mont/démontage câble-MS41,1700,U,12,2025-03-27,5,8500,NA,TRANSFERT
2022-2024,MS64,4501658441,4,8835,883503,20,04-EXPL-DBC02,Exploitation - Transfert matériel câble,GUERY 23 24 25 Mont/démontage câble-MS41,1700,U,12,2025-04-04,2,3400,NA,TRANSFERT
2022-2024,MS64,4501658441,4,8835,883503,20,04-EXPL-DBC02,Exploitation - Transfert matériel câble,GUERY 23 24 25 Mont/démontage câble-MS41,1700,U,12,2025-04-24,4,6800,NA,TRANSFERT
2025,MS1,4501667968,4,8835,883515,10,04-EXPL-DBC02,Exploitation - Transfert matériel câble,D.ECLACH C Forfait transfert du matériel,247.5,U,2,2025-04-28,1,247.5,NA,TRANSFERT
2025,MS2,4501675539,4,8835,883509,10,04-EXPL-DBC02,Exploitation - Transfert matériel câble,MEZENC 26 -Forfait transfert du matériel,1980,U,1,2025-07-01,1,1980,NA,TRANSFERT
2025,MS3,4501691097,4,8835,883509,10,04-EXPL-DBC02,Exploitation - Transfert matériel câble,LANTRIAC 7 Forfait transfert du matériel,907,U,1,2025-10-28,1,907,NA,TRANSFERT
2025,MS3,4501691097,4,8835,883509,50,04-EXPL-DBC02,Exploitation - Transfert matériel câble,LANDRIAC 7 Forfait déplacement équipe,1410,U,1,2025-10-28,1,1410,NA,TRANSFERT
2025,MS7,4501675578,11,8505,850510,10,04-EXPL-DBC02,Exploitation - Transfert matériel câble,Forfait transfert matériel - MS 7,704,U,4,2025-07-10,2,2,NA,TRANSFERT
2025,MS7,4501675578,11,8505,850510,10,04-EXPL-DBC02,Exploitation - Transfert matériel câble,Forfait transfert matériel - MS 7,704,U,4,2025-09-02,2,2,NA,TRANSFERT
2025,MS7,4501675578,11,8505,850510,20,04-EXPL-DBC02,Exploitation - Transfert matériel câble,Forfait déplacement équipe - MS 7,300,U,3,2025-07-10,300,900,NA,TRANSFERT
2025,MS7,4501675578,11,8505,850510,20,04-EXPL-DBC02,Exploitation - Transfert matériel câble,Forfait déplacement équipe - MS 7,300,U,3,2025-09-02,700,2100,NA,TRANSFERT
2025,MS7,4501675578,11,8505,850510,20,04-EXPL-DBC02,Exploitation - Transfert matériel câble,Forfait déplacement équipe - MS 7,300,U,6,2025-09-03,-1000,-3000,NA,TRANSFERT
2025,MS7,4501675578,11,8505,850510,20,04-EXPL-DBC02,Exploitation - Transfert matériel câble,Forfait déplacement équipe - MS 7,300,U,3,2025-09-11,3,900,NA,TRANSFERT
2025,MS7,4501675578,11,8505,850510,70,04-EXPL-DBC02,Exploitation - Transfert matériel câble,Forfait déplacement équipe - MS 7,700,U,3,2025-09-11,3,2100,NA,TRANSFERT
2025,MS7,4501675578,11,8505,850510,80,04-EXPL-DBC02,Exploitation - Transfert matériel câble,Forfait déplacement équipe - MS 7,600,U,3,2025-11-06,3,1800,NA,TRANSFERT
2025,MS7,4501675578,11,8505,850510,120,04-EXPL-DBC02,Exploitation - Transfert matériel câble,Forfait déplacement équipe - MS 7,7156.05,U,1,2025-12-12,1,7156.05,NA,TRANSFERT
2025,MS12,4501668554,8,8440,844001,30,04-EXPL-DBC02,Exploitation - Transfert matériel câble,Forfait transfert mat FC BERTHELANGE P13,330,U,2,2025-06-11,1.5,495,NA,TRANSFERT
2025,MS14,4700283007,1,8693,869308,10,04-EXPL-DBC02,Exploitation - Transfert matériel câble,Exploitation - Transfert matériel câble,390,U,3,2025-12-15,3,1170,NA,TRANSFERT
2025,MS15_lot1,4700276485,1,8692,869206,70,04-EXPL-DBC02,Exploitation - Transfert matériel câble,Exploitation - Transfert matériel câble,412.5,U,3,2025-08-26,3,1237.5,NA,TRANSFERT
2025,MS15_lot2,4700276485,1,8692,869206,70,04-EXPL-DBC02,Exploitation - Transfert matériel câble,Exploitation - Transfert matériel câble,412.5,U,3,2025-08-26,3,1237.5,NA,TRANSFERT
2025,MS18,4501675175,8,8440,844009,50,04-EXPL-DBC02,Exploitation - Transfert matériel câble,Forfait transfert du matériel FD LEVIER1,345,U,2,2025-06-23,2,690,NA,TRANSFERT
2025,MS20,4501670169,4,8835,883503,20,04-EXPL-DBC02,Exploitation - Transfert matériel câble,GUERY 28 29 30Forfait transfert matériel,1500,U,1,2025-05-27,1,1500,NA,TRANSFERT
2025,MS32,4700288177,13,8681,868113,50,04-EXPL-DBC02,Exploitation - Transfert matériel câble,FD Signy l'Abbaye 146-147-148-149-150EXP,3,U,4,NA,NA,NA,NA,TRANSFERT
2025,MS38,4700285861,1,8683,868314,30,04-EXPL-TFMAT1,04-EXPL-TFMAT1,SIGFRA VIVEY p.3317 -Transfert matériel,2970,/FO,1,2025-12-19,1,2970,NA,TRANSFERT
2025,MS39,4700285887,1,8683,868314,40,04-EXPL-TFMAT1,04-EXPL-TFMAT1,SIGFRA VOISINES p.3410 - Transfert mat.,502.5,/FO,1,NA,NA,NA,NA,TRANSFERT
2025,MS40,4501694442,8,8415,841522,110,08-EXPL-MANUT00,Manut / Rgpt sur chantiers avec grumier,Forfait Transfert matériel FD CHAUX,390,U,2,NA,NA,NA,NA,TRANSFERT
2025,MS42,4501694622,8,8455,845507,40,04-EXPL-DBC02,Exploitation - Transfert matériel câble,FORF.TRANSF. FD CITEAUX,487.5,U,2,2025-11-17,2,975,NA,TRANSFERT
2025,MS47,4501705079,2,8805,880508,10,04-EXPL-TFMAT1,04-EXPL-TFMAT1,25-65 SEILLON V1-Transfert,2787,U,2,2026-01-20,2,5574,NA,TRANSFERT
2022-2024,MS3,4501531192,1,8415,841522,60,04-EXPL-DBC01,Débardage par câble,mise en place démolition chantier,6000,M3,1,2023-01-19,1,6000,NA,MONTAGE
2022-2024,MS3,4501531192,1,8415,841522,110,04-EXPL-DBC01,Débardage par câble,MONTAGE DE LIGNES,2400,M3,3,2023-05-16,3,7200,NA,MONTAGE
2022-2024,MS4,4501554573,2,8455,845505,30,04-EXPL-DBC03,Exploitation - Montage/démontage câble,FORFAIT MONTAGE/DEMONTAGE - FD SAULIEU,4000,U,1,2023-06-12,1,4000,NA,MONTAGE
2022-2024,MS5,4501548552,1,8455,845514,20,04-EXPL-DBC03,Exploitation - Montage/démontage câble,FORFAIT MONTAGE/DEMONTAGE - FD ANOST,4000,U,1,2023-05-02,1,4000,NA,MONTAGE
2022-2024,MS10_lot1,4501547859,3,8835,883505,20,04-EXPL-DBC03,Exploitation - Montage/démontage câble,AYGUEBON 4U 7U - Montage/démontage câble,1666.67,U,9,2023-04-06,2,3333.34,NA,MONTAGE
2022-2024,MS10_lot1,4501547859,3,8835,883505,20,04-EXPL-DBC03,Exploitation - Montage/démontage câble,AYGUEBON 4U 7U - Montage/démontage câble,1666.67,U,9,2023-05-16,3,5000.01,NA,MONTAGE
2022-2024,MS10_lot1,4501547859,3,8835,883505,20,04-EXPL-DBC03,Exploitation - Montage/démontage câble,AYGUEBON 4U 7U - Montage/démontage câble,1666.67,U,9,2023-06-02,1,1666.67,NA,MONTAGE
2022-2024,MS10_lot1,4501547859,3,8835,883505,20,04-EXPL-DBC03,Exploitation - Montage/démontage câble,AYGUEBON 4U 7U - Montage/démontage câble,1666.67,U,9,2023-07-24,3,5000.01,NA,MONTAGE
2022-2024,MS10_lot2,4501547849,1,8835,883505,20,04-EXPL-DBC03,Exploitation - Montage/démontage câble,AYGUEBON 4U 7U - Montage/démontage câble,2142.86,/FO,7,2023-05-02,2,4285.72,NA,MONTAGE
2022-2024,MS10_lot2,4501547849,1,8835,883505,20,04-EXPL-DBC03,Exploitation - Montage/démontage câble,AYGUEBON 4U 7U - Montage/démontage câble,2142.86,/FO,7,2023-05-16,1,2142.86,NA,MONTAGE
2022-2024,MS10_lot2,4501547849,1,8835,883505,20,04-EXPL-DBC03,Exploitation - Montage/démontage câble,AYGUEBON 4U 7U - Montage/démontage câble,2142.86,/FO,7,2023-06-02,1,2142.86,NA,MONTAGE
2022-2024,MS10_lot2,4501547849,1,8835,883505,20,04-EXPL-DBC03,Exploitation - Montage/démontage câble,AYGUEBON 4U 7U - Montage/démontage câble,2142.86,/FO,7,2023-06-23,1,2142.86,NA,MONTAGE
2022-2024,MS10_lot2,4501547849,1,8835,883505,20,04-EXPL-DBC03,Exploitation - Montage/démontage câble,AYGUEBON 4U 7U - Montage/démontage câble,2142.86,/FO,7,2023-06-30,1,2142.86,NA,MONTAGE
2022-2024,MS10_lot2,4501547849,1,8835,883505,20,04-EXPL-DBC03,Exploitation - Montage/démontage câble,AYGUEBON 4U 7U - Montage/démontage câble,2142.86,/FO,7,2023-07-24,1,2142.86,NA,MONTAGE
2022-2024,MS18,4700236917,1,8670,867009,30,04-EXPL-DBC03,Exploitation - Montage/démontage câble,Mont./démont. câble FD SMB 159 153 154,1300,U,18,2023-10-20,6,7800,NA,MONTAGE
2022-2024,MS18,4700236917,1,8670,867009,30,04-EXPL-DBC03,Exploitation - Montage/démontage câble,Mont./démont. câble FD SMB 159 153 154,1300,U,18,2023-12-13,6,7800,NA,MONTAGE
2022-2024,MS18,4700236917,1,8670,867009,30,04-EXPL-DBC03,Exploitation - Montage/démontage câble,Mont./démont. câble FD SMB 159 153 154,1300,U,18,2024-08-13,4,5200,NA,MONTAGE
2022-2024,MS18,4700236917,1,8670,867009,30,04-EXPL-DBC03,Exploitation - Montage/démontage câble,Mont./démont. câble FD SMB 159 153 154,1300,U,18,2024-09-26,1,1300,NA,MONTAGE
2022-2024,MS19_lot1,4501572577,3,8440,844009,40,04-EXPL-DBC03,Exploitation - Montage/démontage câble,Exploit mont démont cable FDLEVIER1J,3955,U,1,2023-12-14,1,3955,NA,MONTAGE
2022-2024,MS19_lot2,4501572572,3,8440,844009,40,04-EXPL-DBC03,Exploitation - Montage/démontage câble,Exploit mont démont cable FDLEVIER3S,6700,U,1,2023-10-02,1,6700,NA,MONTAGE
2022-2024,MS20,4501619216,4,8835,883503,30,04-EXPL-DBC03,Exploitation - Montage/démontage câble,STJULI63-Montage/Démontage câble,4200,U,1,2024-06-17,1,4200,NA,MONTAGE
2022-2024,MS21,4501617505,4,8835,883503,20,04-EXPL-DBC03,Exploitation - Montage/démontage câble,GUERY 17 Montage/démontage câble 7 ligne,2570,U,7,2024-07-09,3,7710,NA,MONTAGE
2022-2024,MS21,4501617505,4,8835,883503,20,04-EXPL-DBC03,Exploitation - Montage/démontage câble,GUERY 17 Montage/démontage câble 7 ligne,2570,U,7,2024-09-25,4,10280,NA,MONTAGE
2022-2024,MS22,4501568088,3,8730,873012,40,04-EXPL-DBC03,Exploitation - Montage/démontage câble,MS8 Exploit - Montage/démontage câble,2500,U,4,2023-08-04,1,2500,NA,MONTAGE
2022-2024,MS22,4501568088,3,8730,873012,40,04-EXPL-DBC03,Exploitation - Montage/démontage câble,MS8 Exploit - Montage/démontage câble,2500,U,4,2023-09-11,2,5000,NA,MONTAGE
2022-2024,MS22,4501568088,3,8730,873012,40,04-EXPL-DBC03,Exploitation - Montage/démontage câble,MS8 Exploit - Montage/démontage câble,2500,U,4,2023-10-03,1,2500,NA,MONTAGE
2022-2024,MS22,4501592858,3,8730,873012,30,04-EXPL-DBC03,Exploitation - Montage/démontage câble,MS8 Exploit - Montage/démontage câble,2500,U,1,2024-01-22,1,2500,NA,MONTAGE
2022-2024,MS23,4501577090,2,8415,841522,30,04-EXPL-CAB01,"Câblage, désencr. bois en cours d'expl.","Câblage, désencr. bois en cours d'expl.",2000,M3,10,2024-01-03,3,6000,NA,MONTAGE
2022-2024,MS23,4501577090,2,8415,841522,30,04-EXPL-CAB01,"Câblage, désencr. bois en cours d'expl.","Câblage, désencr. bois en cours d'expl.",2000,M3,10,2024-02-26,3,6000,NA,MONTAGE
2022-2024,MS23,4501577090,2,8415,841522,30,04-EXPL-CAB01,"Câblage, désencr. bois en cours d'expl.","Câblage, désencr. bois en cours d'expl.",2000,M3,10,2024-04-02,4,8000,NA,MONTAGE
2022-2024,MS24_lot1,4501576333,2,8415,841522,50,04-EXPL-CAB01,"Câblage, désencr. bois en cours d'expl.","Câblage, désencr. bois en cours d'expl.",2000,M3,2,2024-01-19,1,2000,NA,MONTAGE
2022-2024,MS24_lot1,4501576333,2,8415,841522,50,04-EXPL-CAB01,"Câblage, désencr. bois en cours d'expl.","Câblage, désencr. bois en cours d'expl.",2000,M3,2,2024-02-08,1,2000,NA,MONTAGE
2022-2024,MS24_lot2,4501577090,2,8415,841522,30,04-EXPL-CAB01,"Câblage, désencr. bois en cours d'expl.","Câblage, désencr. bois en cours d'expl.",2000,M3,10,2024-01-03,3,6000,NA,MONTAGE
2022-2024,MS24_lot2,4501577090,2,8415,841522,30,04-EXPL-CAB01,"Câblage, désencr. bois en cours d'expl.","Câblage, désencr. bois en cours d'expl.",2000,M3,10,2024-02-26,3,6000,NA,MONTAGE
2022-2024,MS24_lot2,4501577090,2,8415,841522,30,04-EXPL-CAB01,"Câblage, désencr. bois en cours d'expl.","Câblage, désencr. bois en cours d'expl.",2000,M3,10,2024-04-02,4,8000,NA,MONTAGE
2022-2024,MS27,4501589705,4,8450,845009,70,04-EXPL-DBC03,Exploitation - Montage/démontage câble,MISE EN PLACE FD BREUIL P50 - 6800€,6800,U,1,2024-02-13,1,6800,NA,MONTAGE
2022-2024,MS27,4501589705,4,8450,845009,80,04-EXPL-DBC03,Exploitation - Montage/démontage câble,MISE EN PLACE FD BREUIL P50 - 2550€,2550,U,2,2024-02-13,1,2550,NA,MONTAGE
2022-2024,MS27,4501589705,4,8450,845009,80,04-EXPL-DBC03,Exploitation - Montage/démontage câble,MISE EN PLACE FD BREUIL P50 - 2550€,2550,U,2,2024-02-29,1,2550,NA,MONTAGE
2022-2024,MS29,4501583760,3,8425,842536,50,04-EXPL-DBC03,Exploitation - Montage/démontage câble,Exploitation - Montage/démontage câble,2250,U,2,2023-12-30,2,4500,NA,MONTAGE
2022-2024,MS29,4501583760,3,8425,842536,50,04-EXPL-DBC03,Exploitation - Montage/démontage câble,Exploitation - Montage/démontage câble,2250,U,2,2024-01-29,-2,-4500,NA,MONTAGE
2022-2024,MS29,4501583760,3,8425,842536,50,04-EXPL-DBC03,Exploitation - Montage/démontage câble,Exploitation - Montage/démontage câble,2250,U,4,2024-02-07,2,4500,NA,MONTAGE
2022-2024,MS30,4700246171,1,8693,869303,30,04-EXPL-DBC03,Exploitation - Montage/démontage câble,Exploitation - Montage/démontage câble,1500,U,4,2024-03-22,2,3000,NA,MONTAGE
2022-2024,MS30,4700246171,1,8693,869303,30,04-EXPL-DBC03,Exploitation - Montage/démontage câble,Exploitation - Montage/démontage câble,1500,U,4,2024-04-11,1,1500,NA,MONTAGE
2022-2024,MS30,4700246171,1,8693,869303,30,04-EXPL-DBC03,Exploitation - Montage/démontage câble,Exploitation - Montage/démontage câble,1500,U,4,2024-06-13,1,1500,NA,MONTAGE
2022-2024,MS30,4700246171,1,8693,869303,40,04-EXPL-DBC02,Exploitation - Transfert matériel câble,Exploitation - Transfert matériel câble,6000,U,1,2024-03-22,1,6000,NA,MONTAGE
2022-2024,MS31_lot1,4501588924,6,8320,832009,40,04-EXPL-DBC03,Exploitation - Montage/démontage câble,GAVRE P 33-89-98,1500,U,4,2024-02-21,4,6000,NA,MONTAGE
2022-2024,MS31_lot1,4501588924,6,8320,832009,50,04-EXPL-DBC03,Exploitation - Montage/démontage câble,GAVRE P 33-89-98,1500,U,2,2024-02-21,2,3000,NA,MONTAGE
2022-2024,MS31_lot1,4501588924,6,8320,832009,60,04-EXPL-DBC03,Exploitation - Montage/démontage câble,GAVRE P 33-89-98,1500,U,3,2024-02-21,3,4500,NA,MONTAGE
2022-2024,MS31_lot2,4501588924,6,8320,832009,40,04-EXPL-DBC03,Exploitation - Montage/démontage câble,GAVRE P 33-89-98,1500,U,4,2024-02-21,4,6000,NA,MONTAGE
2022-2024,MS31_lot2,4501588924,6,8320,832009,50,04-EXPL-DBC03,Exploitation - Montage/démontage câble,GAVRE P 33-89-98,1500,U,2,2024-02-21,2,3000,NA,MONTAGE
2022-2024,MS31_lot2,4501588924,6,8320,832009,60,04-EXPL-DBC03,Exploitation - Montage/démontage câble,GAVRE P 33-89-98,1500,U,3,2024-02-21,3,4500,NA,MONTAGE
2022-2024,MS31_lot4,4501588924,6,8320,832009,40,04-EXPL-DBC03,Exploitation - Montage/démontage câble,GAVRE P 33-89-98,1500,U,4,2024-02-21,4,6000,NA,MONTAGE
2022-2024,MS31_lot4,4501588924,6,8320,832009,50,04-EXPL-DBC03,Exploitation - Montage/démontage câble,GAVRE P 33-89-98,1500,U,2,2024-02-21,2,3000,NA,MONTAGE
2022-2024,MS31_lot4,4501588924,6,8320,832009,60,04-EXPL-DBC03,Exploitation - Montage/démontage câble,GAVRE P 33-89-98,1500,U,3,2024-02-21,3,4500,NA,MONTAGE
2022-2024,MS32,4501585336,6,8320,832006,20,04-EXPL-DBC03,Exploitation - Montage/démontage câble,MERVENT P 23,1500,U,7,2023-12-18,4,6000,NA,MONTAGE
2022-2024,MS32,4501585336,6,8320,832006,20,04-EXPL-DBC03,Exploitation - Montage/démontage câble,MERVENT P 23,1500,U,7,2024-02-13,3,4500,NA,MONTAGE
2022-2024,MS33,4501591618,3,8515,851507,10,04-EXPL-DBC03,Exploitation - Montage/démontage câble,MS33 - Exploitation - Montage/démontage,2200,U,4,2024-03-04,4,8800,NA,MONTAGE
2022-2024,MS33,4501591618,3,8515,851507,40,04-EXPL-DBC03,Exploitation - Montage/démontage câble,Exploitation - Montage/démontage câble,2200,U,1,2024-03-04,1,2200,NA,MONTAGE
2022-2024,MS34,4501642127,4,8835,883505,20,04-EXPL-DBC03,Exploitation - Montage/démontage câble,DEPFOSSA 5 - Montage/démontage câble,4300,U,3,2024-12-06,1,4300,NA,MONTAGE
2022-2024,MS34,4501642127,4,8835,883505,20,04-EXPL-DBC03,Exploitation - Montage/démontage câble,DEPFOSSA 5 - Montage/démontage câble,4300,U,3,2025-07-31,1,4300,NA,MONTAGE
2022-2024,MS34,4501642127,4,8835,883505,20,04-EXPL-DBC03,Exploitation - Montage/démontage câble,DEPFOSSA 5 - Montage/démontage câble,4300,U,3,2025-09-11,1,4300,NA,MONTAGE
2022-2024,MS35,4501599549,4,8345,834503,20,04-EXPL-DBC01,Débardage par câble,FS VALADE ET LA CHANSELVE P 2-3,2320,U,11,2024-03-12,2,4640,NA,MONTAGE
2022-2024,MS35,4501599549,4,8345,834503,20,04-EXPL-DBC01,Débardage par câble,FS VALADE ET LA CHANSELVE P 2-3,2320,U,11,2024-03-26,2,4640,NA,MONTAGE
2022-2024,MS35,4501599549,4,8345,834503,20,04-EXPL-DBC01,Débardage par câble,FS VALADE ET LA CHANSELVE P 2-3,2320,U,11,2024-04-30,2,4640,NA,MONTAGE
2022-2024,MS35,4501599549,4,8345,834503,20,04-EXPL-DBC01,Débardage par câble,FS VALADE ET LA CHANSELVE P 2-3,2320,U,11,2024-05-16,2,4640,NA,MONTAGE
2022-2024,MS35,4501599549,4,8345,834503,20,04-EXPL-DBC01,Débardage par câble,FS VALADE ET LA CHANSELVE P 2-3,2320,U,11,2024-06-24,3,6960,NA,MONTAGE
2022-2024,MS37_lot1,4501611621,1,8455,845514,20,04-EXPL-DBC03,Exploitation - Montage/démontage câble,FORFAIT MONTAGE/DEMONTAGE - FD ST PRIX,1700,U,7,2024-05-15,2,3400,NA,MONTAGE
2022-2024,MS37_lot1,4501611621,1,8455,845514,20,04-EXPL-DBC03,Exploitation - Montage/démontage câble,FORFAIT MONTAGE/DEMONTAGE - FD ST PRIX,1700,U,7,2024-06-10,1,1700,NA,MONTAGE
2022-2024,MS37_lot1,4501611621,1,8455,845514,20,04-EXPL-DBC03,Exploitation - Montage/démontage câble,FORFAIT MONTAGE/DEMONTAGE - FD ST PRIX,1700,U,7,2024-07-11,4,6800,NA,MONTAGE
2022-2024,MS37_lot2,4501611621,1,8455,845514,20,04-EXPL-DBC03,Exploitation - Montage/démontage câble,FORFAIT MONTAGE/DEMONTAGE - FD ST PRIX,1700,U,7,2024-05-15,2,3400,NA,MONTAGE
2022-2024,MS37_lot2,4501611621,1,8455,845514,20,04-EXPL-DBC03,Exploitation - Montage/démontage câble,FORFAIT MONTAGE/DEMONTAGE - FD ST PRIX,1700,U,7,2024-06-10,1,1700,NA,MONTAGE
2022-2024,MS37_lot2,4501611621,1,8455,845514,20,04-EXPL-DBC03,Exploitation - Montage/démontage câble,FORFAIT MONTAGE/DEMONTAGE - FD ST PRIX,1700,U,7,2024-07-11,4,6800,NA,MONTAGE
2022-2024,MS38,4501595952,3,8355,835509,20,04-EXPL-DBC01,Débardage par câble,CHATEAUROUX P 221,2800,U,6,2024-02-20,3,8400,NA,MONTAGE
2022-2024,MS38,4501595952,3,8355,835509,20,04-EXPL-DBC01,Débardage par câble,CHATEAUROUX P 221,2800,U,6,2024-04-04,3,8400,NA,MONTAGE
2022-2024,MS41,4501649952,4,8345,834503,20,04-EXPL-DBC03,Exploitation - Montage/démontage câble,LARFEUIL P 2E-3B-3E,2650,U,4,2025-01-22,1,2650,NA,MONTAGE
2022-2024,MS41,4501649952,4,8345,834503,20,04-EXPL-DBC03,Exploitation - Montage/démontage câble,LARFEUIL P 2E-3B-3E,2650,U,4,2025-02-10,2,5300,NA,MONTAGE
2022-2024,MS41,4501649952,4,8345,834503,20,04-EXPL-DBC03,Exploitation - Montage/démontage câble,LARFEUIL P 2E-3B-3E,2650,U,4,2025-04-04,1,2650,NA,MONTAGE
2022-2024,MS44,4501605994,3,8770,877000,20,04-EXPL-DBC03,Exploitation - Montage/démontage câble,C_2024_JMO_01,2000,U,3,2024-05-02,1,2000,NA,MONTAGE
2022-2024,MS44,4501605994,3,8770,877000,20,04-EXPL-DBC03,Exploitation - Montage/démontage câble,C_2024_JMO_01,2000,U,3,2024-06-18,2,4000,NA,MONTAGE
2022-2024,MS45,4501634356,1,8455,845514,20,04-EXPL-DBC03,Exploitation - Montage/démontage câble,FORFAIT MONTAGE/DEMONTAGE - FD PLANOISE,1700,U,3,2024-11-08,2,3400,NA,MONTAGE
2022-2024,MS45,4501634356,1,8455,845514,20,04-EXPL-DBC03,Exploitation - Montage/démontage câble,FORFAIT MONTAGE/DEMONTAGE - FD PLANOISE,1700,U,3,2024-12-13,1,1700,NA,MONTAGE
2022-2024,MS46,4501671426,2,8735,873505,20,000000000001000385,$ Tvx Forest Exploit divers,Montage et démontage des lignes,3000,U,5,2025-05-27,1,3000,NA,MONTAGE
2022-2024,MS46,4501671426,2,8735,873505,20,000000000001000385,$ Tvx Forest Exploit divers,Montage et démontage des lignes,3000,U,10,2025-06-25,2,6000,NA,MONTAGE
2022-2024,MS46,4501671426,2,8735,873505,20,000000000001000385,$ Tvx Forest Exploit divers,Montage et démontage des lignes,3000,U,10,2025-08-28,2,6000,NA,MONTAGE
2022-2024,MS47,4501611906,3,8845,884505,20,04-EXPL-DBC03,Exploitation - Montage/démontage câble,GRAND ARC pcl 7 Montage/démontage câble,5000,U,3,2024-05-24,1,5000,NA,MONTAGE
2022-2024,MS47,4501611906,3,8845,884505,20,04-EXPL-DBC03,Exploitation - Montage/démontage câble,GRAND ARC pcl 7 Montage/démontage câble,5000,U,3,2024-07-30,1,5000,NA,MONTAGE
2022-2024,MS47,4501611906,3,8845,884505,20,04-EXPL-DBC03,Exploitation - Montage/démontage câble,GRAND ARC pcl 7 Montage/démontage câble,5000,U,3,2024-11-06,1,5000,NA,MONTAGE
2022-2024,MS48,4501624641,4,8835,883508,20,04-EXPL-DBC03,Exploitation - Montage/démontage câble,VERGONZA - Montage/démontage câble MS48,2500,U,3,2024-09-16,3,7500,NA,MONTAGE
2022-2024,MS49,4501641317,8,8455,845507,20,04-EXPL-DBC03,Exploitation - Montage/démontage câble,25//FORFAIT MONTAGE DEMONTAGE FD CITEAUX,1900,U,6,2025-02-26,1,1900,NA,MONTAGE
2022-2024,MS49,4501641317,8,8455,845507,20,04-EXPL-DBC03,Exploitation - Montage/démontage câble,25//FORFAIT MONTAGE DEMONTAGE FD CITEAUX,1900,U,6,2025-03-19,4,7600,NA,MONTAGE
2022-2024,MS49,4501641317,8,8455,845507,20,04-EXPL-DBC03,Exploitation - Montage/démontage câble,25//FORFAIT MONTAGE DEMONTAGE FD CITEAUX,1900,U,6,2025-05-12,1,1900,NA,MONTAGE
2022-2024,MS51,4501625678,8,8440,844009,30,04-EXPL-DBC03,Exploitation - Montage/démontage câble,Montage/démonte câble FDLEVIER1J,1900,U,4,2024-09-30,4,7600,NA,MONTAGE
2022-2024,MS52,4501634199,4,8805,880511,20,04-EXPL-DBC03,Exploitation - Montage/démontage câble,24-127 SEILLON-Montage-démontage lignes,7650,U,1,2025-02-20,1,7650,NA,MONTAGE
2022-2024,MS55,4501637680,3,8535,853501,20,04-EXPL-DBC03,Exploitation - Montage/démontage câble,ODS2025/FON1 - CAB MAT - EU - P.3/4/7/10,3150,U,6,2025-02-12,3,9450,NA,MONTAGE
2022-2024,MS55,4501637680,3,8535,853501,20,04-EXPL-DBC03,Exploitation - Montage/démontage câble,ODS2025/FON1 - CAB MAT - EU - P.3/4/7/10,3150,U,6,2025-04-09,2,6300,NA,MONTAGE
2022-2024,MS55,4501637680,3,8535,853501,20,04-EXPL-DBC03,Exploitation - Montage/démontage câble,ODS2025/FON1 - CAB MAT - EU - P.3/4/7/10,3150,U,6,2025-05-26,1,3150,NA,MONTAGE
2022-2024,MS57,4501640594,8,8415,841522,50,04-EXPL-DBC03,Exploitation - Montage/démontage câble,Explo - Montage/démont câble MS57 FDCHAU,2000,U,13,2025-05-11,2,4000,NA,MONTAGE
2022-2024,MS57,4501640594,8,8415,841522,50,04-EXPL-DBC03,Exploitation - Montage/démontage câble,Explo - Montage/démont câble MS57 FDCHAU,2000,U,13,2025-05-20,2,4000,NA,MONTAGE
2022-2024,MS57,4501640594,8,8415,841522,50,04-EXPL-DBC03,Exploitation - Montage/démontage câble,Explo - Montage/démont câble MS57 FDCHAU,2000,U,13,2025-12-15,2,4000,NA,MONTAGE
2022-2024,MS57,4501640594,8,8415,841522,50,04-EXPL-DBC03,Exploitation - Montage/démontage câble,Explo - Montage/démont câble MS57 FDCHAU,2000,U,13,2026-02-05,2,4000,NA,MONTAGE
2022-2024,MS60,4700262980,2,8681,868113,30,04-EXPL-DBC03,Exploitation - Montage/démontage câble,FD Signy l'Abbaye 17-18-19 EXP,2730,U,7,2024-12-05,4,10920,NA,MONTAGE
2022-2024,MS60,4700262980,2,8681,868113,30,04-EXPL-DBC03,Exploitation - Montage/démontage câble,FD Signy l'Abbaye 17-18-19 EXP,2730,U,7,2025-01-22,3,8190,NA,MONTAGE
2022-2024,MS60,4700262980,2,8681,868113,40,04-EXPL-DBC03,Exploitation - Montage/démontage câble,FD Signy l'Abbaye146-147-148-149-150-162,2730,U,6,NA,NA,NA,NA,MONTAGE
2022-2024,MS60,4700269232,2,8681,868113,20,04-EXPL-DBC03,Exploitation - Montage/démontage câble,FD Signy l'Abbaye 15-17-18-19,2730,U,4,2025-03-04,3,8190,NA,MONTAGE
2022-2024,MS61,4501639634,8,8415,841522,60,04-EXPL-DBC03,Exploitation - Montage/démontage câble,Explo Montag/démont câble sans supMS 61,2100,U,11,2024-11-28,1,2100,NA,MONTAGE
2022-2024,MS61,4501639634,8,8415,841522,60,04-EXPL-DBC03,Exploitation - Montage/démontage câble,Explo Montag/démont câble sans supMS 61,2100,U,11,2024-12-17,2,4200,NA,MONTAGE
2022-2024,MS61,4501639634,8,8415,841522,60,04-EXPL-DBC03,Exploitation - Montage/démontage câble,Explo Montag/démont câble sans supMS 61,2100,U,11,2025-02-03,1,2100,NA,MONTAGE
2022-2024,MS61,4501639634,8,8415,841522,60,04-EXPL-DBC03,Exploitation - Montage/démontage câble,Explo Montag/démont câble sans supMS 61,2100,U,11,2025-02-27,1,2100,NA,MONTAGE
2022-2024,MS61,4501639634,8,8415,841522,60,04-EXPL-DBC03,Exploitation - Montage/démontage câble,Explo Montag/démont câble sans supMS 61,2100,U,11,2025-04-03,1,2100,NA,MONTAGE
2022-2024,MS61,4501639634,8,8415,841522,60,04-EXPL-DBC03,Exploitation - Montage/démontage câble,Explo Montag/démont câble sans supMS 61,2100,U,11,2025-05-20,3,6300,NA,MONTAGE
2022-2024,MS61,4501639634,8,8415,841522,60,04-EXPL-DBC03,Exploitation - Montage/démontage câble,Explo Montag/démont câble sans supMS 61,2100,U,11,2025-05-23,2,4200,NA,MONTAGE
2022-2024,MS61,4501639634,8,8415,841522,70,04-EXPL-DBC03,Exploitation - Montage/démontage câble,Explo-Montag/démont câble avesupportMS61,2400,U,5,NA,NA,NA,NA,MONTAGE
2025,MS1,4501667968,4,8835,883515,20,04-EXPL-DBC03,Exploitation - Montage/démontage câble,D.ECLACH C Forfait tracé-mont-démontage,2500,U,1,2025-04-28,1,2500,NA,MONTAGE
2025,MS2,4501675539,4,8835,883509,20,04-EXPL-DBC03,Exploitation - Montage/démontage câble,MEZENC 26 -Forfait Montage/démont lignes,3000,U,2,2025-07-01,2,6000,NA,MONTAGE
2025,MS3,4501691097,4,8835,883509,20,04-EXPL-DBC03,Exploitation - Montage/démontage câble,LANDRIAC 7 Forfait Montage/démontage,2000,U,3,2025-10-28,3,6000,NA,MONTAGE
2025,MS4,4501695237,4,8345,834503,30,04-EXPL-DBC03,Exploitation - Montage/démontage câble,LARFEUIL P 68 E,2500,U,1,2026-01-19,1,2500,NA,MONTAGE
2025,MS7,4501675578,11,8505,850510,30,04-EXPL-DBC03,Exploitation - Montage/démontage câble,Forfait tracé-montage-démontage - MS 7,3000,U,2,2025-07-10,1,3000,NA,MONTAGE
2025,MS7,4501675578,11,8505,850510,30,04-EXPL-DBC03,Exploitation - Montage/démontage câble,Forfait tracé-montage-démontage - MS 7,3000,U,2,2025-09-02,1,3000,NA,MONTAGE
2025,MS7,4501675578,11,8505,850510,90,04-EXPL-DBC03,Exploitation - Montage/démontage câble,Forfait tracé-montage-démontage - MS 7,3000,U,1,2025-11-06,1,3000,NA,MONTAGE
2025,MS11,4501679242,8,8440,844001,30,04-EXPL-DBC03,Exploitation - Montage/démontage câble,Forfait tracé-montage-démontage-chenalot,324.5,U,3,2025-09-22,2,649,NA,MONTAGE
2025,MS11,4501679242,8,8440,844001,40,04-EXPL-DBC03,Exploitation - Montage/démontage câble,Forfait tracé-montage-démontage-chenal11,2500,U,12,2025-08-20,5,12500,NA,MONTAGE
2025,MS11,4501679242,8,8440,844001,40,04-EXPL-DBC03,Exploitation - Montage/démontage câble,Forfait tracé-montage-démontage-chenal11,2500,U,12,2025-09-22,7,17500,NA,MONTAGE
2025,MS11,4501679242,8,8440,844001,40,04-EXPL-DBC03,Exploitation - Montage/démontage câble,Forfait tracé-montage-démontage-chenal11,2500,U,12,2025-10-20,-5,-12500,NA,MONTAGE
2025,MS12,4501668554,8,8440,844001,40,04-EXPL-DBC03,Exploitation - Montage/démontage câble,Forfait tracé-montage-démontage FC BERTH,2750,U,1,2025-06-11,1,2750,NA,MONTAGE
2025,MS14,4700283007,1,8693,869308,20,04-EXPL-DBC03,Exploitation - Montage/démontage câble,Exploitation - Montage/démontage câble,1600,U,4,2025-12-15,4,6400,NA,MONTAGE
2025,MS15_lot1,4700276485,1,8692,869206,50,04-EXPL-DBC03,Exploitation - Montage/démontage câble,Exploitation - Montage/démontage câble,2000,U,10,2025-08-26,3,6000,NA,MONTAGE
2025,MS15_lot1,4700276485,1,8692,869206,50,04-EXPL-DBC03,Exploitation - Montage/démontage câble,Exploitation - Montage/démontage câble,2000,U,10,2025-09-25,5,10000,NA,MONTAGE
2025,MS15_lot1,4700276485,1,8692,869206,50,04-EXPL-DBC03,Exploitation - Montage/démontage câble,Exploitation - Montage/démontage câble,2000,U,10,2025-10-16,2,4000,NA,MONTAGE
2025,MS15_lot1,4700276485,1,8692,869206,60,04-EXPL-DBC03,Exploitation - Montage/démontage câble,Exploitation - Montage/démontage câble,2400,U,3,2025-10-16,1,2400,NA,MONTAGE
2025,MS15_lot1,4700276485,1,8692,869206,60,04-EXPL-DBC03,Exploitation - Montage/démontage câble,Exploitation - Montage/démontage câble,2400,U,3,2025-11-06,2,4800,NA,MONTAGE
2025,MS15_lot1,4700276485,1,8692,869206,80,04-EXPL-DBC03,Exploitation - Montage/démontage câble,Exploitation - Montage/démontage câble,2400,U,1,2025-11-06,1,2400,NA,MONTAGE
2025,MS15_lot2,4700276485,1,8692,869206,50,04-EXPL-DBC03,Exploitation - Montage/démontage câble,Exploitation - Montage/démontage câble,2000,U,10,2025-08-26,3,6000,NA,MONTAGE
2025,MS15_lot2,4700276485,1,8692,869206,50,04-EXPL-DBC03,Exploitation - Montage/démontage câble,Exploitation - Montage/démontage câble,2000,U,10,2025-09-25,5,10000,NA,MONTAGE
2025,MS15_lot2,4700276485,1,8692,869206,50,04-EXPL-DBC03,Exploitation - Montage/démontage câble,Exploitation - Montage/démontage câble,2000,U,10,2025-10-16,2,4000,NA,MONTAGE
2025,MS15_lot2,4700276485,1,8692,869206,60,04-EXPL-DBC03,Exploitation - Montage/démontage câble,Exploitation - Montage/démontage câble,2400,U,3,2025-10-16,1,2400,NA,MONTAGE
2025,MS15_lot2,4700276485,1,8692,869206,60,04-EXPL-DBC03,Exploitation - Montage/démontage câble,Exploitation - Montage/démontage câble,2400,U,3,2025-11-06,2,4800,NA,MONTAGE
2025,MS15_lot2,4700276485,1,8692,869206,80,04-EXPL-DBC03,Exploitation - Montage/démontage câble,Exploitation - Montage/démontage câble,2400,U,1,2025-11-06,1,2400,NA,MONTAGE
2025,MS17,4501692460,12,8325,832503,20,04-EXPL-DBC03,Exploitation - Montage/démontage câble,LANDES DE LANVAUX P 32C-33C-34C-35C,1400,U,12,2025-12-01,2,2800,NA,MONTAGE
2025,MS17,4501692460,12,8325,832503,20,04-EXPL-DBC03,Exploitation - Montage/démontage câble,LANDES DE LANVAUX P 32C-33C-34C-35C,1400,U,12,2026-02-04,2,2800,NA,MONTAGE
2025,MS17,4501692460,12,8325,832503,20,04-EXPL-DBC03,Exploitation - Montage/démontage câble,LANDES DE LANVAUX P 32C-33C-34C-35C,1400,U,12,2026-02-19,-2,-2800,NA,MONTAGE
2025,MS18,4501675175,8,8440,844009,40,04-EXPL-DBC03,Exploitation - Montage/démontage câble,Forfait tracé-mont démont FD LEVIER1J P6,1900,U,3,2025-06-23,3,5700,NA,MONTAGE
2025,MS20,4501670169,4,8835,883503,10,04-EXPL-DBC03,Exploitation - Montage/démontage câble,GUERY 28 29 30 - Forfait montage-démonta,1650,U,18,2025-05-27,4,6600,NA,MONTAGE
2025,MS20,4501670169,4,8835,883503,10,04-EXPL-DBC03,Exploitation - Montage/démontage câble,GUERY 28 29 30 - Forfait montage-démonta,1650,U,9,2025-06-06,2,3300,NA,MONTAGE
2025,MS25,4501696228,1,8450,845009,30,04-EXPL-TPG01,Travaux divers sur parc à grumes,MISE EN PLACE CHANTIER FD AU-DUC P34,2500,U,2,NA,NA,NA,NA,MONTAGE
2025,MS25,4501696228,1,8450,845009,40,04-EXPL-TPG01,Travaux divers sur parc à grumes,MISE EN PLACE CHANTIER FD AU-DUC P34,3,U,1200,NA,NA,NA,NA,MONTAGE
2025,MS25,4501696228,1,8450,845009,50,04-EXPL-TPG01,Travaux divers sur parc à grumes,DEMOBILISATION CHANITER FD AU-DUC P34,1237.5,U,2,NA,NA,NA,NA,MONTAGE
2025,MS30,4501697127,13,8682,868211,30,04-EXPL-DBC03,Exploitation - Montage/démontage câble,FD ChêneP84.2-85.2-Montage/démont. câble,2000,U,9,NA,NA,NA,NA,MONTAGE
2025,MS32,4700288177,13,8681,868113,40,04-EXPL-DBC03,Exploitation - Montage/démontage câble,FD Signy l'Abbaye 146-147-148-149-150EXP,2750,U,18,NA,NA,NA,NA,MONTAGE
2025,MS38,4700285861,1,8683,868314,20,04-EXPL-INSTA01,04-EXPL-INSTA01,SIGFRA VIVEY p.3317 - inst. préparation,2000,U,2,2025-12-19,1,2000,NA,MONTAGE
2025,MS39,4700285887,1,8683,868314,30,04-EXPL-INSTA01,04-EXPL-INSTA01,SIGFRA VOISINES p.3410 - Instal. prépa.,1500,U,1,NA,NA,NA,NA,MONTAGE
2025,MS40,4501694442,8,8415,841522,90,04-EXPL-DBC03,Exploitation - Montage/démontage câble,Forfait mont-démo ss support MS 40 FD,2500,U,9,NA,NA,NA,NA,MONTAGE
2025,MS40,4501694442,8,8415,841522,100,04-EXPL-DBC03,Exploitation - Montage/démontage câble,Forfait tracé-mont-dém MS 40 FD CHAUX,2500,U,3,NA,NA,NA,NA,MONTAGE
2025,MS42,4501694622,8,8455,845507,10,04-EXPL-DBC03,Exploitation - Montage/démontage câble,FORFAIT MONTAGE DEMONTAGE FD CITEAUX,2250,U,3,2025-11-17,2,4500,NA,MONTAGE
2025,MS42,4501694622,8,8455,845507,10,04-EXPL-DBC03,Exploitation - Montage/démontage câble,FORFAIT MONTAGE DEMONTAGE FD CITEAUX,2250,U,3,2025-12-01,1,2250,NA,MONTAGE
2025,MS44,4700280253,1,8670,867009,30,04-EXPL-DBC03,Exploitation - Montage/démontage câble,EXP FD GEHANT P.5/6,2000,U,8,NA,NA,NA,NA,MONTAGE
2025,MS47,4501705079,2,8805,880508,20,04-EXPL-INSTA01,04-EXPL-INSTA01,25-65 SEILLON V1-For tracé/montage,2500,U,3,NA,NA,NA,NA,MONTAGE
2025,MS61,4501709948,4,8345,834504,10,04-EXPL-INSTA01,04-EXPL-INSTA01,GSF GENTIOUX P 1 B,2500,U,3,2026-02-11,2,5000,NA,MONTAGE
