ID_FB,NUM_ETF,LIBELLE_ARTICLE,UNITE,DATE_RECEPTION,QUANTITE_RECEPTION,DATE_PREC,JOURS_CALENDAIRES,JOURS_TRAVAILLES,VITESSE_MOY_JOUR_M3,TYPE_VITESSE,VOL_REF,TYPE_CHANTIER,ANNEE,VOL_TOT_ANNUEL_M3,NB_CHANTIERS,debut,fin
FB200015735,18,Débardage de billons résineux,M3A,2024-11-15,157.95,2024-10-18,28,20,7.897499999999999,intra_chantier,NA,NA,NA,NA,NA,NA,NA
FB200024865,19,Abatt/Façonnage bois d'ind. en billons,M3,2023-02-27,280,2023-01-25,33,23.571428571428573,11.878787878787879,intra_chantier,NA,NA,NA,NA,NA,NA,NA
FB200024865,19,Abatt/Façonnage bois d'ind. en billons,M3,2023-03-10,500,2023-02-27,11,7.857142857142858,63.63636363636363,intra_chantier,NA,NA,NA,NA,NA,NA,NA
FB200024865,19,Abatt/Façonnage bois d'ind. en billons,M3,2023-04-12,3,2023-03-10,33,23.571428571428573,0.12727272727272726,intra_chantier,NA,NA,NA,NA,NA,NA,NA
FB210044225,11,Abatt-faç bois ind/chauff feuil billon,M3A,2023-05-24,692.65,2023-05-12,12,8.571428571428571,80.80916666666667,intra_chantier,NA,NA,NA,NA,NA,NA,NA
FB210060349,33,Abatt/Faç. grumes feu. toutes classes,M3,2023-02-17,98.82,2023-01-26,22,15.714285714285715,6.288545454545454,intra_chantier,NA,NA,NA,NA,NA,NA,NA
FB210062552,25,Abatt/Façonnage bois d'ind. en billons,M3A,2023-07-28,45.67,2023-07-06,22,15.714285714285715,2.9062727272727273,intra_chantier,NA,NA,NA,NA,NA,NA,NA
FB210064007,38,Débardage de bois d'industrie en billons,M3A,2023-03-02,2000,2023-01-12,49,35,57.142857142857146,intra_chantier,NA,NA,NA,NA,NA,NA,NA
FB210064007,38,Débardage de bois d'industrie en billons,M3A,2023-04-12,500,2023-03-02,41,29.285714285714285,17.073170731707318,intra_chantier,NA,NA,NA,NA,NA,NA,NA
FB210064007,37,Abatt/Façonnage bois d'ind. en billons,M3A,2023-05-16,1181,2023-04-14,32,22.857142857142858,51.668749999999996,intra_chantier,NA,NA,NA,NA,NA,NA,NA
FB210067410,8,Abattage-façonnage de grumes,M3,2024-10-15,171.227,2024-09-30,15,10.714285714285715,15.981186666666666,intra_chantier,NA,NA,NA,NA,NA,NA,NA
FB220003307,41,Abatt-faç bois ind/chauff feuil billon,M3A,2023-09-28,754.34,2023-09-18,10,7.142857142857143,105.6076,intra_chantier,NA,NA,NA,NA,NA,NA,NA
FB220003307,41,Abatt/Faç. grumes feu. toutes classes,M3,2023-10-26,124.77,2023-09-28,28,20,6.2385,intra_chantier,NA,NA,NA,NA,NA,NA,NA
FB220004062,36,Débardage de bois d'industrie en billons,M3A,2023-03-09,568,2023-02-17,20,14.285714285714286,39.76,intra_chantier,NA,NA,NA,NA,NA,NA,NA
FB220004062,36,Débardage de bois d'industrie en billons,M3A,2023-03-14,421,2023-03-09,5,3.5714285714285716,117.88,intra_chantier,NA,NA,NA,NA,NA,NA,NA
FB220004062,43,Abatt/Façonnage bois d'ind. en billons,M3A,2023-03-23,517,2023-03-14,9,6.428571428571429,80.42222222222222,intra_chantier,NA,NA,NA,NA,NA,NA,NA
FB220004173,32,Abatt/Faç. grumes feu. toutes classes,M3,2023-03-07,200,2023-01-26,40,28.571428571428573,7,intra_chantier,NA,NA,NA,NA,NA,NA,NA
FB220004193,24,Abattage mécanisé de bois d'industrie,M3A,2023-04-17,227,2023-03-14,34,24.285714285714285,9.347058823529412,intra_chantier,NA,NA,NA,NA,NA,NA,NA
FB220004202,33,Abatt/Faç. grumes feu. toutes classes,M3,2023-03-07,173.63,2023-01-26,40,28.571428571428573,6.07705,intra_chantier,NA,NA,NA,NA,NA,NA,NA
FB220007895,38,Abattage mécanisé de bois d'industrie,M3A,2023-05-10,116,2023-03-31,40,28.571428571428573,4.06,intra_chantier,NA,NA,NA,NA,NA,NA,NA
FB220007896,38,Abattage mécanisé de bois d'industrie,M3A,2023-03-31,550,2023-03-02,29,20.714285714285715,26.551724137931032,intra_chantier,NA,NA,NA,NA,NA,NA,NA
FB220008617,50,Débardage de grumes,M3,2023-03-31,37.5,2023-01-26,64,45.714285714285715,0.8203125,intra_chantier,NA,NA,NA,NA,NA,NA,NA
FB220019140,22,Débardage de grumes,M3,2023-07-26,246,2023-05-31,56,40,6.15,intra_chantier,NA,NA,NA,NA,NA,NA,NA
FB220019175,57,"Abattage, façonnage (gén)",M3,2023-06-29,30.83,2023-05-15,45,32.142857142857146,0.9591555555555554,intra_chantier,NA,NA,NA,NA,NA,NA,NA
FB220021098,47,Débardage de grumes,M3,2023-03-20,328.37,2023-03-06,14,10,32.837,intra_chantier,NA,NA,NA,NA,NA,NA,NA
FB220022837,43,Abatt/Façonnage bois d'ind. en billons,M3A,2023-03-03,250,2023-02-09,22,15.714285714285715,15.909090909090908,intra_chantier,NA,NA,NA,NA,NA,NA,NA
FB220024484,48,Abattage-façonnage de grumes,M3,2023-03-02,220,2023-02-22,8,5.714285714285714,38.5,intra_chantier,NA,NA,NA,NA,NA,NA,NA
FB220024484,48,Abattage-façonnage de grumes,M3,2023-03-10,500,2023-03-02,8,5.714285714285714,87.5,intra_chantier,NA,NA,NA,NA,NA,NA,NA
FB220026130,25,Abatt/Façonnage bois d'ind. en billons,M3A,2023-03-23,77,2023-02-21,30,21.42857142857143,3.593333333333333,intra_chantier,NA,NA,NA,NA,NA,NA,NA
FB220026145,27,Abattage-façonnage de grumes,M3,2023-02-21,761.64,2023-01-16,36,25.714285714285715,29.61933333333333,intra_chantier,NA,NA,NA,NA,NA,NA,NA
FB220026638,20,Débardage de bois d'industrie en billons,M3A,2023-04-18,89,2023-04-12,6,4.285714285714286,20.766666666666666,intra_chantier,NA,NA,NA,NA,NA,NA,NA
FB220026638,37,Abatt/Façonnage bois d'ind. en billons,M3A,2023-09-21,182,2023-09-12,9,6.428571428571429,28.31111111111111,intra_chantier,NA,NA,NA,NA,NA,NA,NA
FB220030977,33,Abatt/Faç. grumes feu. toutes classes,M3,2024-08-19,166.63,2024-07-04,46,32.85714285714286,5.071347826086956,intra_chantier,NA,NA,NA,NA,NA,NA,NA
FB220035304,11,Abatt-faç bois ind/chauff feuil billon,M3A,2023-05-24,660.15,2023-04-05,49,35,18.861428571428572,intra_chantier,NA,NA,NA,NA,NA,NA,NA
FB220035736,48,Abattage-façonnage de grumes,M3,2023-08-07,35.101,2023-06-22,46,32.85714285714286,1.068291304347826,intra_chantier,NA,NA,NA,NA,NA,NA,NA
FB220036538,67,Abattage-façonnage de grumes,M3,2026-01-19,143,2025-12-11,39,27.857142857142858,5.133333333333333,intra_chantier,NA,NA,NA,NA,NA,NA,NA
FB220036538,68,Débardage de grumes,M3,2026-01-23,556.731,2026-01-19,4,2.857142857142857,194.85585,intra_chantier,NA,NA,NA,NA,NA,NA,NA
FB220036538,69,Abattage-façonnage de grumes,M3,2026-01-26,192.577,2026-01-23,3,2.142857142857143,89.86926666666668,intra_chantier,NA,NA,NA,NA,NA,NA,NA
FB220038341,38,Débardage de bois d'industrie en billons,M3A,2023-03-28,294,2023-03-10,18,12.857142857142858,22.866666666666667,intra_chantier,NA,NA,NA,NA,NA,NA,NA
FB220038341,37,Abatt/Façonnage bois d'ind. en billons,M3,2023-05-16,44,2023-03-28,49,35,1.2571428571428571,intra_chantier,NA,NA,NA,NA,NA,NA,NA
FB220042779,32,Abatt/Faç. grumes feu. toutes classes,M3,2024-02-28,48.63,2024-02-08,20,14.285714285714286,3.4041,intra_chantier,NA,NA,NA,NA,NA,NA,NA
FB220042897,57,Débardage de billons feuillus,M3A,2023-09-08,75.07,2023-08-31,8,5.714285714285714,13.137249999999998,intra_chantier,NA,NA,NA,NA,NA,NA,NA
FB220047121,41,Abatt/Faç. grumes feu. toutes classes,M3,2023-05-26,5.72,2023-03-27,60,42.85714285714286,0.13346666666666665,intra_chantier,NA,NA,NA,NA,NA,NA,NA
FB220049055,72,Abatt-faç bois ind/chauff feuil billon,M3A,2023-11-22,100,2023-10-26,27,19.285714285714285,5.185185185185185,intra_chantier,NA,NA,NA,NA,NA,NA,NA
FB220053012,77,Débardage de grumes,M3,2023-10-12,80.616,2023-09-30,12,8.571428571428571,9.4052,intra_chantier,NA,NA,NA,NA,NA,NA,NA
FB220053959,36,Débardage de bois d'industrie en billons,M3A,2023-08-10,913.803,2023-08-07,3,2.142857142857143,426.4414,intra_chantier,NA,NA,NA,NA,NA,NA,NA
FB220054010,80,Débardage de bois d'industrie en billons,M3A,2026-01-27,368.5,2025-12-12,46,32.85714285714286,11.215217391304346,intra_chantier,NA,NA,NA,NA,NA,NA,NA
FB220054033,81,Abatt/Façonnage bois d'ind. en billons,M3A,2023-08-10,179.24,2023-07-21,20,14.285714285714286,12.5468,intra_chantier,NA,NA,NA,NA,NA,NA,NA
FB220054040,25,Abatt/Façonnage bois d'ind. en billons,M3A,2023-03-27,400,2023-02-20,35,25,16,intra_chantier,NA,NA,NA,NA,NA,NA,NA
FB220054040,25,Abatt/Façonnage bois d'ind. en billons,M3A,2023-07-28,595,2023-07-20,8,5.714285714285714,104.125,intra_chantier,NA,NA,NA,NA,NA,NA,NA
FB220055523,82,Abattage mécanisé de bois d'industrie,M3A,2023-09-01,370.44,2023-07-11,52,37.142857142857146,9.973384615384614,intra_chantier,NA,NA,NA,NA,NA,NA,NA
FB220055617,38,Abatt/Façonnage bois d'ind. en billons,M3A,2023-03-10,1050,2023-02-27,11,7.857142857142858,133.63636363636363,intra_chantier,NA,NA,NA,NA,NA,NA,NA
FB220055617,38,Débardage de bois d'industrie en billons,M3A,2023-03-20,1077,2023-03-10,10,7.142857142857143,150.78,intra_chantier,NA,NA,NA,NA,NA,NA,NA
FB220055617,38,Abatt/Façonnage bois d'ind. en billons,M3A,2023-05-10,16.68,2023-03-20,51,36.42857142857143,0.45788235294117646,intra_chantier,NA,NA,NA,NA,NA,NA,NA
FB220055646,83,Abattage-façonnage de grumes,M3,2023-03-06,216.791,2023-02-24,10,7.142857142857143,30.35074,intra_chantier,NA,NA,NA,NA,NA,NA,NA
FB220055646,85,Débardage de bois d'industrie en billons,H,2023-11-28,195,2023-11-22,6,4.285714285714286,45.5,intra_chantier,NA,NA,NA,NA,NA,NA,NA
FB220056050,87,Abattage-façonnage de grumes,M3,2023-04-12,325.021,2023-03-22,21,15,21.668066666666668,intra_chantier,NA,NA,NA,NA,NA,NA,NA
FB220057281,52,Abattage mécanisé de bois d'industrie,M3A,2023-11-06,610,2023-10-27,10,7.142857142857143,85.39999999999999,intra_chantier,NA,NA,NA,NA,NA,NA,NA
FB220058355,89,Abattage mécanisé de bois d'industrie,M3,2024-07-11,475,2024-07-08,3,2.142857142857143,221.66666666666669,intra_chantier,NA,NA,NA,NA,NA,NA,NA
FB220058864,81,Abatt/Façonnage bois d'ind. en billons,M3A,2023-11-13,566.8,2023-11-07,6,4.285714285714286,132.25333333333333,intra_chantier,NA,NA,NA,NA,NA,NA,NA
FB220062529,36,Débardage de bois d'industrie en billons,M3A,2023-03-07,645,2023-01-16,50,35.714285714285715,18.06,intra_chantier,NA,NA,NA,NA,NA,NA,NA
FB220062529,25,Abatt/Façonnage bois d'ind. en billons,M3A,2023-03-23,206,2023-03-07,16,11.428571428571429,18.025,intra_chantier,NA,NA,NA,NA,NA,NA,NA
FB220062529,25,Abatt/Façonnage bois d'ind. en billons,M3A,2023-10-20,130,2023-10-05,15,10.714285714285715,12.133333333333333,intra_chantier,NA,NA,NA,NA,NA,NA,NA
FB220064893,57,Abatt-faç bois ind/chauff feuil billon,M3A,2023-03-07,318.42,2023-01-26,40,28.571428571428573,11.1447,intra_chantier,NA,NA,NA,NA,NA,NA,NA
FB220064893,57,Débardage de billons feuillus,M3A,2023-03-17,318.42,2023-03-07,10,7.142857142857143,44.5788,intra_chantier,NA,NA,NA,NA,NA,NA,NA
FB220064894,33,Abatt-faç bois ind/chauff feuil billon,M3A,2023-04-14,429.14,2023-02-15,58,41.42857142857143,10.35855172413793,intra_chantier,NA,NA,NA,NA,NA,NA,NA
FB220064894,33,Abatt/Faç. grumes feu. toutes classes,M3,2023-05-26,215.62,2023-04-14,42,30,7.187333333333333,intra_chantier,NA,NA,NA,NA,NA,NA,NA
FB220068372,91,Abattage-façonnage de grumes,M3,2023-04-12,332.598,2023-03-31,12,8.571428571428571,38.8031,intra_chantier,NA,NA,NA,NA,NA,NA,NA
FB220068977,44,Débardage de grumes,M3,2023-03-20,155.29,2023-02-02,46,32.85714285714286,4.726217391304347,intra_chantier,NA,NA,NA,NA,NA,NA,NA
FB220068983,51,Abattage-façonnage de grumes,M3,2023-02-15,291,2023-02-02,13,9.285714285714286,31.338461538461537,intra_chantier,NA,NA,NA,NA,NA,NA,NA
FB220068983,36,Débardage de bois d'industrie en billons,M3A,2023-03-23,192,2023-02-15,36,25.714285714285715,7.466666666666667,intra_chantier,NA,NA,NA,NA,NA,NA,NA
FB220071282,23,Abattage-façonnage de grumes,M3,2023-03-31,360.589,2023-03-20,11,7.857142857142858,45.893145454545454,intra_chantier,NA,NA,NA,NA,NA,NA,NA
FB220071382,33,Abatt/Faç. grumes feu. toutes classes,M3,2023-05-26,23.52,2023-04-04,52,37.142857142857146,0.6332307692307692,intra_chantier,NA,NA,NA,NA,NA,NA,NA
FB220071383,33,Abatt/Faç. grumes feu. toutes classes,M3,2023-04-04,223.91,2023-03-17,18,12.857142857142858,17.415222222222223,intra_chantier,NA,NA,NA,NA,NA,NA,NA
FB220071383,33,Abatt/Faç. grumes feu. toutes classes,M3,2023-05-26,116.27,2023-04-04,52,37.142857142857146,3.1303461538461534,intra_chantier,NA,NA,NA,NA,NA,NA,NA
FB220071385,57,Débardage de billons feuillus,M3A,2024-03-14,375.84,2024-02-28,15,10.714285714285715,35.078399999999995,intra_chantier,NA,NA,NA,NA,NA,NA,NA
FB220071385,57,Abatt/Faç. grumes feu. toutes classes,M3,2024-04-15,107.97,2024-03-14,32,22.857142857142858,4.7236875,intra_chantier,NA,NA,NA,NA,NA,NA,NA
FB220071391,57,Abatt/Faç. grumes feu. toutes classes,M3,2023-09-29,65.38,2023-09-21,8,5.714285714285714,11.4415,intra_chantier,NA,NA,NA,NA,NA,NA,NA
FB220071391,57,Débardage de billons feuillus,M3A,2023-10-04,236.53,2023-09-29,5,3.5714285714285716,66.2284,intra_chantier,NA,NA,NA,NA,NA,NA,NA
FB220071391,57,Abatt/Faç. grumes feu. toutes classes,M3,2023-10-26,26.36,2023-10-04,22,15.714285714285715,1.6774545454545453,intra_chantier,NA,NA,NA,NA,NA,NA,NA
FB220071392,33,Abatt/Faç. grumes feu. toutes classes,M3,2024-02-20,280.76,2023-12-21,61,43.57142857142857,6.443672131147541,intra_chantier,NA,NA,NA,NA,NA,NA,NA
FB220071394,11,Abatt/Faç. grumes feu. toutes classes,M3,2023-08-31,100.84,2023-06-30,62,44.285714285714285,2.277032258064516,intra_chantier,NA,NA,NA,NA,NA,NA,NA
FB220071395,11,Abatt/Faç. grumes feu. toutes classes,M3,2023-08-31,400,2023-06-30,62,44.285714285714285,9.03225806451613,intra_chantier,NA,NA,NA,NA,NA,NA,NA
FB220071413,41,Abatt/Faç. grumes feu. toutes classes,M3,2023-05-23,19.16,2023-04-04,49,35,0.5474285714285715,intra_chantier,NA,NA,NA,NA,NA,NA,NA
FB220071414,41,Abatt-faç bois ind/chauff feuil billon,M3A,2023-05-23,75.29,2023-04-04,49,35,2.1511428571428572,intra_chantier,NA,NA,NA,NA,NA,NA,NA
FB220071416,41,Abatt-faç bois ind/chauff feuil billon,M3A,2023-03-31,264.04,2023-03-07,24,17.142857142857142,15.402333333333335,intra_chantier,NA,NA,NA,NA,NA,NA,NA
FB230000250,33,Abatt/Faç. grumes feu. toutes classes,M3,2024-04-05,23.22,2024-02-12,53,37.85714285714286,0.6133584905660376,intra_chantier,NA,NA,NA,NA,NA,NA,NA
FB230001029,24,Débardage,H,2023-03-23,35,2023-02-28,23,16.42857142857143,2.1304347826086953,intra_chantier,NA,NA,NA,NA,NA,NA,NA
FB230002364,33,Abatt/Faç. grumes feu. toutes classes,M3,2023-06-29,151.74,2023-05-30,30,21.42857142857143,7.0812,intra_chantier,NA,NA,NA,NA,NA,NA,NA
FB230003236,47,Débardage de grumes,M3,2023-07-18,392,2023-06-22,26,18.571428571428573,21.107692307692307,intra_chantier,NA,NA,NA,NA,NA,NA,NA
FB230003237,50,Débardage de grumes,M3,2023-05-31,300,2023-04-28,33,23.571428571428573,12.727272727272727,intra_chantier,NA,NA,NA,NA,NA,NA,NA
FB230003237,50,Débardage de grumes,M3,2023-07-20,214.422,2023-05-31,50,35.714285714285715,6.003816,intra_chantier,NA,NA,NA,NA,NA,NA,NA
FB230004672,24,Abattage mécanisé de bois d'industrie,M3A,2023-03-07,13.3,2023-02-08,27,19.285714285714285,0.6896296296296297,intra_chantier,NA,NA,NA,NA,NA,NA,NA
FB230006337,38,Abattage mécanisé de bois d'industrie,M3A,2023-03-29,380,2023-02-27,30,21.42857142857143,17.73333333333333,intra_chantier,NA,NA,NA,NA,NA,NA,NA
FB230006385,37,Abatt/Façonnage bois d'ind. en billons,M3A,2023-04-28,83,2023-03-28,31,22.142857142857142,3.7483870967741937,intra_chantier,NA,NA,NA,NA,NA,NA,NA
FB230007220,18,Abatt/Faç. grumes rés. toutes classes,M3,2023-09-27,377.95,2023-09-21,6,4.285714285714286,88.18833333333333,intra_chantier,NA,NA,NA,NA,NA,NA,NA
FB230007607,24,Abattage mécanisé de bois d'industrie,M3A,2023-03-01,1400,2023-02-20,9,6.428571428571429,217.77777777777777,intra_chantier,NA,NA,NA,NA,NA,NA,NA
FB230008026,26,Débardage de grumes,M3,2023-02-21,134.2,2023-02-14,7,5,26.839999999999996,intra_chantier,NA,NA,NA,NA,NA,NA,NA
FB230008824,20,Débardage de bois d'industrie en billons,M3A,2023-10-05,562,2023-10-02,3,2.142857142857143,262.26666666666665,intra_chantier,NA,NA,NA,NA,NA,NA,NA
FB230009128,25,Abatt/Façonnage bois d'ind. en billons,M3A,2024-09-13,41.4,2024-08-13,31,22.142857142857142,1.8696774193548387,intra_chantier,NA,NA,NA,NA,NA,NA,NA
FB230009134,51,Abattage-façonnage de grumes,M3,2023-06-30,688.3,2023-06-06,24,17.142857142857142,40.15083333333333,intra_chantier,NA,NA,NA,NA,NA,NA,NA
FB230009134,51,Découpe bord route hors contrat abattage,H,2023-07-06,30,2023-06-30,6,4.285714285714286,7,intra_chantier,NA,NA,NA,NA,NA,NA,NA
FB230009148,96,Débardage de bois d'industrie en billons,M3A,2024-10-26,512.916,2024-10-15,11,7.857142857142858,65.28021818181819,intra_chantier,NA,NA,NA,NA,NA,NA,NA
FB230009474,50,Débardage de grumes,M3,2023-11-09,332,2023-11-06,3,2.142857142857143,154.93333333333334,intra_chantier,NA,NA,NA,NA,NA,NA,NA
FB230009499,27,Abatt/Façonnage bois d'ind. en billons,M3A,2024-12-06,456.6,2024-11-04,32,22.857142857142858,19.97625,intra_chantier,NA,NA,NA,NA,NA,NA,NA
FB230009499,36,Débardage de bois d'industrie en billons,M3A,2024-12-12,856.6,2024-12-06,6,4.285714285714286,199.87333333333333,intra_chantier,NA,NA,NA,NA,NA,NA,NA
FB230009499,27,Abatt/Façonnage bois d'ind. en billons,M3A,2025-10-21,267.2,2025-09-30,21,15,17.813333333333333,intra_chantier,NA,NA,NA,NA,NA,NA,NA
FB230011739,24,Abattage mécanisé de bois d'industrie,M3A,2023-03-07,722,2023-03-02,5,3.5714285714285716,202.16,intra_chantier,NA,NA,NA,NA,NA,NA,NA
FB230011739,24,Abattage mécanisé de bois d'industrie,M3A,2023-03-10,203,2023-03-07,3,2.142857142857143,94.73333333333333,intra_chantier,NA,NA,NA,NA,NA,NA,NA
FB230013825,11,Abatt/Faç. grumes feu. toutes classes,M3,2023-12-14,11.53,2023-10-26,49,35,0.3294285714285714,intra_chantier,NA,NA,NA,NA,NA,NA,NA
FB230014468,97,Abattage-façonnage de grumes,M3,2025-10-22,42.2,2025-09-15,37,26.42857142857143,1.5967567567567567,intra_chantier,NA,NA,NA,NA,NA,NA,NA
FB230014478,97,Abattage-façonnage de grumes,M3,2025-10-22,98.6,2025-09-15,37,26.42857142857143,3.7308108108108105,intra_chantier,NA,NA,NA,NA,NA,NA,NA
FB230014922,1,Abattage-façonnage de grumes,M3,2023-05-02,400,2023-04-24,8,5.714285714285714,70,intra_chantier,NA,NA,NA,NA,NA,NA,NA
FB230014922,1,Abattage-façonnage de grumes,M3,2023-05-16,500,2023-05-02,14,10,50,intra_chantier,NA,NA,NA,NA,NA,NA,NA
FB230014922,4,Débardage de grumes,M3A,2023-05-31,1000,2023-05-16,15,10.714285714285715,93.33333333333333,intra_chantier,NA,NA,NA,NA,NA,NA,NA
FB230014922,4,Débardage de grumes,M3A,2023-06-19,1450,2023-06-02,17,12.142857142857142,119.41176470588236,intra_chantier,NA,NA,NA,NA,NA,NA,NA
FB230014922,1,Abattage-façonnage de grumes,M3,2023-06-23,1000,2023-06-19,4,2.857142857142857,350,intra_chantier,NA,NA,NA,NA,NA,NA,NA
FB230014922,1,Abattage-façonnage de grumes,M3,2023-06-30,500,2023-06-23,7,5,100,intra_chantier,NA,NA,NA,NA,NA,NA,NA
FB230014922,1,Abattage-façonnage de grumes,M3,2023-07-24,750,2023-06-30,24,17.142857142857142,43.75,intra_chantier,NA,NA,NA,NA,NA,NA,NA
FB230015072,24,Débardage de bois d'industrie en billons,M3A,2024-09-06,710,2024-09-02,4,2.857142857142857,248.5,intra_chantier,NA,NA,NA,NA,NA,NA,NA
FB230015131,98,Débardage de bois d'industrie en billons,M3A,2025-09-29,381.11,2025-09-23,6,4.285714285714286,88.92566666666667,intra_chantier,NA,NA,NA,NA,NA,NA,NA
FB230015202,70,Abattage mécanisé de bois d'industrie,M3A,2023-05-30,1300,2023-05-11,19,13.571428571428571,95.78947368421053,intra_chantier,NA,NA,NA,NA,NA,NA,NA
FB230016391,11,Abatt-faç bois ind/chauff feuil billon,M3A,2024-09-26,188.15,2024-08-19,38,27.142857142857142,6.931842105263158,intra_chantier,NA,NA,NA,NA,NA,NA,NA
FB230016410,32,Abatt/Faç. grumes feu. toutes classes,M3,2023-12-12,65.16,2023-10-27,46,32.85714285714286,1.9831304347826084,intra_chantier,NA,NA,NA,NA,NA,NA,NA
FB230017939,33,Abatt/Faç. grumes feu. toutes classes,M3,2023-12-21,152.19,2023-10-26,56,40,3.80475,intra_chantier,NA,NA,NA,NA,NA,NA,NA
FB230018000,11,Abatt-faç bois ind/chauff feuil billon,M3A,2024-09-19,530.82,2024-09-05,14,10,53.08200000000001,intra_chantier,NA,NA,NA,NA,NA,NA,NA
FB230018001,11,Abatt/Faç. grumes feu. toutes classes,M3,2024-09-19,5.02,2024-08-21,29,20.714285714285715,0.24234482758620687,intra_chantier,NA,NA,NA,NA,NA,NA,NA
FB230018260,57,Abatt/Faç. grumes feu. toutes classes,M3,2023-08-31,78.75,2023-06-29,63,45,1.75,intra_chantier,NA,NA,NA,NA,NA,NA,NA
FB230020997,57,Débardage de billons feuillus,M3A,2024-08-21,404.13,2024-07-10,42,30,13.471,intra_chantier,NA,NA,NA,NA,NA,NA,NA
FB230020998,41,Abatt-faç bois ind/chauff feuil billon,M3A,2023-11-17,204.53,2023-10-26,22,15.714285714285715,13.015545454545453,intra_chantier,NA,NA,NA,NA,NA,NA,NA
FB230020999,33,Abatt/Faç. grumes feu. toutes classes,M3,2024-03-15,138.36,2024-02-20,24,17.142857142857142,8.071000000000002,intra_chantier,NA,NA,NA,NA,NA,NA,NA
FB230022939,44,Débardage de grumes,M3,2024-02-05,276.63,2024-01-24,12,8.571428571428571,32.2735,intra_chantier,NA,NA,NA,NA,NA,NA,NA
FB230022939,55,Abattage-façonnage de grumes,M3,2024-02-12,276.63,2024-02-05,7,5,55.326,intra_chantier,NA,NA,NA,NA,NA,NA,NA
FB230022939,55,Abatt/Façonnage bois d'ind. en billons,M3A,2024-03-14,400,2024-02-12,31,22.142857142857142,18.06451612903226,intra_chantier,NA,NA,NA,NA,NA,NA,NA
FB230022939,36,Débardage de bois d'industrie en billons,M3A,2024-09-05,172,2024-08-26,10,7.142857142857143,24.08,intra_chantier,NA,NA,NA,NA,NA,NA,NA
FB230022939,44,Débardage de grumes,M3,2024-09-17,76.8,2024-09-05,12,8.571428571428571,8.959999999999999,intra_chantier,NA,NA,NA,NA,NA,NA,NA
FB230022976,55,Abatt/Façonnage bois d'ind. en billons,M3A,2024-08-26,68,2024-07-18,39,27.857142857142858,2.441025641025641,intra_chantier,NA,NA,NA,NA,NA,NA,NA
FB230023021,106,Débardage de bois d'industrie en billons,H,2025-01-13,4.5,2024-12-09,35,25,0.18,intra_chantier,NA,NA,NA,NA,NA,NA,NA
FB230023443,6,Abattage-façonnage de grumes,M3,2024-02-13,610.101,2023-12-18,57,40.714285714285715,14.984936842105263,intra_chantier,NA,NA,NA,NA,NA,NA,NA
FB230024253,18,Abatt-faç bois ind/chauff feuil billon,M3A,2023-09-27,4.14,2023-09-21,6,4.285714285714286,0.966,intra_chantier,NA,NA,NA,NA,NA,NA,NA
FB230026359,83,Abattage-façonnage de grumes,M3,2023-05-15,47.517,2023-05-11,4,2.857142857142857,16.630950000000002,intra_chantier,NA,NA,NA,NA,NA,NA,NA
FB230027166,54,"Abattage, façonnage (gén)",M3,2024-12-03,586.65,2024-10-07,57,40.714285714285715,14.408947368421051,intra_chantier,NA,NA,NA,NA,NA,NA,NA
FB230027166,54,"Abattage, façonnage (gén)",M3,2024-12-17,300.94,2024-12-03,14,10,30.094,intra_chantier,NA,NA,NA,NA,NA,NA,NA
FB230028145,74,Débardage de bois d'industrie en billons,M3A,2023-09-05,800,2023-08-21,15,10.714285714285715,74.66666666666666,intra_chantier,NA,NA,NA,NA,NA,NA,NA
FB230028145,74,Débardage de bois d'industrie en billons,M3A,2023-09-14,1200,2023-09-05,9,6.428571428571429,186.66666666666666,intra_chantier,NA,NA,NA,NA,NA,NA,NA
FB230028145,109,Abattage mécanisé de bois d'industrie,M3,2023-09-21,259,2023-09-14,7,5,51.8,intra_chantier,NA,NA,NA,NA,NA,NA,NA
FB230028149,110,Abattage-façonnage de grumes,M3,2024-12-02,20,2024-11-19,13,9.285714285714286,2.1538461538461537,intra_chantier,NA,NA,NA,NA,NA,NA,NA
FB230028616,45,Abattage-façonnage de grumes,M3,2023-10-12,63.418,2023-09-27,15,10.714285714285715,5.919013333333333,intra_chantier,NA,NA,NA,NA,NA,NA,NA
FB230028619,45,Abattage-façonnage de grumes,M3,2023-09-27,41.574,2023-08-30,28,20,2.0787,intra_chantier,NA,NA,NA,NA,NA,NA,NA
FB230028619,46,Débardage de grumes,M3,2023-10-12,171.574,2023-09-27,15,10.714285714285715,16.013573333333333,intra_chantier,NA,NA,NA,NA,NA,NA,NA
FB230029637,24,Abattage mécanisé de bois d'industrie,M3A,2023-06-06,656.7,2023-05-17,20,14.285714285714286,45.969,intra_chantier,NA,NA,NA,NA,NA,NA,NA
FB230030115,52,Abattage mécanisé de bois d'industrie,M3A,2024-05-03,200,2024-04-17,16,11.428571428571429,17.5,intra_chantier,NA,NA,NA,NA,NA,NA,NA
FB230030395,18,Abattage-façonnage bois industrie résinx,M3A,2023-09-27,768.78,2023-09-18,9,6.428571428571429,119.588,intra_chantier,NA,NA,NA,NA,NA,NA,NA
FB230030796,47,Débardage de grumes,M3,2023-11-20,1005.666,2023-11-06,14,10,100.56660000000001,intra_chantier,NA,NA,NA,NA,NA,NA,NA
FB230030797,20,Débardage de bois d'industrie en billons,M3A,2024-04-12,580,2024-03-11,32,22.857142857142858,25.375,intra_chantier,NA,NA,NA,NA,NA,NA,NA
FB230030984,48,Abattage-façonnage de grumes,M3,2023-07-21,13,2023-07-18,3,2.142857142857143,6.066666666666666,intra_chantier,NA,NA,NA,NA,NA,NA,NA
FB230031158,48,Abattage-façonnage de grumes,M3,2023-08-07,32,2023-07-18,20,14.285714285714286,2.2399999999999998,intra_chantier,NA,NA,NA,NA,NA,NA,NA
FB230032329,57,Abatt/Faç. grumes feu. toutes classes,M3,2023-10-26,282.59,2023-09-29,27,19.285714285714285,14.652814814814814,intra_chantier,NA,NA,NA,NA,NA,NA,NA
FB230032329,57,Abatt/Faç. grumes feu. toutes classes,M3,2023-11-17,170,2023-10-26,22,15.714285714285715,10.818181818181818,intra_chantier,NA,NA,NA,NA,NA,NA,NA
FB230032329,57,Abatt/Faç. grumes feu. toutes classes,M3,2023-12-12,44.01,2023-11-17,25,17.857142857142858,2.4645599999999996,intra_chantier,NA,NA,NA,NA,NA,NA,NA
FB230032329,57,Débardage de billons feuillus,M3A,2024-04-23,888.68,2024-04-18,5,3.5714285714285716,248.83039999999997,intra_chantier,NA,NA,NA,NA,NA,NA,NA
FB230032331,33,Abatt/Faç. grumes feu. toutes classes,M3,2024-04-18,56.3,2024-02-20,58,41.42857142857143,1.3589655172413793,intra_chantier,NA,NA,NA,NA,NA,NA,NA
FB230034863,117,Abattage mécanisé de bois d'industrie,M3A,2023-09-20,1231.8,2023-09-08,12,8.571428571428571,143.71,intra_chantier,NA,NA,NA,NA,NA,NA,NA
FB230034863,117,Abattage mécanisé de bois d'industrie,M3A,2023-10-02,623.918,2023-09-21,11,7.857142857142858,79.40774545454545,intra_chantier,NA,NA,NA,NA,NA,NA,NA
FB230035078,118,Débardage de bois d'oeuve feuillu,M3,2023-08-01,1000,2023-07-04,28,20,50,intra_chantier,NA,NA,NA,NA,NA,NA,NA
FB230035078,120,Abatt/Faç. grumes feu. toutes classes,M3,2023-09-01,97.26,2023-08-01,31,22.142857142857142,4.392387096774194,intra_chantier,NA,NA,NA,NA,NA,NA,NA
FB230035078,118,Débardage de bois d'oeuve feuillu,M3,2023-10-16,500,2023-09-01,45,32.142857142857146,15.555555555555554,intra_chantier,NA,NA,NA,NA,NA,NA,NA
FB230035542,33,Abatt/Faç. grumes feu. toutes classes,M3,2024-06-13,119.46,2024-04-18,56,40,2.9865,intra_chantier,NA,NA,NA,NA,NA,NA,NA
FB230037875,23,Abattage-façonnage de grumes,H,2024-03-07,10,2024-02-26,10,7.142857142857143,1.4,intra_chantier,NA,NA,NA,NA,NA,NA,NA
FB230040804,33,Débardage de billons résineux,M3A,2024-11-06,500,2024-09-13,54,38.57142857142857,12.962962962962964,intra_chantier,NA,NA,NA,NA,NA,NA,NA
FB230040804,33,Abatt/Faç. grumes feu. toutes classes,M3,2025-04-28,12.7,2025-04-09,19,13.571428571428571,0.9357894736842105,intra_chantier,NA,NA,NA,NA,NA,NA,NA
FB230040826,33,Abatt/Faç. grumes feu. toutes classes,M3,2024-11-25,136.78,2024-10-09,47,33.57142857142857,4.074297872340426,intra_chantier,NA,NA,NA,NA,NA,NA,NA
FB230041385,11,Abatt/Faç. grumes rés. toutes classes,M3,2024-01-26,351.49,2023-12-14,43,30.714285714285715,11.443860465116279,intra_chantier,NA,NA,NA,NA,NA,NA,NA
FB230041564,72,Abatt-faç bois ind/chauff feuil billon,M3A,2023-11-22,190,2023-09-28,55,39.285714285714285,4.836363636363637,intra_chantier,NA,NA,NA,NA,NA,NA,NA
FB230041758,32,Abatt/Faç. grumes feu. toutes classes,M3,2024-05-24,200,2024-04-11,43,30.714285714285715,6.511627906976744,intra_chantier,NA,NA,NA,NA,NA,NA,NA
FB230041758,32,Abatt/Faç. grumes feu. toutes classes,M3,2024-06-05,166.95,2024-05-24,12,8.571428571428571,19.4775,intra_chantier,NA,NA,NA,NA,NA,NA,NA
FB230043072,24,Abattage mécanisé de bois d'industrie,M3A,2023-07-27,1401.8,2023-07-06,21,15,93.45333333333333,intra_chantier,NA,NA,NA,NA,NA,NA,NA
FB230043072,24,Abattage mécanisé de bois d'industrie,M3A,2023-08-09,1057.4,2023-07-27,13,9.285714285714286,113.87384615384616,intra_chantier,NA,NA,NA,NA,NA,NA,NA
FB230043592,11,Abatt/Faç. grumes feu. toutes classes,M3,2024-08-26,413.94,2024-08-21,5,3.5714285714285716,115.9032,intra_chantier,NA,NA,NA,NA,NA,NA,NA
FB230043592,11,Abatt/Faç. grumes feu. toutes classes,M3,2024-09-19,3.37,2024-08-26,24,17.142857142857142,0.19658333333333333,intra_chantier,NA,NA,NA,NA,NA,NA,NA
FB230043617,11,Abatt-faç bois ind/chauff feuil billon,M3A,2024-05-16,568.38,2024-04-24,22,15.714285714285715,36.169636363636364,intra_chantier,NA,NA,NA,NA,NA,NA,NA
FB230048594,81,Abatt/Façonnage bois d'ind. en billons,M3A,2024-08-13,216.3,2024-06-14,60,42.85714285714286,5.047,intra_chantier,NA,NA,NA,NA,NA,NA,NA
FB230050466,11,Abatt/Faç. grumes feu. toutes classes,M3,2024-06-05,1.67,2024-05-16,20,14.285714285714286,0.11689999999999999,intra_chantier,NA,NA,NA,NA,NA,NA,NA
FB230052536,27,Abatt/Façonnage bois d'ind. en billons,M3A,2023-09-04,1356.4,2023-08-29,6,4.285714285714286,316.49333333333334,intra_chantier,NA,NA,NA,NA,NA,NA,NA
FB230052536,64,Débardage de bois d'industrie en billons,M3A,2023-10-09,723,2023-09-04,35,25,28.92,intra_chantier,NA,NA,NA,NA,NA,NA,NA
FB230053301,107,"Abattage, façonnage (gén)",H,2023-09-01,13.5,2023-08-04,28,20,0.675,intra_chantier,NA,NA,NA,NA,NA,NA,NA
FB230053301,107,"Abattage, façonnage (gén)",H,2023-09-29,0.5,2023-09-01,28,20,0.025,intra_chantier,NA,NA,NA,NA,NA,NA,NA
FB230054475,21,Abattage-façonnage de grumes,M3,2023-10-10,7.081,2023-10-04,6,4.285714285714286,1.6522333333333334,intra_chantier,NA,NA,NA,NA,NA,NA,NA
FB230054475,21,Abattage mécanisé de bois d'industrie,TO,2023-12-07,400,2023-10-10,58,41.42857142857143,9.655172413793103,intra_chantier,NA,NA,NA,NA,NA,NA,NA
FB230054599,2,Abattage-façonnage de grumes,U,2023-09-25,1,2023-08-23,33,23.571428571428573,0.04242424242424242,intra_chantier,NA,NA,NA,NA,NA,NA,NA
FB230054599,2,Abattage-façonnage de grumes,U,2023-10-04,1,2023-09-25,9,6.428571428571429,0.15555555555555556,intra_chantier,NA,NA,NA,NA,NA,NA,NA
FB230054599,2,Abattage-façonnage de grumes,U,2023-11-06,1,2023-10-04,33,23.571428571428573,0.04242424242424242,intra_chantier,NA,NA,NA,NA,NA,NA,NA
FB230055143,116,Abattage-façonnage de grumes,M3,2023-09-29,58.549,2023-09-15,14,10,5.8549,intra_chantier,NA,NA,NA,NA,NA,NA,NA
FB230055143,125,Débardage de grumes,M3,2023-10-03,58,2023-09-29,4,2.857142857142857,20.3,intra_chantier,NA,NA,NA,NA,NA,NA,NA
FB230055143,116,Abattage-façonnage de grumes,M3,2023-10-20,133.926,2023-10-03,17,12.142857142857142,11.0292,intra_chantier,NA,NA,NA,NA,NA,NA,NA
FB230055143,125,Débardage de grumes,M3,2023-12-04,330,2023-10-20,45,32.142857142857146,10.266666666666666,intra_chantier,NA,NA,NA,NA,NA,NA,NA
FB230056485,52,Abattage mécanisé de bois d'industrie,M3A,2024-10-23,98,2024-09-26,27,19.285714285714285,5.0814814814814815,intra_chantier,NA,NA,NA,NA,NA,NA,NA
FB230057027,126,Abatt/Faç. grumes feu. toutes classes,M3,2025-03-20,60.336,2025-02-28,20,14.285714285714286,4.22352,intra_chantier,NA,NA,NA,NA,NA,NA,NA
FB230057028,128,Débardage de grumes,TO,2024-02-15,600,2024-01-24,22,15.714285714285715,38.18181818181818,intra_chantier,NA,NA,NA,NA,NA,NA,NA
FB230057028,118,Débardage de bois d'oeuve feuillu,M3,2024-02-19,900,2024-02-15,4,2.857142857142857,315,intra_chantier,NA,NA,NA,NA,NA,NA,NA
FB230057028,128,Débardage de billons feuillus,TO,2024-04-22,731,2024-02-19,63,45,16.244444444444444,intra_chantier,NA,NA,NA,NA,NA,NA,NA
FB230057028,127,Abatt/Faç. grumes feu. toutes classes,M3,2024-06-17,324.61,2024-04-22,56,40,8.11525,intra_chantier,NA,NA,NA,NA,NA,NA,NA
FB230057046,81,Abatt/Façonnage bois d'ind. en billons,M3A,2025-08-25,567.8,2025-07-02,54,38.57142857142857,14.720740740740741,intra_chantier,NA,NA,NA,NA,NA,NA,NA
FB230057066,98,Débardage de bois d'industrie en billons,M3A,2024-12-23,92.8,2024-12-16,7,5,18.56,intra_chantier,NA,NA,NA,NA,NA,NA,NA
FB230057651,33,Abatt/Faç. grumes feu. toutes classes,M3,2024-03-15,25,2024-02-12,32,22.857142857142858,1.09375,intra_chantier,NA,NA,NA,NA,NA,NA,NA
FB230058145,24,Débardage de bois d'industrie en billons,M3A,2023-11-06,102,2023-10-25,12,8.571428571428571,11.9,intra_chantier,NA,NA,NA,NA,NA,NA,NA
FB230058145,24,Débardage,H,2023-12-11,9,2023-11-06,35,25,0.36,intra_chantier,NA,NA,NA,NA,NA,NA,NA
FB230058480,24,Abattage mécanisé de bois d'industrie,M3A,2023-09-12,344,2023-09-04,8,5.714285714285714,60.199999999999996,intra_chantier,NA,NA,NA,NA,NA,NA,NA
FB230058480,24,Abattage mécanisé de bois d'industrie,M3A,2023-09-15,727,2023-09-12,3,2.142857142857143,339.26666666666665,intra_chantier,NA,NA,NA,NA,NA,NA,NA
FB230058480,24,Abattage mécanisé de bois d'industrie,M3A,2023-09-28,935,2023-09-15,13,9.285714285714286,100.69230769230768,intra_chantier,NA,NA,NA,NA,NA,NA,NA
FB230058480,24,Abattage mécanisé de bois d'industrie,M3A,2023-11-06,343,2023-09-28,39,27.857142857142858,12.312820512820512,intra_chantier,NA,NA,NA,NA,NA,NA,NA
FB230059587,25,Abatt/Façonnage bois d'ind. en billons,M3A,2024-04-08,150,2024-02-20,48,34.285714285714285,4.375,intra_chantier,NA,NA,NA,NA,NA,NA,NA
FB230059587,25,Abatt/Façonnage bois d'ind. en billons,M3A,2025-05-05,120,2025-04-22,13,9.285714285714286,12.923076923076922,intra_chantier,NA,NA,NA,NA,NA,NA,NA
FB230059587,98,Débardage de bois d'industrie en billons,M3A,2025-07-18,259.9,2025-05-14,65,46.42857142857143,5.597846153846153,intra_chantier,NA,NA,NA,NA,NA,NA,NA
FB230061085,117,Abattage mécanisé de bois d'industrie,M3A,2024-12-09,199.9,2024-11-21,18,12.857142857142858,15.547777777777778,intra_chantier,NA,NA,NA,NA,NA,NA,NA
FB230061132,117,Abattage mécanisé de bois d'industrie,M3A,2023-09-29,322.333,2023-09-21,8,5.714285714285714,56.408275,intra_chantier,NA,NA,NA,NA,NA,NA,NA
FB230061132,117,Abattage mécanisé de bois d'industrie,M3A,2023-10-09,45.24,2023-09-29,10,7.142857142857143,6.3336,intra_chantier,NA,NA,NA,NA,NA,NA,NA
FB230061132,117,Abattage mécanisé de bois d'industrie,M3A,2023-10-20,406.968,2023-10-09,11,7.857142857142858,51.79592727272727,intra_chantier,NA,NA,NA,NA,NA,NA,NA
FB230061132,117,Abattage mécanisé de bois d'industrie,M3A,2023-10-26,441.04,2023-10-20,6,4.285714285714286,102.90933333333334,intra_chantier,NA,NA,NA,NA,NA,NA,NA
FB230061921,32,Abatt/Faç. grumes feu. toutes classes,M3,2023-11-17,126.4,2023-10-20,28,20,6.32,intra_chantier,NA,NA,NA,NA,NA,NA,NA
FB230062161,27,Abattage-façonnage de grumes,M3,2023-12-12,189.41,2023-11-17,25,17.857142857142858,10.606959999999999,intra_chantier,NA,NA,NA,NA,NA,NA,NA
FB230062161,22,Débardage de grumes,M3,2024-07-26,147.91,2024-07-23,3,2.142857142857143,69.02466666666666,intra_chantier,NA,NA,NA,NA,NA,NA,NA
FB230062161,27,Abattage-façonnage de grumes,M3,2024-09-03,150.23,2024-07-26,39,27.857142857142858,5.392871794871795,intra_chantier,NA,NA,NA,NA,NA,NA,NA
FB230062161,80,Débardage de bois d'industrie en billons,M3A,2025-12-22,395,2025-12-12,10,7.142857142857143,55.3,intra_chantier,NA,NA,NA,NA,NA,NA,NA
FB230062234,24,Abattage mécanisé de bois d'industrie,M3A,2023-10-11,375,2023-10-05,6,4.285714285714286,87.5,intra_chantier,NA,NA,NA,NA,NA,NA,NA
FB230062234,24,Abattage mécanisé de bois d'industrie,M3A,2023-11-06,696,2023-10-11,26,18.571428571428573,37.47692307692307,intra_chantier,NA,NA,NA,NA,NA,NA,NA
FB230062280,26,Débardage de grumes,M3,2023-12-12,110.757,2023-11-08,34,24.285714285714285,4.560582352941177,intra_chantier,NA,NA,NA,NA,NA,NA,NA
FB230062373,129,"Abattage, façonnage (gén)",M3,2024-09-30,64.937,2024-08-26,35,25,2.59748,intra_chantier,NA,NA,NA,NA,NA,NA,NA
FB230062375,129,Abattage-façonnage de grumes,M3,2024-09-30,100.536,2024-08-26,35,25,4.02144,intra_chantier,NA,NA,NA,NA,NA,NA,NA
FB230063182,26,Débardage de grumes,M3,2023-11-08,187.46,2023-10-31,8,5.714285714285714,32.8055,intra_chantier,NA,NA,NA,NA,NA,NA,NA
FB230063182,26,Débardage de grumes,M3,2023-11-23,61.22,2023-11-08,15,10.714285714285715,5.713866666666666,intra_chantier,NA,NA,NA,NA,NA,NA,NA
FB230063182,25,Abattage-façonnage de grumes,M3,2024-04-02,100,2024-03-19,14,10,10,intra_chantier,NA,NA,NA,NA,NA,NA,NA
FB230063182,36,Débardage de bois d'industrie en billons,M3A,2024-11-25,852.4,2024-09-30,56,40,21.31,intra_chantier,NA,NA,NA,NA,NA,NA,NA
FB230063182,25,Abatt/Façonnage bois d'ind. en billons,M3A,2024-11-28,561.6,2024-11-25,3,2.142857142857143,262.08000000000004,intra_chantier,NA,NA,NA,NA,NA,NA,NA
FB230063271,22,Débardage de grumes,M3,2024-07-26,123.09,2024-07-23,3,2.142857142857143,57.442,intra_chantier,NA,NA,NA,NA,NA,NA,NA
FB230063271,27,Abatt/Façonnage bois d'ind. en billons,M3A,2024-09-11,250,2024-07-26,47,33.57142857142857,7.446808510638299,intra_chantier,NA,NA,NA,NA,NA,NA,NA
FB230063271,80,Débardage de bois d'industrie en billons,M3A,2025-10-23,56.5,2025-10-09,14,10,5.65,intra_chantier,NA,NA,NA,NA,NA,NA,NA
FB230063596,57,Débardage de billons feuillus,M3A,2024-03-14,251.34,2024-02-12,31,22.142857142857142,11.35083870967742,intra_chantier,NA,NA,NA,NA,NA,NA,NA
FB230063596,57,Abatt/Faç. grumes feu. toutes classes,M3,2024-03-22,253.37,2024-03-15,7,5,50.674,intra_chantier,NA,NA,NA,NA,NA,NA,NA
FB230063988,33,Débardage,M3,2025-08-12,40.53,2025-06-26,47,33.57142857142857,1.207276595744681,intra_chantier,NA,NA,NA,NA,NA,NA,NA
FB230063988,11,Abatt-faç bois ind/chauff feuil billon,M3A,2025-08-28,111.96,2025-08-12,16,11.428571428571429,9.7965,intra_chantier,NA,NA,NA,NA,NA,NA,NA
FB230066128,44,Débardage de grumes,M3,2023-10-25,20.3,2023-10-20,5,3.5714285714285716,5.684,intra_chantier,NA,NA,NA,NA,NA,NA,NA
FB230066946,125,Débardage de grumes,M3,2023-12-04,287,2023-10-26,39,27.857142857142858,10.302564102564101,intra_chantier,NA,NA,NA,NA,NA,NA,NA
FB230066946,116,Abattage-façonnage de grumes,M3,2023-12-19,325.681,2023-12-04,15,10.714285714285715,30.396893333333328,intra_chantier,NA,NA,NA,NA,NA,NA,NA
FB230066946,116,Abattage-façonnage de grumes,M3,2024-09-09,72.235,2024-09-06,3,2.142857142857143,33.70966666666667,intra_chantier,NA,NA,NA,NA,NA,NA,NA
FB230066946,125,Débardage de grumes,M3,2024-10-14,155.181,2024-09-09,35,25,6.2072400000000005,intra_chantier,NA,NA,NA,NA,NA,NA,NA
FB230067430,131,Débardage,M3A,2024-08-19,81.78,2024-07-04,46,32.85714285714286,2.48895652173913,intra_chantier,NA,NA,NA,NA,NA,NA,NA
FB230067565,11,Abatt-faç bois ind/chauff feuil billon,M3A,2024-03-28,116.23,2024-02-21,36,25.714285714285715,4.5200555555555555,intra_chantier,NA,NA,NA,NA,NA,NA,NA
FB230067864,132,Débardage de grumes,M3,2025-05-22,65,2025-04-28,24,17.142857142857142,3.791666666666667,intra_chantier,NA,NA,NA,NA,NA,NA,NA
FB230068674,24,Abattage mécanisé de bois d'industrie,M3A,2023-12-05,999.3,2023-11-10,25,17.857142857142858,55.9608,intra_chantier,NA,NA,NA,NA,NA,NA,NA
FB230069124,33,Abatt/Faç. grumes feu. toutes classes,M3,2024-04-18,120.91,2024-03-15,34,24.285714285714285,4.97864705882353,intra_chantier,NA,NA,NA,NA,NA,NA,NA
FB230069126,41,Abatt/Faç. grumes feu. toutes classes,M3,2024-09-13,58.86,2024-07-12,63,45,1.308,intra_chantier,NA,NA,NA,NA,NA,NA,NA
FB230069126,41,Abatt/Faç. grumes feu. toutes classes,M3,2024-09-26,22.18,2024-09-13,13,9.285714285714286,2.3886153846153846,intra_chantier,NA,NA,NA,NA,NA,NA,NA
FB230069285,47,Débardage de grumes,M3,2025-02-20,40,2025-02-05,15,10.714285714285715,3.733333333333333,intra_chantier,NA,NA,NA,NA,NA,NA,NA
FB230070378,70,Abattage mécanisé de bois d'industrie,M3A,2024-01-30,952,2023-12-14,47,33.57142857142857,28.35744680851064,intra_chantier,NA,NA,NA,NA,NA,NA,NA
FB230071361,53,Abattage-façonnage de grumes,M3,2024-03-29,700.208,2024-03-12,17,12.142857142857142,57.66418823529412,intra_chantier,NA,NA,NA,NA,NA,NA,NA
FB230071365,57,Abatt/Faç. grumes feu. toutes classes,M3,2024-02-28,209.04,2024-02-12,16,11.428571428571429,18.291,intra_chantier,NA,NA,NA,NA,NA,NA,NA
FB230071365,57,Abatt/Faç. grumes feu. toutes classes,M3,2024-04-15,17.78,2024-02-28,47,33.57142857142857,0.5296170212765958,intra_chantier,NA,NA,NA,NA,NA,NA,NA
FB230071775,33,Abatt/Faç. grumes feu. toutes classes,M3,2025-04-28,121.67,2025-04-09,19,13.571428571428571,8.965157894736842,intra_chantier,NA,NA,NA,NA,NA,NA,NA
FB230071785,57,Abatt/Faç. grumes feu. toutes classes,M3,2024-05-16,286,2024-04-24,22,15.714285714285715,18.2,intra_chantier,NA,NA,NA,NA,NA,NA,NA
FB230071891,33,Abatt/Faç. grumes feu. toutes classes,M3,2025-08-12,27.59,2025-06-13,60,42.85714285714286,0.6437666666666666,intra_chantier,NA,NA,NA,NA,NA,NA,NA
FB230072351,11,Abatt-faç bois ind/chauff feuil billon,M3A,2024-06-05,288.88,2024-04-24,42,30,9.629333333333333,intra_chantier,NA,NA,NA,NA,NA,NA,NA
FB230072373,32,Abatt/Faç. grumes rés. toutes classes,M3,2024-11-15,160.67,2024-09-19,57,40.714285714285715,3.9462807017543855,intra_chantier,NA,NA,NA,NA,NA,NA,NA
FB230072377,32,Abatt/Faç. grumes feu. toutes classes,M3,2024-11-19,263.93,2024-11-15,4,2.857142857142857,92.3755,intra_chantier,NA,NA,NA,NA,NA,NA,NA
FB230075443,51,Abattage-façonnage de grumes,M3,2024-02-23,122.14,2024-01-30,24,17.142857142857142,7.124833333333334,intra_chantier,NA,NA,NA,NA,NA,NA,NA
FB230075682,6,Abattage-façonnage de grumes,M3,2024-03-13,177,2024-02-21,21,15,11.8,intra_chantier,NA,NA,NA,NA,NA,NA,NA
FB230076279,33,Abatt/Faç. grumes feu. toutes classes,M3,2024-04-08,78.15,2024-03-15,24,17.142857142857142,4.558750000000001,intra_chantier,NA,NA,NA,NA,NA,NA,NA
FB240001059,50,Débardage de grumes,M3,2025-07-01,474,2025-06-27,4,2.857142857142857,165.9,intra_chantier,NA,NA,NA,NA,NA,NA,NA
FB240004149,107,Abattage mécanisé de bois d'industrie,M3A,2025-02-18,165,2025-02-12,6,4.285714285714286,38.5,intra_chantier,NA,NA,NA,NA,NA,NA,NA
FB240004275,33,Abatt/Faç. grumes feu. toutes classes,M3,2024-08-19,275.4,2024-07-04,46,32.85714285714286,8.38173913043478,intra_chantier,NA,NA,NA,NA,NA,NA,NA
FB240004593,33,Abatt/Faç. grumes feu. toutes classes,M3,2024-12-10,117.11,2024-11-25,15,10.714285714285715,10.930266666666666,intra_chantier,NA,NA,NA,NA,NA,NA,NA
FB240004593,33,Abatt-faç bois ind/chauff feuil billon,M3A,2025-01-22,300,2024-12-10,43,30.714285714285715,9.767441860465116,intra_chantier,NA,NA,NA,NA,NA,NA,NA
FB240004593,33,Abatt-faç bois ind/chauff feuil billon,M3A,2025-02-12,84.42,2025-01-22,21,15,5.628,intra_chantier,NA,NA,NA,NA,NA,NA,NA
FB240004597,33,Abatt/Faç. grumes feu. toutes classes,M3,2024-10-09,85.75,2024-08-19,51,36.42857142857143,2.353921568627451,intra_chantier,NA,NA,NA,NA,NA,NA,NA
FB240004598,41,Abatt/Faç. grumes feu. toutes classes,M3,2024-06-05,192.82,2024-05-16,20,14.285714285714286,13.497399999999999,intra_chantier,NA,NA,NA,NA,NA,NA,NA
FB240004684,132,Débardage de grumes,M3,2025-03-24,268.05,2025-03-03,21,15,17.87,intra_chantier,NA,NA,NA,NA,NA,NA,NA
FB240004691,11,Abatt-faç bois ind/chauff feuil billon,M3A,2024-08-23,337.56,2024-08-19,4,2.857142857142857,118.146,intra_chantier,NA,NA,NA,NA,NA,NA,NA
FB240004693,132,Débardage de grumes,M3,2025-09-11,186.67,2025-07-10,63,45,4.148222222222222,intra_chantier,NA,NA,NA,NA,NA,NA,NA
FB240004697,132,Abatt-faç bois ind/chauff feuil billon,M3A,2024-12-12,300.46,2024-10-18,55,39.285714285714285,7.648072727272727,intra_chantier,NA,NA,NA,NA,NA,NA,NA
FB240008951,52,Abattage mécanisé de bois d'industrie,M3A,2024-03-29,500,2024-03-20,9,6.428571428571429,77.77777777777777,intra_chantier,NA,NA,NA,NA,NA,NA,NA
FB240009219,132,Débardage de grumes,M3,2025-05-23,116.15,2025-05-20,3,2.142857142857143,54.20333333333334,intra_chantier,NA,NA,NA,NA,NA,NA,NA
FB240009219,132,Abatt-faç bois ind/chauff feuil billon,M3A,2025-05-26,133.92,2025-05-23,3,2.142857142857143,62.495999999999995,intra_chantier,NA,NA,NA,NA,NA,NA,NA
FB240009289,18,Débardage de bois d'oeuvre resineux,M3,2025-05-27,18.62,2025-05-22,5,3.5714285714285716,5.2136,intra_chantier,NA,NA,NA,NA,NA,NA,NA
FB240009822,33,Abatt-faç bois ind/chauff feuil billon,M3A,2025-03-18,361.67,2025-01-22,55,39.285714285714285,9.206145454545455,intra_chantier,NA,NA,NA,NA,NA,NA,NA
FB240010052,72,Abatt/Faç. grumes feu. toutes classes,M3,2024-05-31,43.48,2024-05-23,8,5.714285714285714,7.608999999999999,intra_chantier,NA,NA,NA,NA,NA,NA,NA
FB240010630,122,Abatt/Faç. grumes rés. toutes classes,M3,2024-11-14,200,2024-10-21,24,17.142857142857142,11.666666666666668,intra_chantier,NA,NA,NA,NA,NA,NA,NA
FB240010630,118,Débardage de bois d'oeuve feuillu,M3,2024-11-18,1319.9,2024-11-14,4,2.857142857142857,461.96500000000003,intra_chantier,NA,NA,NA,NA,NA,NA,NA
FB240010630,119,Abatt/Faç. grumes feu. toutes classes,M3,2024-12-23,243.94,2024-11-18,35,25,9.7576,intra_chantier,NA,NA,NA,NA,NA,NA,NA
FB240012268,33,Abatt/Faç. grumes feu. toutes classes,M3,2025-03-18,302.82,2025-01-23,54,38.57142857142857,7.850888888888889,intra_chantier,NA,NA,NA,NA,NA,NA,NA
FB240015581,44,Débardage de grumes,M3,2024-12-19,327,2024-10-30,50,35.714285714285715,9.156,intra_chantier,NA,NA,NA,NA,NA,NA,NA
FB240016862,115,Débardage,U,2024-06-24,4,2024-06-13,11,7.857142857142858,0.509090909090909,intra_chantier,NA,NA,NA,NA,NA,NA,NA
FB240018118,102,Débardage,H,2024-07-08,198.5,2024-06-17,21,15,13.233333333333333,intra_chantier,NA,NA,NA,NA,NA,NA,NA
FB240018118,148,Abattage-façonnage de grumes,M3,2024-08-02,144,2024-07-08,25,17.857142857142858,8.064,intra_chantier,NA,NA,NA,NA,NA,NA,NA
FB240018118,146,"Abattage, façonnage (gén)",H,2024-08-07,15,2024-08-02,5,3.5714285714285716,4.2,intra_chantier,NA,NA,NA,NA,NA,NA,NA
FB240018118,148,"Abattage, façonnage (gén)",H,2024-08-21,20,2024-08-07,14,10,2,intra_chantier,NA,NA,NA,NA,NA,NA,NA
FB240018118,148,Abattage-façonnage de grumes,M3,2024-08-27,100,2024-08-21,6,4.285714285714286,23.333333333333336,intra_chantier,NA,NA,NA,NA,NA,NA,NA
FB240018118,147,Abattage-façonnage de grumes,M3,2024-08-30,30,2024-08-27,3,2.142857142857143,14,intra_chantier,NA,NA,NA,NA,NA,NA,NA
FB240018118,148,Abattage-façonnage de grumes,M3,2024-09-02,168,2024-08-30,3,2.142857142857143,78.4,intra_chantier,NA,NA,NA,NA,NA,NA,NA
FB240018118,148,Abattage-façonnage de grumes,M3,2024-09-11,104,2024-09-02,9,6.428571428571429,16.177777777777777,intra_chantier,NA,NA,NA,NA,NA,NA,NA
FB240018118,147,Abattage-façonnage de grumes,M3,2024-09-16,30,2024-09-12,4,2.857142857142857,10.5,intra_chantier,NA,NA,NA,NA,NA,NA,NA
FB240018118,148,Abattage-façonnage de grumes,M3,2024-09-25,224,2024-09-16,9,6.428571428571429,34.84444444444444,intra_chantier,NA,NA,NA,NA,NA,NA,NA
FB240018118,147,Abattage-façonnage de grumes,M3,2024-10-03,30,2024-09-25,8,5.714285714285714,5.25,intra_chantier,NA,NA,NA,NA,NA,NA,NA
FB240018118,148,Abattage-façonnage de grumes,M3,2024-10-11,168,2024-10-03,8,5.714285714285714,29.4,intra_chantier,NA,NA,NA,NA,NA,NA,NA
FB240018118,148,Abattage-façonnage de grumes,M3,2024-10-16,84,2024-10-11,5,3.5714285714285716,23.52,intra_chantier,NA,NA,NA,NA,NA,NA,NA
FB240018118,148,Abattage-façonnage de grumes,M3,2024-10-23,76,2024-10-17,6,4.285714285714286,17.733333333333334,intra_chantier,NA,NA,NA,NA,NA,NA,NA
FB240018118,147,Abattage-façonnage de grumes,M3,2024-11-05,40,2024-10-23,13,9.285714285714286,4.3076923076923075,intra_chantier,NA,NA,NA,NA,NA,NA,NA
FB240018118,148,Abattage-façonnage de grumes,M3,2024-11-15,176,2024-11-05,10,7.142857142857143,24.639999999999997,intra_chantier,NA,NA,NA,NA,NA,NA,NA
FB240018118,147,Abattage-façonnage de grumes,M3,2024-11-25,60,2024-11-15,10,7.142857142857143,8.4,intra_chantier,NA,NA,NA,NA,NA,NA,NA
FB240018118,148,Abattage-façonnage de grumes,M3,2024-12-09,168,2024-11-25,14,10,16.8,intra_chantier,NA,NA,NA,NA,NA,NA,NA
FB240018118,147,Abattage-façonnage de grumes,M3,2024-12-13,30,2024-12-09,4,2.857142857142857,10.5,intra_chantier,NA,NA,NA,NA,NA,NA,NA
FB240018118,148,Abattage-façonnage de grumes,M3,2024-12-18,158,2024-12-13,5,3.5714285714285716,44.239999999999995,intra_chantier,NA,NA,NA,NA,NA,NA,NA
FB240018118,147,Abattage-façonnage de grumes,M3,2025-01-15,10,2024-12-18,28,20,0.5,intra_chantier,NA,NA,NA,NA,NA,NA,NA
FB240018118,148,Abattage-façonnage de grumes,M3,2025-01-21,168,2025-01-17,4,2.857142857142857,58.8,intra_chantier,NA,NA,NA,NA,NA,NA,NA
FB240018118,148,Abattage-façonnage de grumes,M3,2025-01-28,112,2025-01-23,5,3.5714285714285716,31.36,intra_chantier,NA,NA,NA,NA,NA,NA,NA
FB240018118,148,Abattage-façonnage de grumes,M3,2025-02-06,52,2025-01-28,9,6.428571428571429,8.088888888888889,intra_chantier,NA,NA,NA,NA,NA,NA,NA
FB240018118,148,Abattage-façonnage de grumes,M3,2025-02-13,24,2025-02-07,6,4.285714285714286,5.6000000000000005,intra_chantier,NA,NA,NA,NA,NA,NA,NA
FB240018118,148,Débardage,M3,2025-02-24,89.46,2025-02-13,11,7.857142857142858,11.38581818181818,intra_chantier,NA,NA,NA,NA,NA,NA,NA
FB240018118,148,"Abattage, façonnage (gén)",H,2025-03-11,10,2025-02-26,13,9.285714285714286,1.0769230769230769,intra_chantier,NA,NA,NA,NA,NA,NA,NA
FB240018118,148,Débardage,M3,2025-03-24,7.75,2025-03-11,13,9.285714285714286,0.8346153846153845,intra_chantier,NA,NA,NA,NA,NA,NA,NA
FB240018118,148,Débardage,M3,2025-03-27,24.41,2025-03-24,3,2.142857142857143,11.391333333333334,intra_chantier,NA,NA,NA,NA,NA,NA,NA
FB240018118,148,Débardage,M3,2025-04-03,42.48,2025-03-27,7,5,8.495999999999999,intra_chantier,NA,NA,NA,NA,NA,NA,NA
FB240018118,147,Abattage-façonnage de grumes,M3,2025-04-07,17.503,2025-04-03,4,2.857142857142857,6.12605,intra_chantier,NA,NA,NA,NA,NA,NA,NA
FB240018118,107,Débardage,H,2025-04-30,43,2025-04-07,23,16.42857142857143,2.6173913043478256,intra_chantier,NA,NA,NA,NA,NA,NA,NA
FB240018118,107,Débardage de grumes,M3,2025-09-17,131.95,2025-09-03,14,10,13.194999999999999,intra_chantier,NA,NA,NA,NA,NA,NA,NA
FB240018119,107,Abattage mécanisé de bois d'industrie,M3A,2024-09-16,1698,2024-09-04,12,8.571428571428571,198.1,intra_chantier,NA,NA,NA,NA,NA,NA,NA
FB240018119,107,Abattage mécanisé de bois d'industrie,M3A,2024-10-08,1700,2024-09-16,22,15.714285714285715,108.18181818181817,intra_chantier,NA,NA,NA,NA,NA,NA,NA
FB240018119,142,Abattage-façonnage de grumes,H,2024-10-11,144,2024-10-08,3,2.142857142857143,67.2,intra_chantier,NA,NA,NA,NA,NA,NA,NA
FB240018119,107,Abattage mécanisé de bois d'industrie,M3A,2024-10-16,877,2024-10-11,5,3.5714285714285716,245.55999999999997,intra_chantier,NA,NA,NA,NA,NA,NA,NA
FB240018119,107,Abattage mécanisé de bois d'industrie,M3A,2024-11-06,316,2024-10-16,21,15,21.066666666666666,intra_chantier,NA,NA,NA,NA,NA,NA,NA
FB240021755,98,Débardage de bois d'industrie en billons,M3A,2024-11-14,762.3,2024-11-06,8,5.714285714285714,133.40249999999997,intra_chantier,NA,NA,NA,NA,NA,NA,NA
FB240022836,45,Abattage-façonnage de grumes,M3,2024-10-02,30,2024-08-22,41,29.285714285714285,1.024390243902439,intra_chantier,NA,NA,NA,NA,NA,NA,NA
FB240022836,46,Débardage de grumes,M3,2024-10-10,239,2024-10-02,8,5.714285714285714,41.824999999999996,intra_chantier,NA,NA,NA,NA,NA,NA,NA
FB240022854,45,Abattage-façonnage de grumes,M3,2024-10-02,60,2024-09-10,22,15.714285714285715,3.818181818181818,intra_chantier,NA,NA,NA,NA,NA,NA,NA
FB240022875,27,Abatt/Façonnage bois d'ind. en billons,M3A,2024-11-04,508.64,2024-09-11,54,38.57142857142857,13.186962962962964,intra_chantier,NA,NA,NA,NA,NA,NA,NA
FB240024008,57,Abatt/Faç. grumes feu. toutes classes,M3,2024-11-19,125,2024-09-26,54,38.57142857142857,3.240740740740741,intra_chantier,NA,NA,NA,NA,NA,NA,NA
FB240024008,57,Abatt-faç bois ind/chauff feuil billon,M3A,2024-12-09,150,2024-11-19,20,14.285714285714286,10.5,intra_chantier,NA,NA,NA,NA,NA,NA,NA
FB240024008,57,Débardage de bois d'industrie en billons,M3A,2025-02-12,287.72,2024-12-09,65,46.42857142857143,6.197046153846154,intra_chantier,NA,NA,NA,NA,NA,NA,NA
FB240024557,48,Abattage-façonnage de grumes,M3,2024-10-28,261.95,2024-09-26,32,22.857142857142858,11.460312499999999,intra_chantier,NA,NA,NA,NA,NA,NA,NA
FB240024581,55,Abattage-façonnage de grumes,M3,2024-11-21,416.8,2024-11-14,7,5,83.36,intra_chantier,NA,NA,NA,NA,NA,NA,NA
FB240024591,24,"Abattage, façonnage (gén)",H,2024-12-12,4,2024-11-26,16,11.428571428571429,0.35,intra_chantier,NA,NA,NA,NA,NA,NA,NA
FB240024595,24,Abattage mécanisé de bois d'industrie,M3A,2024-09-17,57,2024-08-21,27,19.285714285714285,2.9555555555555557,intra_chantier,NA,NA,NA,NA,NA,NA,NA
FB240024706,98,Débardage de bois d'industrie en billons,M3A,2025-06-05,368,2025-06-02,3,2.142857142857143,171.73333333333335,intra_chantier,NA,NA,NA,NA,NA,NA,NA
FB240024730,24,Abattage mécanisé de bois d'industrie,M3A,2025-01-03,38,2024-12-19,15,10.714285714285715,3.5466666666666664,intra_chantier,NA,NA,NA,NA,NA,NA,NA
FB240025058,142,Abattage-façonnage de grumes,H,2025-03-10,56,2025-03-05,5,3.5714285714285716,15.68,intra_chantier,NA,NA,NA,NA,NA,NA,NA
FB240025058,107,"Abattage, façonnage (gén)",H,2025-03-19,15,2025-03-10,9,6.428571428571429,2.333333333333333,intra_chantier,NA,NA,NA,NA,NA,NA,NA
FB240025119,41,Abatt/Faç. grumes feu. toutes classes,M3,2024-07-04,407.75,2024-06-05,29,20.714285714285715,19.68448275862069,intra_chantier,NA,NA,NA,NA,NA,NA,NA
FB240026459,3,Abattage-façonnage de grumes,M3,2024-11-06,200,2024-10-21,16,11.428571428571429,17.5,intra_chantier,NA,NA,NA,NA,NA,NA,NA
FB240026794,4,Abattage-façonnage de grumes,M3,2025-07-21,150,2025-07-01,20,14.285714285714286,10.5,intra_chantier,NA,NA,NA,NA,NA,NA,NA
FB240026794,112,Abatt/Façonnage bois d'ind. en billons,M3A,2025-09-04,555,2025-07-21,45,32.142857142857146,17.266666666666666,intra_chantier,NA,NA,NA,NA,NA,NA,NA
FB240026800,41,Abatt/Faç. grumes feu. toutes classes,M3,2024-09-26,93.41,2024-08-16,41,29.285714285714285,3.189609756097561,intra_chantier,NA,NA,NA,NA,NA,NA,NA
FB240026830,33,Abatt-faç bois ind/chauff feuil billon,M3A,2025-03-18,373.92,2025-02-12,34,24.285714285714285,15.396705882352942,intra_chantier,NA,NA,NA,NA,NA,NA,NA
FB240026830,33,Abatt/Faç. grumes feu. toutes classes,M3,2025-04-28,183.33,2025-03-18,41,29.285714285714285,6.260048780487805,intra_chantier,NA,NA,NA,NA,NA,NA,NA
FB240029105,41,Abatt-faç bois ind/chauff feuil billon,M3A,2025-03-20,188.77,2025-02-12,36,25.714285714285715,7.341055555555555,intra_chantier,NA,NA,NA,NA,NA,NA,NA
FB240030014,153,Abatt/Faç. grumes feu. toutes classes,M3,2024-12-12,586.49,2024-11-19,23,16.42857142857143,35.69939130434782,intra_chantier,NA,NA,NA,NA,NA,NA,NA
FB240030014,153,Abatt-faç bois ind/chauff feuil billon,M3A,2025-02-12,135.31,2024-12-12,62,44.285714285714285,3.0553870967741936,intra_chantier,NA,NA,NA,NA,NA,NA,NA
FB240031614,24,Abattage mécanisé de bois d'industrie,M3A,2024-05-31,462.3,2024-05-14,17,12.142857142857142,38.07176470588236,intra_chantier,NA,NA,NA,NA,NA,NA,NA
FB240031614,24,Abattage mécanisé de bois d'industrie,M3A,2024-07-16,252.4,2024-05-31,46,32.85714285714286,7.6817391304347815,intra_chantier,NA,NA,NA,NA,NA,NA,NA
FB240035722,152,Abatt/Façonnage bois d'ind. en billons,M3A,2025-11-17,51.7,2025-11-13,4,2.857142857142857,18.095,intra_chantier,NA,NA,NA,NA,NA,NA,NA
FB240036028,132,Débardage de grumes,M3,2024-12-05,350,2024-11-29,6,4.285714285714286,81.66666666666667,intra_chantier,NA,NA,NA,NA,NA,NA,NA
FB240036028,132,Débardage de grumes,M3,2025-01-23,66.35,2024-12-05,49,35,1.8957142857142855,intra_chantier,NA,NA,NA,NA,NA,NA,NA
FB240036028,132,Abatt/Faç. grumes feu. toutes classes,M3,2025-02-12,66.35,2025-01-23,20,14.285714285714286,4.644499999999999,intra_chantier,NA,NA,NA,NA,NA,NA,NA
FB240036036,11,Abatt-faç bois ind/chauff feuil billon,M3A,2025-04-09,179.43,2025-02-12,56,40,4.48575,intra_chantier,NA,NA,NA,NA,NA,NA,NA
FB240036037,72,Abatt/Faç. grumes feu. toutes classes,M3,2025-04-24,101.53,2025-03-20,35,25,4.0612,intra_chantier,NA,NA,NA,NA,NA,NA,NA
FB240036111,32,"Abattage, façonnage (gén)",M3,2024-12-18,128.3,2024-12-09,9,6.428571428571429,19.95777777777778,intra_chantier,NA,NA,NA,NA,NA,NA,NA
FB240037590,26,Débardage de grumes,M3,2024-09-23,158,2024-09-20,3,2.142857142857143,73.73333333333333,intra_chantier,NA,NA,NA,NA,NA,NA,NA
FB240038831,155,Abattage mécanisé de bois d'industrie,M3A,2024-09-04,1265,2024-07-23,43,30.714285714285715,41.18604651162791,intra_chantier,NA,NA,NA,NA,NA,NA,NA
FB240039146,47,Débardage de grumes,M3,2025-08-04,83.279,2025-07-28,7,5,16.6558,intra_chantier,NA,NA,NA,NA,NA,NA,NA
FB240039146,47,Débardage de grumes,M3,2025-08-18,17.462,2025-08-04,14,10,1.7462,intra_chantier,NA,NA,NA,NA,NA,NA,NA
FB240039853,41,Abatt/Faç. grumes feu. toutes classes,M3,2025-02-12,120,2025-01-23,20,14.285714285714286,8.4,intra_chantier,NA,NA,NA,NA,NA,NA,NA
FB240039853,41,Abatt/Faç. grumes feu. toutes classes,M3,2025-04-09,63.2,2025-02-12,56,40,1.58,intra_chantier,NA,NA,NA,NA,NA,NA,NA
FB240039989,22,Débardage de grumes,M3,2025-02-04,100,2024-12-06,60,42.85714285714286,2.333333333333333,intra_chantier,NA,NA,NA,NA,NA,NA,NA
FB240039989,22,Débardage de grumes,M3,2025-07-02,139.8,2025-05-05,58,41.42857142857143,3.37448275862069,intra_chantier,NA,NA,NA,NA,NA,NA,NA
FB240040057,70,Abattage-façonnage de grumes,M3,2024-07-23,436.41,2024-06-05,48,34.285714285714285,12.728625000000001,intra_chantier,NA,NA,NA,NA,NA,NA,NA
FB240041253,11,Abatt/Faç. grumes feu. toutes classes,M3,2025-02-12,78.1,2024-12-09,65,46.42857142857143,1.6821538461538459,intra_chantier,NA,NA,NA,NA,NA,NA,NA
FB240041257,11,Abatt/Faç. grumes feu. toutes classes,M3,2025-09-26,14.71,2025-08-28,29,20.714285714285715,0.71013793103448275,intra_chantier,NA,NA,NA,NA,NA,NA,NA
FB240041319,124,Débardage de grumes,M3,2024-10-02,187.332,2024-09-17,15,10.714285714285715,17.484319999999997,intra_chantier,NA,NA,NA,NA,NA,NA,NA
FB240041319,83,Abattage-façonnage de grumes,M3,2024-10-07,187.332,2024-10-02,5,3.5714285714285716,52.45296,intra_chantier,NA,NA,NA,NA,NA,NA,NA
FB240041319,124,Débardage de grumes,M3,2024-11-26,696.956,2024-10-07,50,35.714285714285715,19.514768,intra_chantier,NA,NA,NA,NA,NA,NA,NA
FB240041319,83,Abattage-façonnage de grumes,M3,2024-12-02,142.312,2024-11-26,6,4.285714285714286,33.206133333333334,intra_chantier,NA,NA,NA,NA,NA,NA,NA
FB240041319,124,Débardage de grumes,M3,2024-12-06,142.312,2024-12-02,4,2.857142857142857,49.809200000000004,intra_chantier,NA,NA,NA,NA,NA,NA,NA
FB240041319,124,Débardage de grumes,M3,2024-12-16,129.104,2024-12-06,10,7.142857142857143,18.07456,intra_chantier,NA,NA,NA,NA,NA,NA,NA
FB240041319,124,Débardage de grumes,M3,2025-11-26,126.688,2025-11-20,6,4.285714285714286,29.560533333333336,intra_chantier,NA,NA,NA,NA,NA,NA,NA
FB240041436,38,Abattage mécanisé de bois d'industrie,M3A,2026-01-27,1150,2025-12-15,43,30.714285714285715,37.44186046511628,intra_chantier,NA,NA,NA,NA,NA,NA,NA
FB240042759,41,Abatt/Faç. grumes feu. toutes classes,M3,2025-11-13,187.17,2025-09-24,50,35.714285714285715,5.24076,intra_chantier,NA,NA,NA,NA,NA,NA,NA
FB240043481,41,Abatt/Faç. grumes feu. toutes classes,M3,2025-02-12,80,2025-01-23,20,14.285714285714286,5.6,intra_chantier,NA,NA,NA,NA,NA,NA,NA
FB240043481,41,Abatt/Faç. grumes feu. toutes classes,M3,2025-04-09,76.63,2025-02-12,56,40,1.9157499999999998,intra_chantier,NA,NA,NA,NA,NA,NA,NA
FB240044784,132,Abatt/Faç. grumes feu. toutes classes,M3,2025-05-26,250,2025-05-06,20,14.285714285714286,17.5,intra_chantier,NA,NA,NA,NA,NA,NA,NA
FB240044791,132,Débardage de grumes,M3,2025-05-23,361.99,2025-05-20,3,2.142857142857143,168.9286666666667,intra_chantier,NA,NA,NA,NA,NA,NA,NA
FB240046335,78,Abattage-façonnage de grumes,M3,2025-01-22,200,2024-11-28,55,39.285714285714285,5.090909090909091,intra_chantier,NA,NA,NA,NA,NA,NA,NA
FB240047436,108,Abattage mécanisé de bois d'industrie,M3A,2024-12-09,13,2024-11-25,14,10,1.3,intra_chantier,NA,NA,NA,NA,NA,NA,NA
FB240047851,160,Abatt/Façonnage bois d'ind. en billons,M3,2024-10-08,74,2024-08-20,49,35,2.1142857142857143,intra_chantier,NA,NA,NA,NA,NA,NA,NA
FB240049728,161,Abattage-façonnage de grumes,M3,2024-12-16,40,2024-12-05,11,7.857142857142858,5.090909090909091,intra_chantier,NA,NA,NA,NA,NA,NA,NA
FB240053872,162,Abattage mécanisé de bois d'industrie,M3A,2024-08-09,262,2024-08-06,3,2.142857142857143,122.26666666666667,intra_chantier,NA,NA,NA,NA,NA,NA,NA
FB240053872,74,Débardage de bois d'industrie en billons,M3A,2024-08-12,1022,2024-08-09,3,2.142857142857143,476.93333333333334,intra_chantier,NA,NA,NA,NA,NA,NA,NA
FB240053872,74,Débardage de bois d'industrie en billons,M3A,2024-08-29,1022,2024-08-12,17,12.142857142857142,84.16470588235295,intra_chantier,NA,NA,NA,NA,NA,NA,NA
FB240053872,74,Débardage de bois d'industrie en billons,M3A,2024-09-04,968.09,2024-08-29,6,4.285714285714286,225.8876666666667,intra_chantier,NA,NA,NA,NA,NA,NA,NA
FB240053872,162,Abattage mécanisé de bois d'industrie,M3A,2024-09-13,228.09,2024-09-04,9,6.428571428571429,35.480666666666664,intra_chantier,NA,NA,NA,NA,NA,NA,NA
FB240054464,118,Débardage,M3,2024-10-21,946.332,2024-08-29,53,37.85714285714286,24.99744905660377,intra_chantier,NA,NA,NA,NA,NA,NA,NA
FB240054464,163,Abatt/Faç. grumes rés. toutes classes,M3,2024-11-08,250,2024-10-21,18,12.857142857142858,19.444444444444443,intra_chantier,NA,NA,NA,NA,NA,NA,NA
FB240054464,163,Abatt/Faç. grumes rés. toutes classes,M3,2024-11-26,200,2024-11-08,18,12.857142857142858,15.555555555555555,intra_chantier,NA,NA,NA,NA,NA,NA,NA
FB240055164,164,Abattage-façonnage de grumes,M3A,2025-09-30,31,2025-07-28,64,45.714285714285715,0.678125,intra_chantier,NA,NA,NA,NA,NA,NA,NA
FB240055164,112,Abatt/Façonnage bois d'ind. en billons,M3A,2025-10-23,301,2025-09-30,23,16.42857142857143,18.321739130434782,intra_chantier,NA,NA,NA,NA,NA,NA,NA
FB240055165,111,Débardage de grumes,M3,2025-12-04,127.877,2025-11-27,7,5,25.5754,intra_chantier,NA,NA,NA,NA,NA,NA,NA
FB240055773,26,Débardage de grumes,M3,2024-09-25,82.4,2024-09-20,5,3.5714285714285716,23.072,intra_chantier,NA,NA,NA,NA,NA,NA,NA
FB240055803,55,Abattage-façonnage de grumes,M3,2024-10-21,163.8,2024-10-16,5,3.5714285714285716,45.864,intra_chantier,NA,NA,NA,NA,NA,NA,NA
FB240056153,24,Abattage mécanisé de bois d'industrie,M3A,2024-09-17,139,2024-07-22,57,40.714285714285715,3.414035087719298,intra_chantier,NA,NA,NA,NA,NA,NA,NA
FB240056270,137,Abatt/Façonnage bois d'ind. en billons,M3A,2025-02-04,300,2024-12-11,55,39.285714285714285,7.636363636363637,intra_chantier,NA,NA,NA,NA,NA,NA,NA
FB240056762,44,Débardage de grumes,M3,2024-10-17,326,2024-09-09,38,27.142857142857142,12.010526315789473,intra_chantier,NA,NA,NA,NA,NA,NA,NA
FB240056762,24,"Abattage, façonnage (gén)",H,2024-11-21,2,2024-10-17,35,25,0.08,intra_chantier,NA,NA,NA,NA,NA,NA,NA
FB240056762,55,Abatt/Façonnage bois d'ind. en billons,M3A,2024-11-29,76,2024-11-21,8,5.714285714285714,13.299999999999999,intra_chantier,NA,NA,NA,NA,NA,NA,NA
FB240056766,70,Débardage de grumes,M3,2024-10-30,266,2024-09-06,54,38.57142857142857,6.896296296296296,intra_chantier,NA,NA,NA,NA,NA,NA,NA
FB240057175,162,Abattage mécanisé de bois d'industrie,M3A,2024-09-04,933,2024-08-09,26,18.571428571428573,50.238461538461536,intra_chantier,NA,NA,NA,NA,NA,NA,NA
FB240057175,74,Débardage de bois d'industrie en billons,M3A,2024-09-13,501.98,2024-09-04,9,6.428571428571429,78.08577777777778,intra_chantier,NA,NA,NA,NA,NA,NA,NA
FB240057175,74,Débardage de bois d'industrie en billons,M3A,2024-10-07,560.449,2024-09-13,24,17.142857142857142,32.692858333333334,intra_chantier,NA,NA,NA,NA,NA,NA,NA
FB240057175,162,Abattage mécanisé de bois d'industrie,M3A,2024-10-23,576.557,2024-10-07,16,11.428571428571429,50.4487375,intra_chantier,NA,NA,NA,NA,NA,NA,NA
FB240057175,74,Débardage de bois d'industrie en billons,M3A,2024-11-05,867.495,2024-10-23,13,9.285714285714286,93.42253846153845,intra_chantier,NA,NA,NA,NA,NA,NA,NA
FB240057292,116,Abattage-façonnage de grumes,M3,2025-02-28,246.938,2025-01-28,31,22.142857142857142,11.152038709677418,intra_chantier,NA,NA,NA,NA,NA,NA,NA
FB240057292,116,Abattage-façonnage de grumes,M3,2025-03-11,40.875,2025-02-28,11,7.857142857142858,5.202272727272727,intra_chantier,NA,NA,NA,NA,NA,NA,NA
FB240057304,116,Abattage-façonnage de grumes,M3,2024-09-12,271.183,2024-09-04,8,5.714285714285714,47.457024999999994,intra_chantier,NA,NA,NA,NA,NA,NA,NA
FB240057304,116,Abattage-façonnage de grumes,M3,2024-10-07,84.813,2024-09-12,25,17.857142857142858,4.749528,intra_chantier,NA,NA,NA,NA,NA,NA,NA
FB240057304,125,Débardage de grumes,M3,2024-10-14,608,2024-10-07,7,5,121.6,intra_chantier,NA,NA,NA,NA,NA,NA,NA
FB240057321,116,Abattage-façonnage de grumes,M3,2024-09-12,84.892,2024-09-04,8,5.714285714285714,14.8561,intra_chantier,NA,NA,NA,NA,NA,NA,NA
FB240057321,116,Abattage-façonnage de grumes,M3,2024-10-07,37.841,2024-09-12,25,17.857142857142858,2.119096,intra_chantier,NA,NA,NA,NA,NA,NA,NA
FB240057321,125,Débardage de grumes,M3,2024-10-16,318.831,2024-10-07,9,6.428571428571429,49.595933333333335,intra_chantier,NA,NA,NA,NA,NA,NA,NA
FB240057882,24,Abattage mécanisé de bois d'industrie,M3A,2024-09-06,92,2024-08-14,23,16.42857142857143,5.6,intra_chantier,NA,NA,NA,NA,NA,NA,NA
FB240057882,24,Abattage mécanisé de bois d'industrie,M3A,2024-09-18,221,2024-09-06,12,8.571428571428571,25.783333333333335,intra_chantier,NA,NA,NA,NA,NA,NA,NA
FB240058243,24,"Abattage, façonnage (gén)",M3,2024-08-22,368,2024-08-02,20,14.285714285714286,25.759999999999998,intra_chantier,NA,NA,NA,NA,NA,NA,NA
FB240059564,132,Débardage de grumes,M3,2024-12-05,39.44,2024-11-19,16,11.428571428571429,3.4509999999999996,intra_chantier,NA,NA,NA,NA,NA,NA,NA
FB240059602,162,Abattage mécanisé de bois d'industrie,M3A,2024-09-23,110,2024-09-17,6,4.285714285714286,25.666666666666668,intra_chantier,NA,NA,NA,NA,NA,NA,NA
FB240059602,74,Débardage de bois d'industrie en billons,M3A,2024-10-02,651.236,2024-09-23,9,6.428571428571429,101.30337777777777,intra_chantier,NA,NA,NA,NA,NA,NA,NA
FB240059602,162,Abattage mécanisé de bois d'industrie,M3A,2024-11-13,145.67,2024-10-02,42,30,4.855666666666666,intra_chantier,NA,NA,NA,NA,NA,NA,NA
FB240059818,54,"Abattage, façonnage (gén)",M3A,2025-01-30,436.06,2024-12-06,55,39.285714285714285,11.09970909090909,intra_chantier,NA,NA,NA,NA,NA,NA,NA
FB240060969,47,Débardage de grumes,M3,2025-06-17,195.857,2025-04-22,56,40,4.896425,intra_chantier,NA,NA,NA,NA,NA,NA,NA
FB240061028,41,Abatt/Faç. grumes feu. toutes classes,M3,2025-01-23,56.99,2024-11-28,56,40,1.42475,intra_chantier,NA,NA,NA,NA,NA,NA,NA
FB240061429,117,Débardage de bois d'industrie en billons,M3A,2025-08-28,1202.395,2025-08-22,6,4.285714285714286,280.5588333333333,intra_chantier,NA,NA,NA,NA,NA,NA,NA
FB240061429,117,"Abattage, façonnage (gén)",H,2025-09-08,3,2025-08-28,11,7.857142857142858,0.3818181818181818,intra_chantier,NA,NA,NA,NA,NA,NA,NA
FB240061534,44,Débardage de grumes,M3,2024-09-09,445,2024-09-05,4,2.857142857142857,155.75,intra_chantier,NA,NA,NA,NA,NA,NA,NA
FB240061706,21,Abattage mécanisé de bois d'industrie,M3,2024-10-11,16.3,2024-09-16,25,17.857142857142858,0.9128000000000001,intra_chantier,NA,NA,NA,NA,NA,NA,NA
FB240061706,21,Abatt/Façonnage bois d'ind. en billons,U,2025-11-14,555.129,2025-09-25,50,35.714285714285715,15.543612,intra_chantier,NA,NA,NA,NA,NA,NA,NA
FB240061706,21,Abatt/Façonnage bois d'ind. en billons,U,2025-11-17,161.821,2025-11-14,3,2.142857142857143,75.51646666666667,intra_chantier,NA,NA,NA,NA,NA,NA,NA
FB240064123,4,Abattage-façonnage de grumes,M3,2025-02-10,900,2025-01-22,19,13.571428571428571,66.3157894736842,intra_chantier,NA,NA,NA,NA,NA,NA,NA
FB240064123,4,Abattage-façonnage de grumes,M3,2025-03-25,134,2025-02-10,43,30.714285714285715,4.362790697674418,intra_chantier,NA,NA,NA,NA,NA,NA,NA
FB240064178,24,Abattage mécanisé de bois d'industrie,M3A,2024-12-10,1441.51,2024-10-08,63,45,32.03355555555556,intra_chantier,NA,NA,NA,NA,NA,NA,NA
FB240064524,27,Abattage-façonnage de grumes,M3,2024-10-17,241.05,2024-09-11,36,25.714285714285715,9.374166666666667,intra_chantier,NA,NA,NA,NA,NA,NA,NA
FB240064815,169,Débardage de grumes,M3,2024-12-03,32,2024-11-06,27,19.285714285714285,1.6592592592592594,intra_chantier,NA,NA,NA,NA,NA,NA,NA
FB240064815,51,Abattage-façonnage de grumes,M3,2024-12-13,32,2024-12-03,10,7.142857142857143,4.4799999999999995,intra_chantier,NA,NA,NA,NA,NA,NA,NA
FB240065904,146,Abattage-façonnage de grumes,M3,2025-03-31,11.92,2025-03-19,12,8.571428571428571,1.3906666666666667,intra_chantier,NA,NA,NA,NA,NA,NA,NA
FB240067130,24,Abattage mécanisé de bois d'industrie,M3A,2025-04-16,467,2025-04-09,7,5,93.4,intra_chantier,NA,NA,NA,NA,NA,NA,NA
FB240067133,24,Abattage mécanisé de bois d'industrie,M3A,2025-04-09,35.7,2025-03-31,9,6.428571428571429,5.553333333333334,intra_chantier,NA,NA,NA,NA,NA,NA,NA
FB240067187,47,Débardage de grumes,M3,2025-07-15,146.88,2025-06-10,35,25,5.8751999999999995,intra_chantier,NA,NA,NA,NA,NA,NA,NA
FB240067200,47,Débardage de grumes,M3,2025-04-22,380.273,2025-03-14,39,27.857142857142858,13.65082564102564,intra_chantier,NA,NA,NA,NA,NA,NA,NA
FB240067203,47,Débardage de grumes,M3,2025-03-07,291.58,2025-02-27,8,5.714285714285714,51.0265,intra_chantier,NA,NA,NA,NA,NA,NA,NA
FB240067207,47,Débardage de grumes,M3,2025-06-18,102.132,2025-06-12,6,4.285714285714286,23.830800000000004,intra_chantier,NA,NA,NA,NA,NA,NA,NA
FB240067209,39,"Abattage, façonnage (gén)",M3,2025-06-12,85.357,2025-06-06,6,4.285714285714286,19.916633333333333,intra_chantier,NA,NA,NA,NA,NA,NA,NA
FB240067747,47,Débardage de grumes,M3,2025-03-18,101.115,2025-02-11,35,25,4.0446,intra_chantier,NA,NA,NA,NA,NA,NA,NA
FB240068470,11,Abatt/Faç. grumes rés. toutes classes,M3,2025-05-19,747.83,2025-04-09,40,28.571428571428573,26.17405,intra_chantier,NA,NA,NA,NA,NA,NA,NA
FB240068470,3,"Abattage, façonnage (gén)",M3,2025-05-26,476.79,2025-05-19,7,5,95.358,intra_chantier,NA,NA,NA,NA,NA,NA,NA
FB240068618,159,Abattage-façonnage de grumes,M3,2025-05-16,2.45,2025-04-30,16,11.428571428571429,0.214375,intra_chantier,NA,NA,NA,NA,NA,NA,NA
FB240070026,41,Abatt-faç bois ind/chauff feuil billon,M3A,2025-04-28,266.77,2025-03-20,39,27.857142857142858,9.576358974358973,intra_chantier,NA,NA,NA,NA,NA,NA,NA
FB240070026,41,Abatt/Faç. grumes feu. toutes classes,M3,2025-05-22,82.99,2025-04-28,24,17.142857142857142,4.841083333333333,intra_chantier,NA,NA,NA,NA,NA,NA,NA
FB240070027,57,Abatt-faç bois ind/chauff feuil billon,M3A,2025-03-26,362.49,2025-03-06,20,14.285714285714286,25.374299999999998,intra_chantier,NA,NA,NA,NA,NA,NA,NA
FB240070027,57,Abatt/Faç. grumes feu. toutes classes,M3,2025-04-28,242.77,2025-03-26,33,23.571428571428573,10.299333333333333,intra_chantier,NA,NA,NA,NA,NA,NA,NA
FB240070028,57,Abatt-faç bois ind/chauff feuil billon,M3A,2025-03-26,45.92,2025-03-06,20,14.285714285714286,3.2144,intra_chantier,NA,NA,NA,NA,NA,NA,NA
FB240070028,57,Abatt/Faç. grumes feu. toutes classes,M3,2025-05-26,23.07,2025-03-26,61,43.57142857142857,0.5294754098360656,intra_chantier,NA,NA,NA,NA,NA,NA,NA
FB240070030,33,Abatt/Faç. grumes feu. toutes classes,M3,2025-04-28,35.13,2025-03-18,41,29.285714285714285,1.1995609756097563,intra_chantier,NA,NA,NA,NA,NA,NA,NA
FB240070405,153,Abatt/Faç. grumes feu. toutes classes,M3,2025-03-06,600,2025-02-12,22,15.714285714285715,38.18181818181818,intra_chantier,NA,NA,NA,NA,NA,NA,NA
FB240070405,153,Abatt/Faç. grumes feu. toutes classes,M3,2025-03-12,270.63,2025-03-06,6,4.285714285714286,63.147,intra_chantier,NA,NA,NA,NA,NA,NA,NA
FB240070829,105,Abattage mécanisé de bois d'industrie,M3A,2024-11-19,523.9,2024-11-08,11,7.857142857142858,66.67818181818181,intra_chantier,NA,NA,NA,NA,NA,NA,NA
FB240073625,24,Abattage mécanisé de bois d'industrie,M3A,2025-06-30,251.5,2025-06-27,3,2.142857142857143,117.36666666666667,intra_chantier,NA,NA,NA,NA,NA,NA,NA
FB240073850,33,Abatt/Faç. grumes feu. toutes classes,M3,2025-03-31,73.25,2025-03-18,13,9.285714285714286,7.888461538461538,intra_chantier,NA,NA,NA,NA,NA,NA,NA
FB240074530,47,Débardage de grumes,M3,2025-04-22,31.886,2025-04-02,20,14.285714285714286,2.23202,intra_chantier,NA,NA,NA,NA,NA,NA,NA
FB240076970,105,Abattage mécanisé de bois d'industrie,M3A,2025-01-13,437.7,2024-12-10,34,24.285714285714285,18.02294117647059,intra_chantier,NA,NA,NA,NA,NA,NA,NA
FB240079083,11,Abatt/Faç. grumes feu. toutes classes,M3,2025-07-04,7.68,2025-05-26,39,27.857142857142858,0.2756923076923077,intra_chantier,NA,NA,NA,NA,NA,NA,NA
FB240081370,47,Débardage de grumes,H,2025-04-22,4,2025-04-03,19,13.571428571428571,0.2947368421052632,intra_chantier,NA,NA,NA,NA,NA,NA,NA
FB240081953,125,Débardage de grumes,M3,2025-11-19,23.116,2025-10-13,37,26.42857142857143,0.8746594594594593,intra_chantier,NA,NA,NA,NA,NA,NA,NA
FB240082396,41,Abatt/Faç. grumes feu. toutes classes,M3,2025-09-05,119.17,2025-08-29,7,5,23.834,intra_chantier,NA,NA,NA,NA,NA,NA,NA
FB240082396,41,Abatt-faç bois ind/chauff feuil billon,M3A,2025-10-02,563.21,2025-09-05,27,19.285714285714285,29.203481481481486,intra_chantier,NA,NA,NA,NA,NA,NA,NA
FB240082397,33,Abatt/Faç. grumes feu. toutes classes,M3,2025-08-12,140.14,2025-06-26,47,33.57142857142857,4.174382978723404,intra_chantier,NA,NA,NA,NA,NA,NA,NA
FB250001288,98,Débardage de bois d'industrie en billons,M3A,2025-03-18,371,2025-03-14,4,2.857142857142857,129.85,intra_chantier,NA,NA,NA,NA,NA,NA,NA
FB250001288,100,Abatt/Façonnage bois d'ind. en billons,M3A,2025-05-27,182,2025-05-23,4,2.857142857142857,63.699999999999996,intra_chantier,NA,NA,NA,NA,NA,NA,NA
FB250003177,24,Abattage mécanisé de bois d'industrie,M3A,2025-05-19,346.5,2025-04-30,19,13.571428571428571,25.53157894736842,intra_chantier,NA,NA,NA,NA,NA,NA,NA
FB250003593,124,Débardage de grumes,M3,2025-11-26,249.963,2025-11-21,5,3.5714285714285716,69.98964,intra_chantier,NA,NA,NA,NA,NA,NA,NA
FB250006586,132,Débardage de grumes,M3,2025-05-28,228.83,2025-05-20,8,5.714285714285714,40.04525,intra_chantier,NA,NA,NA,NA,NA,NA,NA
FB250010159,30,Abatt/Faç. grumes feu. toutes classes,M3,2025-06-20,6.11,2025-06-10,10,7.142857142857143,0.8554,intra_chantier,NA,NA,NA,NA,NA,NA,NA
FB250011022,142,Abattage-façonnage de grumes,H,2025-03-10,44,2025-03-05,5,3.5714285714285716,12.319999999999999,intra_chantier,NA,NA,NA,NA,NA,NA,NA
FB250011022,107,"Abattage, façonnage (gén)",H,2025-03-19,12,2025-03-10,9,6.428571428571429,1.8666666666666667,intra_chantier,NA,NA,NA,NA,NA,NA,NA
FB250015010,113,Abatt/Faç. grumes feu. toutes classes,M3,2025-08-13,12.02,2025-07-07,37,26.42857142857143,0.45481081081081076,intra_chantier,NA,NA,NA,NA,NA,NA,NA
FB250015011,57,Abatt-faç bois ind/chauff feuil billon,M3A,2025-09-26,350.36,2025-09-04,22,15.714285714285715,22.295636363636362,intra_chantier,NA,NA,NA,NA,NA,NA,NA
FB250015015,18,Débardage de bois d'oeuvre resineux,M3,2025-05-27,65.76,2025-05-07,20,14.285714285714286,4.6032,intra_chantier,NA,NA,NA,NA,NA,NA,NA
FB250016517,18,Débardage de bois d'oeuvre resineux,M3,2025-05-27,204.02,2025-05-22,5,3.5714285714285716,57.1256,intra_chantier,NA,NA,NA,NA,NA,NA,NA
FB250016665,11,Abatt/Faç. grumes feu. toutes classes,M3,2025-09-08,34.19,2025-08-28,11,7.857142857142858,4.351454545454545,intra_chantier,NA,NA,NA,NA,NA,NA,NA
FB250018134,142,Abattage-façonnage de grumes,H,2025-09-08,40,2025-09-05,3,2.142857142857143,18.666666666666668,intra_chantier,NA,NA,NA,NA,NA,NA,NA
FB250018134,107,Abattage mécanisé de bois d'industrie,M3,2025-09-19,41.64,2025-09-09,10,7.142857142857143,5.8296,intra_chantier,NA,NA,NA,NA,NA,NA,NA
FB250021751,100,Abatt/Façonnage bois d'ind. en billons,M3A,2026-02-05,196.7,2025-12-11,56,40,4.9174999999999995,intra_chantier,NA,NA,NA,NA,NA,NA,NA
FB250023434,173,Abattage-façonnage de grumes,M3,2025-06-25,191,2025-06-17,8,5.714285714285714,33.425,intra_chantier,NA,NA,NA,NA,NA,NA,NA
FB250023935,22,Débardage de grumes,M3,2025-11-28,707.5,2025-11-25,3,2.142857142857143,330.1666666666667,intra_chantier,NA,NA,NA,NA,NA,NA,NA
FB250024475,116,Abattage-façonnage de grumes,M3,2025-11-03,80.618,2025-09-05,59,42.142857142857146,1.9129694915254234,intra_chantier,NA,NA,NA,NA,NA,NA,NA
FB250024475,125,Débardage de grumes,M3,2025-11-19,242.527,2025-11-03,16,11.428571428571429,21.221112499999997,intra_chantier,NA,NA,NA,NA,NA,NA,NA
FB250024475,116,Abatt/Façonnage bois d'ind. en billons,M3A,2025-12-11,60,2025-11-19,22,15.714285714285715,3.818181818181818,intra_chantier,NA,NA,NA,NA,NA,NA,NA
FB250027983,132,Abatt/Faç. grumes feu. toutes classes,M3,2025-10-17,211.87,2025-09-11,36,25.714285714285715,8.23938888888889,intra_chantier,NA,NA,NA,NA,NA,NA,NA
FB250027983,132,Débardage de grumes,M3,2025-10-21,31.87,2025-10-17,4,2.857142857142857,11.1545,intra_chantier,NA,NA,NA,NA,NA,NA,NA
FB250027984,132,"Abattage, façonnage (gén)",M3,2025-10-09,53.89,2025-09-11,28,20,2.6945,intra_chantier,NA,NA,NA,NA,NA,NA,NA
FB250027984,132,"Abattage, façonnage (gén)",M3,2025-10-17,53.89,2025-10-09,8,5.714285714285714,9.43075,intra_chantier,NA,NA,NA,NA,NA,NA,NA
FB250028491,11,Abatt/Faç. grumes feu. toutes classes,M3,2025-08-28,1.37,2025-07-04,55,39.285714285714285,0.03487272727272728,intra_chantier,NA,NA,NA,NA,NA,NA,NA
FB250029003,8,Abattage-façonnage de grumes,M3,2025-07-16,464.227,2025-06-23,23,16.42857142857143,28.25729565217391,intra_chantier,NA,NA,NA,NA,NA,NA,NA
FB250029280,177,Abattage-façonnage de grumes,M3,2026-01-22,146.458,2025-12-10,43,30.714285714285715,4.7684,intra_chantier,NA,NA,NA,NA,NA,NA,NA
FB250033716,141,Débardage de grumes,M3,2025-05-15,425.535,2025-05-12,3,2.142857142857143,198.58300000000003,intra_chantier,NA,NA,NA,NA,NA,NA,NA
FB250033716,140,Abattage-façonnage de grumes,M3,2025-05-19,179.92,2025-05-15,4,2.857142857142857,62.971999999999994,intra_chantier,NA,NA,NA,NA,NA,NA,NA
FB250035476,105,Abattage mécanisé de bois d'industrie,M3A,2025-05-14,675,2025-04-30,14,10,67.5,intra_chantier,NA,NA,NA,NA,NA,NA,NA
FB250035703,45,"Abattage, façonnage (gén)",M3,2025-10-21,165.626,2025-08-29,53,37.85714285714286,4.375026415094339,intra_chantier,NA,NA,NA,NA,NA,NA,NA
FB250036215,33,"Abattage, façonnage (gén)",M3,2025-08-22,255.92,2025-08-12,10,7.142857142857143,35.828799999999994,intra_chantier,NA,NA,NA,NA,NA,NA,NA
FB250036215,33,Abatt/Faç. grumes feu. toutes classes,M3,2025-08-29,128.6,2025-08-22,7,5,25.72,intra_chantier,NA,NA,NA,NA,NA,NA,NA
FB250036298,41,Abatt/Faç. grumes feu. toutes classes,M3,2025-11-04,14.49,2025-10-09,26,18.571428571428573,0.7802307692307692,intra_chantier,NA,NA,NA,NA,NA,NA,NA
FB250036331,33,Abatt/Faç. grumes feu. toutes classes,M3,2025-12-19,113.78,2025-11-14,35,25,4.5512,intra_chantier,NA,NA,NA,NA,NA,NA,NA
FB250036373,57,Abatt-faç bois ind/chauff feuil billon,M3A,2025-10-03,107.1,2025-08-22,42,30,3.57,intra_chantier,NA,NA,NA,NA,NA,NA,NA
FB250041043,24,Abattage mécanisé de bois d'industrie,M3A,2025-06-05,413,2025-05-23,13,9.285714285714286,44.47692307692307,intra_chantier,NA,NA,NA,NA,NA,NA,NA
FB250047584,21,Abatt/Façonnage bois d'ind. en billons,M3,2025-08-29,130,2025-08-04,25,17.857142857142858,7.279999999999999,intra_chantier,NA,NA,NA,NA,NA,NA,NA
FB250047741,24,Abattage mécanisé de bois d'industrie,M3A,2025-07-11,319,2025-06-27,14,10,31.9,intra_chantier,NA,NA,NA,NA,NA,NA,NA
FB250047741,24,Abattage mécanisé de bois d'industrie,M3A,2025-07-16,610,2025-07-11,5,3.5714285714285716,170.79999999999998,intra_chantier,NA,NA,NA,NA,NA,NA,NA
FB250047741,24,Abattage mécanisé de bois d'industrie,M3A,2025-08-25,541,2025-07-16,40,28.571428571428573,18.935,intra_chantier,NA,NA,NA,NA,NA,NA,NA
FB250049618,45,"Abattage, façonnage (gén)",M3,2025-08-29,15,2025-08-04,25,17.857142857142858,0.84,intra_chantier,NA,NA,NA,NA,NA,NA,NA
FB250050252,116,Abattage-façonnage de grumes,M3,2025-08-08,404.171,2025-08-04,4,2.857142857142857,141.45985,intra_chantier,NA,NA,NA,NA,NA,NA,NA
FB250050252,116,Abattage-façonnage de grumes,M3,2025-08-18,4.656,2025-08-08,10,7.142857142857143,0.65184,intra_chantier,NA,NA,NA,NA,NA,NA,NA
FB250050252,117,Abattage mécanisé de bois d'industrie,M3A,2025-09-29,203.258,2025-08-18,42,30,6.775266666666667,intra_chantier,NA,NA,NA,NA,NA,NA,NA
FB250050570,33,Abatt/Faç. grumes feu. toutes classes,M3,2025-11-14,220,2025-10-21,24,17.142857142857142,12.833333333333334,intra_chantier,NA,NA,NA,NA,NA,NA,NA
FB250050570,33,Abatt/Faç. grumes feu. toutes classes,M3,2025-12-12,5.88,2025-11-14,28,20,0.294,intra_chantier,NA,NA,NA,NA,NA,NA,NA
FB250053861,24,Abattage mécanisé de bois d'industrie,M3A,2025-08-25,1915,2025-07-21,35,25,76.6,intra_chantier,NA,NA,NA,NA,NA,NA,NA
FB250053996,28,Abattage mécanisé de bois d'industrie,M3A,2025-07-24,724.2,2025-07-18,6,4.285714285714286,168.98000000000002,intra_chantier,NA,NA,NA,NA,NA,NA,NA
FB250056295,107,Abattage mécanisé de bois d'industrie,M3A,2025-08-08,380,2025-07-25,14,10,38,intra_chantier,NA,NA,NA,NA,NA,NA,NA
FB250056295,107,Abattage mécanisé de bois d'industrie,H,2025-09-12,10,2025-08-08,35,25,0.4,intra_chantier,NA,NA,NA,NA,NA,NA,NA
FB250060205,37,Abatt/Façonnage bois d'ind. en billons,M3A,2026-01-20,92.56,2025-12-08,43,30.714285714285715,3.013581395348837,intra_chantier,NA,NA,NA,NA,NA,NA,NA
FB250060336,116,Abattage-façonnage de grumes,M3,2025-10-13,135.22,2025-09-05,38,27.142857142857142,4.981789473684211,intra_chantier,NA,NA,NA,NA,NA,NA,NA
FB250060336,116,Abattage-façonnage de grumes,M3,2025-11-03,2.76,2025-10-13,21,15,0.184,intra_chantier,NA,NA,NA,NA,NA,NA,NA
FB250060336,125,Débardage de grumes,M3,2025-11-19,190.482,2025-11-03,16,11.428571428571429,16.667175,intra_chantier,NA,NA,NA,NA,NA,NA,NA
FB250060336,116,Abatt/Façonnage bois d'ind. en billons,M3A,2025-12-11,50,2025-11-19,22,15.714285714285715,3.1818181818181817,intra_chantier,NA,NA,NA,NA,NA,NA,NA
FB250061818,105,Abattage mécanisé de bois d'industrie,M3A,2025-10-23,172.3,2025-10-13,10,7.142857142857143,24.122,intra_chantier,NA,NA,NA,NA,NA,NA,NA
FB250062866,117,"Abattage, façonnage (gén)",H,2025-10-08,16.5,2025-09-29,9,6.428571428571429,2.5666666666666664,intra_chantier,NA,NA,NA,NA,NA,NA,NA
FB250067645,105,Abattage mécanisé de bois d'industrie,M3A,2025-12-11,1147.9,2025-11-20,21,15,76.52666666666667,intra_chantier,NA,NA,NA,NA,NA,NA,NA
FB250067686,105,Abattage mécanisé de bois d'industrie,M3A,2025-12-15,174.1,2025-11-05,40,28.571428571428573,6.0935,intra_chantier,NA,NA,NA,NA,NA,NA,NA
FB250067686,105,Abattage mécanisé de bois d'industrie,M3A,2025-12-30,174.1,2025-12-16,14,10,17.41,intra_chantier,NA,NA,NA,NA,NA,NA,NA
FB250069126,24,Abattage mécanisé de bois d'industrie,M3A,2025-10-30,268,2025-10-27,3,2.142857142857143,125.06666666666668,intra_chantier,NA,NA,NA,NA,NA,NA,NA
FB250069325,157,"Abattage, façonnage (gén)",M3,2025-12-19,93.91,2025-12-12,7,5,18.782,intra_chantier,NA,NA,NA,NA,NA,NA,NA
FB250069692,24,Abattage mécanisé de bois d'industrie,M3A,2025-11-04,864,2025-10-23,12,8.571428571428571,100.8,intra_chantier,NA,NA,NA,NA,NA,NA,NA
FB200015735,NA,NA,NA,NA,NA,NA,NA,30.714285714285715,10.285116279069767,inter_chantier,315.9,Plaine,NA,NA,NA,NA,NA
FB200024865,NA,NA,NA,NA,NA,NA,NA,56.42857142857143,15.648101265822785,inter_chantier,883,Plaine,NA,NA,NA,NA,NA
FB210044225,NA,NA,NA,NA,NA,NA,NA,10,242.173,inter_chantier,2421.73,Plaine,NA,NA,NA,NA,NA
FB210060349,NA,NA,NA,NA,NA,NA,NA,16.428571428571427,23.677652173913046,inter_chantier,388.99,Plaine,NA,NA,NA,NA,NA
FB210064007,NA,NA,NA,NA,NA,NA,NA,89.28571428571429,41.227199999999996,inter_chantier,3681,Plaine,NA,NA,NA,NA,NA
FB220003307,NA,NA,NA,NA,NA,NA,NA,27.857142857142858,44.12189743589743,inter_chantier,1229.11,Plaine,NA,NA,NA,NA,NA
FB220004062,NA,NA,NA,NA,NA,NA,NA,25,39.56,inter_chantier,989,Plaine,NA,NA,NA,NA,NA
FB220004132,NA,NA,NA,NA,NA,NA,NA,2.142857142857143,229.49266666666668,inter_chantier,491.77,Plaine,NA,NA,NA,NA,NA
FB220004173,NA,NA,NA,NA,NA,NA,NA,30,30.625666666666667,inter_chantier,918.77,Plaine,NA,NA,NA,NA,NA
FB220004193,NA,NA,NA,NA,NA,NA,NA,25,19.8,inter_chantier,495,Plaine,NA,NA,NA,NA,NA
FB220004202,NA,NA,NA,NA,NA,NA,NA,29.285714285714285,31.566585365853662,inter_chantier,924.45,Plaine,NA,NA,NA,NA,NA
FB220007895,NA,NA,NA,NA,NA,NA,NA,29.285714285714285,39.81463414634146,inter_chantier,1166,Plaine,NA,NA,NA,NA,NA
FB220008617,NA,NA,NA,NA,NA,NA,NA,46.42857142857143,0.8076923076923077,inter_chantier,37.5,Plaine,NA,NA,NA,NA,NA
FB220013220,NA,NA,NA,NA,NA,NA,NA,2.142857142857143,846.5613333333333,inter_chantier,1814.06,Plaine,NA,NA,NA,NA,NA
FB220019140,NA,NA,NA,NA,NA,NA,NA,41.42857142857143,5.937931034482759,inter_chantier,246,Plaine,NA,NA,NA,NA,NA
FB220019367,NA,NA,NA,NA,NA,NA,NA,62.142857142857146,13.034482758620689,inter_chantier,810,Montagne,NA,NA,NA,NA,NA
FB220019704,NA,NA,NA,NA,NA,NA,NA,2.142857142857143,227.63533333333336,inter_chantier,487.79,Plaine,NA,NA,NA,NA,NA
FB220021098,NA,NA,NA,NA,NA,NA,NA,12.142857142857142,40.21870588235294,inter_chantier,488.37,Plaine,NA,NA,NA,NA,NA
FB220022808,NA,NA,NA,NA,NA,NA,NA,39.285714285714285,6.6080000000000005,inter_chantier,259.6,Plaine,NA,NA,NA,NA,NA
FB220022837,NA,NA,NA,NA,NA,NA,NA,54.285714285714285,17.216315789473686,inter_chantier,934.6,Plaine,NA,NA,NA,NA,NA
FB220024484,NA,NA,NA,NA,NA,NA,NA,12.142857142857142,59.32211764705883,inter_chantier,720.34,Plaine,NA,NA,NA,NA,NA
FB220026130,NA,NA,NA,NA,NA,NA,NA,22.142857142857142,17.883870967741935,inter_chantier,396,Plaine,NA,NA,NA,NA,NA
FB220026145,NA,NA,NA,NA,NA,NA,NA,26.428571428571427,28.818810810810813,inter_chantier,761.64,Plaine,NA,NA,NA,NA,NA
FB220026638,NA,NA,NA,NA,NA,NA,NA,12.142857142857142,68.51764705882353,inter_chantier,832,Plaine,NA,NA,NA,NA,NA
FB220030977,NA,NA,NA,NA,NA,NA,NA,34.285714285714285,37.261291666666665,inter_chantier,1277.53,Plaine,NA,NA,NA,NA,NA
FB220035304,NA,NA,NA,NA,NA,NA,NA,35.714285714285715,35.709799999999994,inter_chantier,1275.35,Plaine,NA,NA,NA,NA,NA
FB220035736,NA,NA,NA,NA,NA,NA,NA,34.285714285714285,2.7191791666666667,inter_chantier,93.229,Plaine,NA,NA,NA,NA,NA
FB220035739,NA,NA,NA,NA,NA,NA,NA,2.142857142857143,28.513333333333335,inter_chantier,61.1,Plaine,NA,NA,NA,NA,NA
FB220036538,NA,NA,NA,NA,NA,NA,NA,33.57142857142857,28.056148936170214,inter_chantier,941.885,Montagne,NA,NA,NA,NA,NA
FB220038341,NA,NA,NA,NA,NA,NA,NA,48.57142857142857,6.052941176470588,inter_chantier,294,Plaine,NA,NA,NA,NA,NA
FB220042779,NA,NA,NA,NA,NA,NA,NA,15,23.366,inter_chantier,350.49,Plaine,NA,NA,NA,NA,NA
FB220042897,NA,NA,NA,NA,NA,NA,NA,7.142857142857143,26.308799999999998,inter_chantier,187.92,Plaine,NA,NA,NA,NA,NA
FB220047121,NA,NA,NA,NA,NA,NA,NA,43.57142857142857,18.497672131147542,inter_chantier,805.97,Plaine,NA,NA,NA,NA,NA
FB220049055,NA,NA,NA,NA,NA,NA,NA,20.714285714285715,15.554965517241378,inter_chantier,322.21,Plaine,NA,NA,NA,NA,NA
FB220053012,NA,NA,NA,NA,NA,NA,NA,9.285714285714286,8.681723076923076,inter_chantier,80.616,Plaine,NA,NA,NA,NA,NA
FB220053959,NA,NA,NA,NA,NA,NA,NA,3.5714285714285716,255.86484,inter_chantier,913.803,Plaine,NA,NA,NA,NA,NA
FB220054010,NA,NA,NA,NA,NA,NA,NA,33.57142857142857,10.976595744680852,inter_chantier,368.5,Plaine,NA,NA,NA,NA,NA
FB220054033,NA,NA,NA,NA,NA,NA,NA,27.142857142857142,14.959368421052632,inter_chantier,406.04,Plaine,NA,NA,NA,NA,NA
FB220054040,NA,NA,NA,NA,NA,NA,NA,35,25.571428571428573,inter_chantier,895,Plaine,NA,NA,NA,NA,NA
FB220055478,NA,NA,NA,NA,NA,NA,NA,2.142857142857143,219.33333333333334,inter_chantier,470,Plaine,NA,NA,NA,NA,NA
FB220055523,NA,NA,NA,NA,NA,NA,NA,38.57142857142857,22.566962962962965,inter_chantier,870.44,Plaine,NA,NA,NA,NA,NA
FB220055617,NA,NA,NA,NA,NA,NA,NA,52.857142857142854,32.3452972972973,inter_chantier,1709.68,Plaine,NA,NA,NA,NA,NA
FB220055646,NA,NA,NA,NA,NA,NA,NA,13.571428571428571,80.76231578947367,inter_chantier,1096.06,Plaine,NA,NA,NA,NA,NA
FB220056050,NA,NA,NA,NA,NA,NA,NA,15.714285714285714,23.487545454545455,inter_chantier,369.09,Plaine,NA,NA,NA,NA,NA
FB220057281,NA,NA,NA,NA,NA,NA,NA,7.857142857142857,154,inter_chantier,1210,Plaine,NA,NA,NA,NA,NA
FB220058355,NA,NA,NA,NA,NA,NA,NA,3.5714285714285716,71.11999999999999,inter_chantier,254,Montagne,NA,NA,NA,NA,NA
FB220058864,NA,NA,NA,NA,NA,NA,NA,5.714285714285714,222.21499999999997,inter_chantier,1269.8,Plaine,NA,NA,NA,NA,NA
FB220062529,NA,NA,NA,NA,NA,NA,NA,59.285714285714285,34.33339759036145,inter_chantier,2035.48,Plaine,NA,NA,NA,NA,NA
FB220064893,NA,NA,NA,NA,NA,NA,NA,36.42857142857143,13.407607843137255,inter_chantier,488.42,Plaine,NA,NA,NA,NA,NA
FB220064894,NA,NA,NA,NA,NA,NA,NA,72.14285714285714,11.709544554455446,inter_chantier,844.76,Plaine,NA,NA,NA,NA,NA
FB220068372,NA,NA,NA,NA,NA,NA,NA,9.285714285714286,35.818246153846154,inter_chantier,332.598,Plaine,NA,NA,NA,NA,NA
FB220068977,NA,NA,NA,NA,NA,NA,NA,33.57142857142857,7.518,inter_chantier,252.39,Plaine,NA,NA,NA,NA,NA
FB220068983,NA,NA,NA,NA,NA,NA,NA,35.714285714285715,14.613199999999999,inter_chantier,521.9,Plaine,NA,NA,NA,NA,NA
FB220071282,NA,NA,NA,NA,NA,NA,NA,9.285714285714286,66.99430769230769,inter_chantier,622.09,Plaine,NA,NA,NA,NA,NA
FB220071382,NA,NA,NA,NA,NA,NA,NA,37.857142857142854,5.715169811320756,inter_chantier,216.36,Plaine,NA,NA,NA,NA,NA
FB220071383,NA,NA,NA,NA,NA,NA,NA,50.714285714285715,21.626647887323944,inter_chantier,1096.78,Plaine,NA,NA,NA,NA,NA
FB220071385,NA,NA,NA,NA,NA,NA,NA,34.285714285714285,25.158583333333336,inter_chantier,862.58,Plaine,NA,NA,NA,NA,NA
FB220071391,NA,NA,NA,NA,NA,NA,NA,26.428571428571427,18.68848648648649,inter_chantier,493.91,Plaine,NA,NA,NA,NA,NA
FB220071392,NA,NA,NA,NA,NA,NA,NA,45,23.61733333333333,inter_chantier,1062.78,Plaine,NA,NA,NA,NA,NA
FB220071394,NA,NA,NA,NA,NA,NA,NA,45,11.858666666666666,inter_chantier,533.64,Plaine,NA,NA,NA,NA,NA
FB220071395,NA,NA,NA,NA,NA,NA,NA,45,23.29266666666667,inter_chantier,1048.17,Plaine,NA,NA,NA,NA,NA
FB220071412,NA,NA,NA,NA,NA,NA,NA,2.142857142857143,265.77133333333336,inter_chantier,569.51,Plaine,NA,NA,NA,NA,NA
FB220071413,NA,NA,NA,NA,NA,NA,NA,35.714285714285715,14.828240000000001,inter_chantier,529.58,Plaine,NA,NA,NA,NA,NA
FB220071414,NA,NA,NA,NA,NA,NA,NA,35.714285714285715,8.213519999999999,inter_chantier,293.34,Plaine,NA,NA,NA,NA,NA
FB220071416,NA,NA,NA,NA,NA,NA,NA,17.857142857142858,24.86624,inter_chantier,444.04,Plaine,NA,NA,NA,NA,NA
FB220074089,NA,NA,NA,NA,NA,NA,NA,2.142857142857143,1557.2666666666667,inter_chantier,3337,Plaine,NA,NA,NA,NA,NA
FB230000250,NA,NA,NA,NA,NA,NA,NA,39.285714285714285,38.810545454545455,inter_chantier,1524.7,Plaine,NA,NA,NA,NA,NA
FB230002364,NA,NA,NA,NA,NA,NA,NA,23.571428571428573,25.462181818181815,inter_chantier,600.18,Plaine,NA,NA,NA,NA,NA
FB230003236,NA,NA,NA,NA,NA,NA,NA,19.285714285714285,20.325925925925926,inter_chantier,392,Plaine,NA,NA,NA,NA,NA
FB230003237,NA,NA,NA,NA,NA,NA,NA,60.714285714285715,8.47283294117647,inter_chantier,514.422,Plaine,NA,NA,NA,NA,NA
FB230004069,NA,NA,NA,NA,NA,NA,NA,24.285714285714285,44.86588235294118,inter_chantier,1089.6,Plaine,NA,NA,NA,NA,NA
FB230004672,NA,NA,NA,NA,NA,NA,NA,20.714285714285715,20.95655172413793,inter_chantier,434.1,Plaine,NA,NA,NA,NA,NA
FB230006337,NA,NA,NA,NA,NA,NA,NA,22.857142857142858,31.1651375,inter_chantier,712.346,Plaine,NA,NA,NA,NA,NA
FB230006385,NA,NA,NA,NA,NA,NA,NA,22.857142857142858,14.56875,inter_chantier,333,Plaine,NA,NA,NA,NA,NA
FB230007220,NA,NA,NA,NA,NA,NA,NA,5,325.36,inter_chantier,1626.8,Plaine,NA,NA,NA,NA,NA
FB230007607,NA,NA,NA,NA,NA,NA,NA,7.142857142857143,216.44,inter_chantier,1546,Plaine,NA,NA,NA,NA,NA
FB230008026,NA,NA,NA,NA,NA,NA,NA,23.571428571428573,8.315151515151515,inter_chantier,196,Plaine,NA,NA,NA,NA,NA
FB230008824,NA,NA,NA,NA,NA,NA,NA,3.5714285714285716,157.35999999999999,inter_chantier,562,Plaine,NA,NA,NA,NA,NA
FB230009128,NA,NA,NA,NA,NA,NA,NA,65.71428571428571,9.54586956521739,inter_chantier,627.3,Plaine,NA,NA,NA,NA,NA
FB230009161,NA,NA,NA,NA,NA,NA,NA,17.142857142857142,9.548583333333333,inter_chantier,163.69,Plaine,NA,NA,NA,NA,NA
FB230009474,NA,NA,NA,NA,NA,NA,NA,3.5714285714285716,116.24871999999999,inter_chantier,415.174,Plaine,NA,NA,NA,NA,NA
FB230009499,NA,NA,NA,NA,NA,NA,NA,43.57142857142857,25.792131147540985,inter_chantier,1123.8,Plaine,NA,NA,NA,NA,NA
FB230009623,NA,NA,NA,NA,NA,NA,NA,2.142857142857143,130.66666666666666,inter_chantier,280,Plaine,NA,NA,NA,NA,NA
FB230009885,NA,NA,NA,NA,NA,NA,NA,2.142857142857143,195.06666666666666,inter_chantier,418,Plaine,NA,NA,NA,NA,NA
FB230011739,NA,NA,NA,NA,NA,NA,NA,6.428571428571429,418.2888888888889,inter_chantier,2689,Plaine,NA,NA,NA,NA,NA
FB230013825,NA,NA,NA,NA,NA,NA,NA,35.714285714285715,34.17316,inter_chantier,1220.47,Plaine,NA,NA,NA,NA,NA
FB230014468,NA,NA,NA,NA,NA,NA,NA,29.285714285714285,1.4409756097560977,inter_chantier,42.2,Plaine,NA,NA,NA,NA,NA
FB230014478,NA,NA,NA,NA,NA,NA,NA,29.285714285714285,3.366829268292683,inter_chantier,98.6,Plaine,NA,NA,NA,NA,NA
FB230014922,NA,NA,NA,NA,NA,NA,NA,102.85714285714286,34.02777777777778,inter_chantier,3500,Montagne,NA,NA,NA,NA,NA
FB230015072,NA,NA,NA,NA,NA,NA,NA,3.5714285714285716,198.79999999999998,inter_chantier,710,Plaine,NA,NA,NA,NA,NA
FB230015093,NA,NA,NA,NA,NA,NA,NA,2.142857142857143,94.45333333333333,inter_chantier,202.4,Plaine,NA,NA,NA,NA,NA
FB230015131,NA,NA,NA,NA,NA,NA,NA,5.714285714285714,66.69425,inter_chantier,381.11,Plaine,NA,NA,NA,NA,NA
FB230015144,NA,NA,NA,NA,NA,NA,NA,2.857142857142857,254.17000000000002,inter_chantier,726.2,Plaine,NA,NA,NA,NA,NA
FB230015202,NA,NA,NA,NA,NA,NA,NA,14.285714285714286,203,inter_chantier,2900,Montagne,NA,NA,NA,NA,NA
FB230016391,NA,NA,NA,NA,NA,NA,NA,28.571428571428573,41.22474999999999,inter_chantier,1177.85,Plaine,NA,NA,NA,NA,NA
FB230016410,NA,NA,NA,NA,NA,NA,NA,34.285714285714285,33.27741666666667,inter_chantier,1140.94,Plaine,NA,NA,NA,NA,NA
FB230017280,NA,NA,NA,NA,NA,NA,NA,2.142857142857143,299.9313333333334,inter_chantier,642.71,Plaine,NA,NA,NA,NA,NA
FB230017939,NA,NA,NA,NA,NA,NA,NA,40.714285714285715,34.039157894736846,inter_chantier,1385.88,Plaine,NA,NA,NA,NA,NA
FB230018000,NA,NA,NA,NA,NA,NA,NA,10.714285714285714,106.69400000000002,inter_chantier,1143.15,Plaine,NA,NA,NA,NA,NA
FB230018001,NA,NA,NA,NA,NA,NA,NA,21.428571428571427,41.67100000000001,inter_chantier,892.95,Plaine,NA,NA,NA,NA,NA
FB230018260,NA,NA,NA,NA,NA,NA,NA,45.714285714285715,6.954062499999999,inter_chantier,317.9,Plaine,NA,NA,NA,NA,NA
FB230020997,NA,NA,NA,NA,NA,NA,NA,31.428571428571427,24.361272727272727,inter_chantier,765.64,Plaine,NA,NA,NA,NA,NA
FB230020998,NA,NA,NA,NA,NA,NA,NA,17.142857142857142,24.887916666666666,inter_chantier,426.65,Plaine,NA,NA,NA,NA,NA
FB230020999,NA,NA,NA,NA,NA,NA,NA,17.857142857142858,56.519679999999994,inter_chantier,1009.28,Plaine,NA,NA,NA,NA,NA
FB230021140,NA,NA,NA,NA,NA,NA,NA,2.142857142857143,294,inter_chantier,630,Plaine,NA,NA,NA,NA,NA
FB230022939,NA,NA,NA,NA,NA,NA,NA,97.14285714285714,9.526485294117647,inter_chantier,925.43,Plaine,NA,NA,NA,NA,NA
FB230022976,NA,NA,NA,NA,NA,NA,NA,28.571428571428573,14.706999999999999,inter_chantier,420.2,Plaine,NA,NA,NA,NA,NA
FB230023021,NA,NA,NA,NA,NA,NA,NA,25.714285714285715,14,inter_chantier,360,Plaine,NA,NA,NA,NA,NA
FB230024253,NA,NA,NA,NA,NA,NA,NA,5,204.82399999999998,inter_chantier,1024.12,Plaine,NA,NA,NA,NA,NA
FB230026359,NA,NA,NA,NA,NA,NA,NA,3.5714285714285716,13.3056,inter_chantier,47.52,Plaine,NA,NA,NA,NA,NA
FB230027166,NA,NA,NA,NA,NA,NA,NA,51.42857142857143,53.563027777777776,inter_chantier,2754.67,Plaine,NA,NA,NA,NA,NA
FB230028145,NA,NA,NA,NA,NA,NA,NA,22.857142857142858,124.425,inter_chantier,2844,Montagne,NA,NA,NA,NA,NA
FB230028149,NA,NA,NA,NA,NA,NA,NA,10.714285714285714,33.14882666666667,inter_chantier,355.166,Montagne,NA,NA,NA,NA,NA
FB230028616,NA,NA,NA,NA,NA,NA,NA,11.428571428571429,27.552874999999997,inter_chantier,314.89,Plaine,NA,NA,NA,NA,NA
FB230028619,NA,NA,NA,NA,NA,NA,NA,31.428571428571427,5.459172727272728,inter_chantier,171.574,Plaine,NA,NA,NA,NA,NA
FB230029637,NA,NA,NA,NA,NA,NA,NA,15,70.51333333333334,inter_chantier,1057.7,Plaine,NA,NA,NA,NA,NA
FB230030115,NA,NA,NA,NA,NA,NA,NA,12.857142857142858,71.16666666666666,inter_chantier,915,Plaine,NA,NA,NA,NA,NA
FB230030395,NA,NA,NA,NA,NA,NA,NA,7.142857142857143,107.6292,inter_chantier,768.78,Plaine,NA,NA,NA,NA,NA
FB230030796,NA,NA,NA,NA,NA,NA,NA,10.714285714285714,93.86216000000002,inter_chantier,1005.666,Plaine,NA,NA,NA,NA,NA
FB230030797,NA,NA,NA,NA,NA,NA,NA,24.285714285714285,23.88235294117647,inter_chantier,580,Plaine,NA,NA,NA,NA,NA
FB230030984,NA,NA,NA,NA,NA,NA,NA,2.857142857142857,4.3666,inter_chantier,12.476,Plaine,NA,NA,NA,NA,NA
FB230031158,NA,NA,NA,NA,NA,NA,NA,15,2.2010666666666667,inter_chantier,33.016,Plaine,NA,NA,NA,NA,NA
FB230032329,NA,NA,NA,NA,NA,NA,NA,57.857142857142854,30.75177777777778,inter_chantier,1779.21,Plaine,NA,NA,NA,NA,NA
FB230032331,NA,NA,NA,NA,NA,NA,NA,42.142857142857146,16.094779661016947,inter_chantier,678.28,Plaine,NA,NA,NA,NA,NA
FB230034863,NA,NA,NA,NA,NA,NA,NA,20,210.1304,inter_chantier,4202.608,Plaine,NA,NA,NA,NA,NA
FB230035078,NA,NA,NA,NA,NA,NA,NA,76.42857142857143,19.626168224299064,inter_chantier,1500,Montagne,NA,NA,NA,NA,NA
FB230035542,NA,NA,NA,NA,NA,NA,NA,40.714285714285715,26.908982456140347,inter_chantier,1095.58,Plaine,NA,NA,NA,NA,NA
FB230040804,NA,NA,NA,NA,NA,NA,NA,54.285714285714285,29.338105263157896,inter_chantier,1592.64,Plaine,NA,NA,NA,NA,NA
FB230040826,NA,NA,NA,NA,NA,NA,NA,35,29.095714285714287,inter_chantier,1018.35,Plaine,NA,NA,NA,NA,NA
FB230041385,NA,NA,NA,NA,NA,NA,NA,31.428571428571427,62.82818181818182,inter_chantier,1974.6,Plaine,NA,NA,NA,NA,NA
FB230041564,NA,NA,NA,NA,NA,NA,NA,40.714285714285715,13.772315789473684,inter_chantier,560.73,Plaine,NA,NA,NA,NA,NA
FB230041758,NA,NA,NA,NA,NA,NA,NA,40,17.923750000000002,inter_chantier,716.95,Plaine,NA,NA,NA,NA,NA
FB230043072,NA,NA,NA,NA,NA,NA,NA,25.714285714285715,141.59055555555554,inter_chantier,3640.9,Plaine,NA,NA,NA,NA,NA
FB230043592,NA,NA,NA,NA,NA,NA,NA,21.428571428571427,36.60953333333334,inter_chantier,784.49,Plaine,NA,NA,NA,NA,NA
FB230043617,NA,NA,NA,NA,NA,NA,NA,16.428571428571427,67.08191304347827,inter_chantier,1102.06,Plaine,NA,NA,NA,NA,NA
FB230048594,NA,NA,NA,NA,NA,NA,NA,43.57142857142857,11.849508196721311,inter_chantier,516.3,Plaine,NA,NA,NA,NA,NA
FB230050466,NA,NA,NA,NA,NA,NA,NA,15,112.09466666666667,inter_chantier,1681.42,Plaine,NA,NA,NA,NA,NA
FB230052536,NA,NA,NA,NA,NA,NA,NA,30,70.32,inter_chantier,2109.6,Plaine,NA,NA,NA,NA,NA
FB230053301,NA,NA,NA,NA,NA,NA,NA,41.42857142857143,65.34137931034482,inter_chantier,2707,Plaine,NA,NA,NA,NA,NA
FB230054475,NA,NA,NA,NA,NA,NA,NA,47.142857142857146,17.332827272727272,inter_chantier,817.119,Plaine,NA,NA,NA,NA,NA
FB230054599,NA,NA,NA,NA,NA,NA,NA,56.42857142857143,35.44303797468354,inter_chantier,2000,Montagne,NA,NA,NA,NA,NA
FB230055143,NA,NA,NA,NA,NA,NA,NA,57.857142857142854,6.7061728395061735,inter_chantier,388,Plaine,NA,NA,NA,NA,NA
FB230056137,NA,NA,NA,NA,NA,NA,NA,57.142857142857146,3.9444999999999997,inter_chantier,225.4,Plaine,NA,NA,NA,NA,NA
FB230056485,NA,NA,NA,NA,NA,NA,NA,20.714285714285715,21.917241379310344,inter_chantier,454,Plaine,NA,NA,NA,NA,NA
FB230056803,NA,NA,NA,NA,NA,NA,NA,25.714285714285715,16.60361111111111,inter_chantier,426.95,Plaine,NA,NA,NA,NA,NA
FB230057027,NA,NA,NA,NA,NA,NA,NA,15,4.0224,inter_chantier,60.336,Plaine,NA,NA,NA,NA,NA
FB230057028,NA,NA,NA,NA,NA,NA,NA,105,14.161904761904761,inter_chantier,1487,Montagne,NA,NA,NA,NA,NA
FB230057046,NA,NA,NA,NA,NA,NA,NA,45.714285714285715,23.358124999999998,inter_chantier,1067.8,Plaine,NA,NA,NA,NA,NA
FB230057066,NA,NA,NA,NA,NA,NA,NA,5.714285714285714,16.24,inter_chantier,92.8,Plaine,NA,NA,NA,NA,NA
FB230057651,NA,NA,NA,NA,NA,NA,NA,23.571428571428573,37.8220606060606,inter_chantier,891.52,Plaine,NA,NA,NA,NA,NA
FB230058145,NA,NA,NA,NA,NA,NA,NA,36.42857142857143,8.693725490196078,inter_chantier,316.7,Plaine,NA,NA,NA,NA,NA
FB230058480,NA,NA,NA,NA,NA,NA,NA,45.714285714285715,64.61874999999999,inter_chantier,2954,Plaine,NA,NA,NA,NA,NA
FB230059587,NA,NA,NA,NA,NA,NA,NA,102.85714285714286,7.534722222222222,inter_chantier,775,Plaine,NA,NA,NA,NA,NA
FB230060046,NA,NA,NA,NA,NA,NA,NA,5.714285714285714,48.1775,inter_chantier,275.3,Plaine,NA,NA,NA,NA,NA
FB230061085,NA,NA,NA,NA,NA,NA,NA,13.571428571428571,79.10088421052632,inter_chantier,1073.512,Plaine,NA,NA,NA,NA,NA
FB230061132,NA,NA,NA,NA,NA,NA,NA,25.714285714285715,121.55258888888888,inter_chantier,3125.638,Plaine,NA,NA,NA,NA,NA
FB230061921,NA,NA,NA,NA,NA,NA,NA,20.714285714285715,97.43855172413792,inter_chantier,2018.37,Plaine,NA,NA,NA,NA,NA
FB230062161,NA,NA,NA,NA,NA,NA,NA,60,27.213833333333334,inter_chantier,1632.83,Plaine,NA,NA,NA,NA,NA
FB230062234,NA,NA,NA,NA,NA,NA,NA,23.571428571428573,102.19999999999999,inter_chantier,2409,Plaine,NA,NA,NA,NA,NA
FB230062373,NA,NA,NA,NA,NA,NA,NA,26.428571428571427,6.357778378378378,inter_chantier,168.027,Plaine,NA,NA,NA,NA,NA
FB230062375,NA,NA,NA,NA,NA,NA,NA,26.428571428571427,7.420340540540542,inter_chantier,196.109,Plaine,NA,NA,NA,NA,NA
FB230063182,NA,NA,NA,NA,NA,NA,NA,85,15.826823529411765,inter_chantier,1345.28,Plaine,NA,NA,NA,NA,NA
FB230063271,NA,NA,NA,NA,NA,NA,NA,53.57142857142857,15.746453333333333,inter_chantier,843.56,Plaine,NA,NA,NA,NA,NA
FB230063596,NA,NA,NA,NA,NA,NA,NA,28.571428571428573,20.546749999999996,inter_chantier,587.05,Plaine,NA,NA,NA,NA,NA
FB230063988,NA,NA,NA,NA,NA,NA,NA,45.714285714285715,36.147125,inter_chantier,1652.44,Plaine,NA,NA,NA,NA,NA
FB230064897,NA,NA,NA,NA,NA,NA,NA,2.142857142857143,315,inter_chantier,675,Montagne,NA,NA,NA,NA,NA
FB230065996,NA,NA,NA,NA,NA,NA,NA,3.5714285714285716,165.98399999999998,inter_chantier,592.8,Plaine,NA,NA,NA,NA,NA
FB230066128,NA,NA,NA,NA,NA,NA,NA,5.714285714285714,20.685,inter_chantier,118.2,Plaine,NA,NA,NA,NA,NA
FB230066946,NA,NA,NA,NA,NA,NA,NA,67.85714285714286,10.09349894736842,inter_chantier,684.916,Plaine,NA,NA,NA,NA,NA
FB230067430,NA,NA,NA,NA,NA,NA,NA,33.57142857142857,2.4360000000000004,inter_chantier,81.78,Plaine,NA,NA,NA,NA,NA
FB230067565,NA,NA,NA,NA,NA,NA,NA,26.428571428571427,9.208594594594596,inter_chantier,243.37,Plaine,NA,NA,NA,NA,NA
FB230067864,NA,NA,NA,NA,NA,NA,NA,17.857142857142858,7.279999999999999,inter_chantier,130,Plaine,NA,NA,NA,NA,NA
FB230068664,NA,NA,NA,NA,NA,NA,NA,2.142857142857143,111.06666666666666,inter_chantier,238,Plaine,NA,NA,NA,NA,NA
FB230068674,NA,NA,NA,NA,NA,NA,NA,18.571428571428573,138.93923076923076,inter_chantier,2580.3,Plaine,NA,NA,NA,NA,NA
FB230068713,NA,NA,NA,NA,NA,NA,NA,50.714285714285715,9.399718309859155,inter_chantier,476.7,Plaine,NA,NA,NA,NA,NA
FB230068757,NA,NA,NA,NA,NA,NA,NA,42.142857142857146,13.653559322033896,inter_chantier,575.4,Plaine,NA,NA,NA,NA,NA
FB230069124,NA,NA,NA,NA,NA,NA,NA,25,26.336799999999997,inter_chantier,658.42,Plaine,NA,NA,NA,NA,NA
FB230069126,NA,NA,NA,NA,NA,NA,NA,55,11.953454545454546,inter_chantier,657.44,Plaine,NA,NA,NA,NA,NA
FB230069285,NA,NA,NA,NA,NA,NA,NA,12.142857142857142,28,inter_chantier,340,Plaine,NA,NA,NA,NA,NA
FB230070378,NA,NA,NA,NA,NA,NA,NA,34.285714285714285,223.9125,inter_chantier,7677,Montagne,NA,NA,NA,NA,NA
FB230071361,NA,NA,NA,NA,NA,NA,NA,12.857142857142858,85.57173333333334,inter_chantier,1100.208,Montagne,NA,NA,NA,NA,NA
FB230071365,NA,NA,NA,NA,NA,NA,NA,45.714285714285715,22.792,inter_chantier,1041.92,Plaine,NA,NA,NA,NA,NA
FB230071688,NA,NA,NA,NA,NA,NA,NA,3.5714285714285716,84.42,inter_chantier,301.5,Plaine,NA,NA,NA,NA,NA
FB230071775,NA,NA,NA,NA,NA,NA,NA,15,49.014,inter_chantier,735.21,Plaine,NA,NA,NA,NA,NA
FB230071785,NA,NA,NA,NA,NA,NA,NA,16.428571428571427,41.43391304347827,inter_chantier,680.7,Plaine,NA,NA,NA,NA,NA
FB230071891,NA,NA,NA,NA,NA,NA,NA,43.57142857142857,9.813540983606558,inter_chantier,427.59,Plaine,NA,NA,NA,NA,NA
FB230072351,NA,NA,NA,NA,NA,NA,NA,30.714285714285715,16.255953488372093,inter_chantier,499.29,Plaine,NA,NA,NA,NA,NA
FB230072373,NA,NA,NA,NA,NA,NA,NA,41.42857142857143,7.9816896551724135,inter_chantier,330.67,Plaine,NA,NA,NA,NA,NA
FB230072377,NA,NA,NA,NA,NA,NA,NA,3.5714285714285716,124.9612,inter_chantier,446.29,Plaine,NA,NA,NA,NA,NA
FB230075437,NA,NA,NA,NA,NA,NA,NA,52.142857142857146,5.983561643835616,inter_chantier,312,Plaine,NA,NA,NA,NA,NA
FB230075443,NA,NA,NA,NA,NA,NA,NA,18.571428571428573,21.00753846153846,inter_chantier,390.14,Plaine,NA,NA,NA,NA,NA
FB230076279,NA,NA,NA,NA,NA,NA,NA,17.857142857142858,17.89928,inter_chantier,319.63,Plaine,NA,NA,NA,NA,NA
FB240001059,NA,NA,NA,NA,NA,NA,NA,3.5714285714285716,132.72,inter_chantier,474,Plaine,NA,NA,NA,NA,NA
FB240001061,NA,NA,NA,NA,NA,NA,NA,2.142857142857143,233.33333333333334,inter_chantier,500,Plaine,NA,NA,NA,NA,NA
FB240001224,NA,NA,NA,NA,NA,NA,NA,22.857142857142858,37.373875,inter_chantier,854.26,Plaine,NA,NA,NA,NA,NA
FB240001226,NA,NA,NA,NA,NA,NA,NA,47.857142857142854,16.58816119402985,inter_chantier,793.862,Plaine,NA,NA,NA,NA,NA
FB240004275,NA,NA,NA,NA,NA,NA,NA,34.285714285714285,51.709,inter_chantier,1772.88,Plaine,NA,NA,NA,NA,NA
FB240004593,NA,NA,NA,NA,NA,NA,NA,57.142857142857146,17.281425,inter_chantier,987.51,Plaine,NA,NA,NA,NA,NA
FB240004597,NA,NA,NA,NA,NA,NA,NA,37.142857142857146,15.940346153846153,inter_chantier,592.07,Plaine,NA,NA,NA,NA,NA
FB240004598,NA,NA,NA,NA,NA,NA,NA,15,63.70466666666667,inter_chantier,955.57,Plaine,NA,NA,NA,NA,NA
FB240004684,NA,NA,NA,NA,NA,NA,NA,15.714285714285714,36.385363636363635,inter_chantier,571.77,Plaine,NA,NA,NA,NA,NA
FB240004691,NA,NA,NA,NA,NA,NA,NA,3.5714285714285716,209.41759999999996,inter_chantier,747.92,Plaine,NA,NA,NA,NA,NA
FB240004693,NA,NA,NA,NA,NA,NA,NA,45.714285714285715,7.94959375,inter_chantier,363.41,Plaine,NA,NA,NA,NA,NA
FB240004697,NA,NA,NA,NA,NA,NA,NA,40.714285714285715,15.222912280701753,inter_chantier,619.79,Plaine,NA,NA,NA,NA,NA
FB240005957,NA,NA,NA,NA,NA,NA,NA,14.285714285714286,35.329,inter_chantier,504.7,Plaine,NA,NA,NA,NA,NA
FB240008951,NA,NA,NA,NA,NA,NA,NA,7.857142857142857,212.41818181818184,inter_chantier,1669,Plaine,NA,NA,NA,NA,NA
FB240009219,NA,NA,NA,NA,NA,NA,NA,5,50.013999999999996,inter_chantier,250.07,Plaine,NA,NA,NA,NA,NA
FB240009289,NA,NA,NA,NA,NA,NA,NA,5,175.294,inter_chantier,876.47,Plaine,NA,NA,NA,NA,NA
FB240009822,NA,NA,NA,NA,NA,NA,NA,40,14.041749999999999,inter_chantier,561.67,Plaine,NA,NA,NA,NA,NA
FB240010052,NA,NA,NA,NA,NA,NA,NA,7.857142857142857,94.97981818181819,inter_chantier,746.27,Plaine,NA,NA,NA,NA,NA
FB240010630,NA,NA,NA,NA,NA,NA,NA,46.42857142857143,28.428615384615384,inter_chantier,1319.9,Montagne,NA,NA,NA,NA,NA
FB240012268,NA,NA,NA,NA,NA,NA,NA,39.285714285714285,11.526327272727272,inter_chantier,452.82,Plaine,NA,NA,NA,NA,NA
FB240015581,NA,NA,NA,NA,NA,NA,NA,38.57142857142857,21.440740740740743,inter_chantier,827,Plaine,NA,NA,NA,NA,NA
FB240021755,NA,NA,NA,NA,NA,NA,NA,7.142857142857143,202.384,inter_chantier,1445.6,Plaine,NA,NA,NA,NA,NA
FB240022836,NA,NA,NA,NA,NA,NA,NA,35.714285714285715,6.692,inter_chantier,239,Plaine,NA,NA,NA,NA,NA
FB240022854,NA,NA,NA,NA,NA,NA,NA,16.428571428571427,11.078260869565218,inter_chantier,182,Plaine,NA,NA,NA,NA,NA
FB240022875,NA,NA,NA,NA,NA,NA,NA,51.42857142857143,9.89022222222222,inter_chantier,508.64,Plaine,NA,NA,NA,NA,NA
FB240024008,NA,NA,NA,NA,NA,NA,NA,100,6.0043,inter_chantier,600.43,Plaine,NA,NA,NA,NA,NA
FB240024194,NA,NA,NA,NA,NA,NA,NA,37.857142857142854,14.409433962264153,inter_chantier,545.5,Plaine,NA,NA,NA,NA,NA
FB240024241,NA,NA,NA,NA,NA,NA,NA,2.142857142857143,32.2,inter_chantier,69,Plaine,NA,NA,NA,NA,NA
FB240024269,NA,NA,NA,NA,NA,NA,NA,22.857142857142858,5.18,inter_chantier,118.4,Plaine,NA,NA,NA,NA,NA
FB240024557,NA,NA,NA,NA,NA,NA,NA,24.285714285714285,10.786176470588236,inter_chantier,261.95,Plaine,NA,NA,NA,NA,NA
FB240024581,NA,NA,NA,NA,NA,NA,NA,26.428571428571427,26.668108108108108,inter_chantier,704.8,Plaine,NA,NA,NA,NA,NA
FB240024591,NA,NA,NA,NA,NA,NA,NA,12.142857142857142,95.2,inter_chantier,1156,Plaine,NA,NA,NA,NA,NA
FB240024595,NA,NA,NA,NA,NA,NA,NA,20,16.35,inter_chantier,327,Plaine,NA,NA,NA,NA,NA
FB240024706,NA,NA,NA,NA,NA,NA,NA,3.5714285714285716,103.03999999999999,inter_chantier,368,Plaine,NA,NA,NA,NA,NA
FB240024730,NA,NA,NA,NA,NA,NA,NA,11.428571428571429,62.824999999999996,inter_chantier,718,Plaine,NA,NA,NA,NA,NA
FB240025058,NA,NA,NA,NA,NA,NA,NA,10.714285714285714,126.46666666666667,inter_chantier,1355,Plaine,NA,NA,NA,NA,NA
FB240025119,NA,NA,NA,NA,NA,NA,NA,21.428571428571427,28.01026666666667,inter_chantier,600.22,Plaine,NA,NA,NA,NA,NA
FB240026794,NA,NA,NA,NA,NA,NA,NA,91.42857142857143,6.0703125,inter_chantier,555,Montagne,NA,NA,NA,NA,NA
FB240026800,NA,NA,NA,NA,NA,NA,NA,30.714285714285715,40.39293023255814,inter_chantier,1240.64,Plaine,NA,NA,NA,NA,NA
FB240026830,NA,NA,NA,NA,NA,NA,NA,55,42.08181818181818,inter_chantier,2314.5,Plaine,NA,NA,NA,NA,NA
FB240029105,NA,NA,NA,NA,NA,NA,NA,27.142857142857142,38.45947368421053,inter_chantier,1043.9,Plaine,NA,NA,NA,NA,NA
FB240030014,NA,NA,NA,NA,NA,NA,NA,61.42857142857143,19.07581395348837,inter_chantier,1171.8,Plaine,NA,NA,NA,NA,NA
FB240031614,NA,NA,NA,NA,NA,NA,NA,45.714285714285715,17.5196875,inter_chantier,800.9,Plaine,NA,NA,NA,NA,NA
FB240035721,NA,NA,NA,NA,NA,NA,NA,27.857142857142858,3.0153846153846153,inter_chantier,84,Plaine,NA,NA,NA,NA,NA
FB240035722,NA,NA,NA,NA,NA,NA,NA,5.714285714285714,26.547499999999996,inter_chantier,151.7,Plaine,NA,NA,NA,NA,NA
FB240036028,NA,NA,NA,NA,NA,NA,NA,54.285714285714285,13.97771052631579,inter_chantier,758.79,Plaine,NA,NA,NA,NA,NA
FB240036036,NA,NA,NA,NA,NA,NA,NA,40.714285714285715,10.866456140350877,inter_chantier,442.42,Plaine,NA,NA,NA,NA,NA
FB240036037,NA,NA,NA,NA,NA,NA,NA,25.714285714285715,26.89672222222222,inter_chantier,691.63,Plaine,NA,NA,NA,NA,NA
FB240036111,NA,NA,NA,NA,NA,NA,NA,7.142857142857143,81.09779999999999,inter_chantier,579.27,Plaine,NA,NA,NA,NA,NA
FB240036287,NA,NA,NA,NA,NA,NA,NA,3.5714285714285716,101.83599999999998,inter_chantier,363.7,Plaine,NA,NA,NA,NA,NA
FB240037590,NA,NA,NA,NA,NA,NA,NA,2.857142857142857,70.21,inter_chantier,200.6,Plaine,NA,NA,NA,NA,NA
FB240038831,NA,NA,NA,NA,NA,NA,NA,31.428571428571427,87.97727272727273,inter_chantier,2765,Montagne,NA,NA,NA,NA,NA
FB240039146,NA,NA,NA,NA,NA,NA,NA,66.42857142857143,3.1262,inter_chantier,207.669,Plaine,NA,NA,NA,NA,NA
FB240039853,NA,NA,NA,NA,NA,NA,NA,55,8.648545454545454,inter_chantier,475.67,Plaine,NA,NA,NA,NA,NA
FB240039989,NA,NA,NA,NA,NA,NA,NA,131.42857142857142,2.1136956521739134,inter_chantier,277.8,Plaine,NA,NA,NA,NA,NA
FB240040057,NA,NA,NA,NA,NA,NA,NA,35,167.8402857142857,inter_chantier,5874.41,Montagne,NA,NA,NA,NA,NA
FB240040542,NA,NA,NA,NA,NA,NA,NA,2.142857142857143,177.42666666666668,inter_chantier,380.2,Plaine,NA,NA,NA,NA,NA
FB240041253,NA,NA,NA,NA,NA,NA,NA,47.142857142857146,17.981090909090906,inter_chantier,847.68,Plaine,NA,NA,NA,NA,NA
FB240041257,NA,NA,NA,NA,NA,NA,NA,21.428571428571427,97.21880000000002,inter_chantier,2083.26,Plaine,NA,NA,NA,NA,NA
FB240041319,NA,NA,NA,NA,NA,NA,NA,70,18.319885714285714,inter_chantier,1282.392,Plaine,NA,NA,NA,NA,NA
FB240041436,NA,NA,NA,NA,NA,NA,NA,31.428571428571427,53.45454545454546,inter_chantier,1680,Plaine,NA,NA,NA,NA,NA
FB240042759,NA,NA,NA,NA,NA,NA,NA,36.42857142857143,18.86349019607843,inter_chantier,687.17,Plaine,NA,NA,NA,NA,NA
FB240043481,NA,NA,NA,NA,NA,NA,NA,55,14.675999999999998,inter_chantier,807.18,Plaine,NA,NA,NA,NA,NA
FB240044730,NA,NA,NA,NA,NA,NA,NA,2.142857142857143,815.9666666666667,inter_chantier,1748.5,Plaine,NA,NA,NA,NA,NA
FB240044784,NA,NA,NA,NA,NA,NA,NA,15.714285714285714,39.942,inter_chantier,627.66,Plaine,NA,NA,NA,NA,NA
FB240044791,NA,NA,NA,NA,NA,NA,NA,2.857142857142857,241.311,inter_chantier,689.46,Plaine,NA,NA,NA,NA,NA
FB240046335,NA,NA,NA,NA,NA,NA,NA,42.142857142857146,3.2983050847457624,inter_chantier,139,Plaine,NA,NA,NA,NA,NA
FB240047436,NA,NA,NA,NA,NA,NA,NA,10.714285714285714,58.14666666666667,inter_chantier,623,Plaine,NA,NA,NA,NA,NA
FB240047851,NA,NA,NA,NA,NA,NA,NA,35.714285714285715,13.719999999999999,inter_chantier,490,Montagne,NA,NA,NA,NA,NA
FB240049728,NA,NA,NA,NA,NA,NA,NA,8.571428571428571,141.58316666666667,inter_chantier,1213.57,Plaine,NA,NA,NA,NA,NA
FB240053872,NA,NA,NA,NA,NA,NA,NA,27.857142857142858,71.4391282051282,inter_chantier,1990.09,Plaine,NA,NA,NA,NA,NA
FB240054464,NA,NA,NA,NA,NA,NA,NA,66.42857142857143,14.245858064516128,inter_chantier,946.332,Montagne,NA,NA,NA,NA,NA
FB240055165,NA,NA,NA,NA,NA,NA,NA,7.142857142857143,17.90278,inter_chantier,127.877,Montagne,NA,NA,NA,NA,NA
FB240055773,NA,NA,NA,NA,NA,NA,NA,4.285714285714286,42.093333333333334,inter_chantier,180.4,Plaine,NA,NA,NA,NA,NA
FB240055803,NA,NA,NA,NA,NA,NA,NA,4.285714285714286,40.46,inter_chantier,173.4,Plaine,NA,NA,NA,NA,NA
FB240056153,NA,NA,NA,NA,NA,NA,NA,41.42857142857143,29.303448275862067,inter_chantier,1214,Plaine,NA,NA,NA,NA,NA
FB240056270,NA,NA,NA,NA,NA,NA,NA,40.714285714285715,16.07096842105263,inter_chantier,654.318,Plaine,NA,NA,NA,NA,NA
FB240056762,NA,NA,NA,NA,NA,NA,NA,58.57142857142857,14.51219512195122,inter_chantier,850,Plaine,NA,NA,NA,NA,NA
FB240056766,NA,NA,NA,NA,NA,NA,NA,40.714285714285715,55.97543859649123,inter_chantier,2279,Montagne,NA,NA,NA,NA,NA
FB240057175,NA,NA,NA,NA,NA,NA,NA,63.57142857142857,36.597525842696626,inter_chantier,2326.557,Plaine,NA,NA,NA,NA,NA
FB240057304,NA,NA,NA,NA,NA,NA,NA,30,20.266666666666666,inter_chantier,608,Plaine,NA,NA,NA,NA,NA
FB240057321,NA,NA,NA,NA,NA,NA,NA,30.714285714285715,10.380544186046512,inter_chantier,318.831,Plaine,NA,NA,NA,NA,NA
FB240057882,NA,NA,NA,NA,NA,NA,NA,26.428571428571427,55.58378378378379,inter_chantier,1469,Plaine,NA,NA,NA,NA,NA
FB240058243,NA,NA,NA,NA,NA,NA,NA,15,55.733333333333334,inter_chantier,836,Plaine,NA,NA,NA,NA,NA
FB240059564,NA,NA,NA,NA,NA,NA,NA,12.857142857142858,8.395333333333333,inter_chantier,107.94,Plaine,NA,NA,NA,NA,NA
FB240059602,NA,NA,NA,NA,NA,NA,NA,42.142857142857146,44.93601355932203,inter_chantier,1893.732,Plaine,NA,NA,NA,NA,NA
FB240059818,NA,NA,NA,NA,NA,NA,NA,65.71428571428571,33.450108695652176,inter_chantier,2198.15,Plaine,NA,NA,NA,NA,NA
FB240060969,NA,NA,NA,NA,NA,NA,NA,40.714285714285715,4.810522807017544,inter_chantier,195.857,Plaine,NA,NA,NA,NA,NA
FB240061028,NA,NA,NA,NA,NA,NA,NA,40.714285714285715,23.620701754385966,inter_chantier,961.7,Plaine,NA,NA,NA,NA,NA
FB240061429,NA,NA,NA,NA,NA,NA,NA,13.571428571428571,226.85076842105263,inter_chantier,3078.689,Plaine,NA,NA,NA,NA,NA
FB240061534,NA,NA,NA,NA,NA,NA,NA,3.5714285714285716,351.12,inter_chantier,1254,Plaine,NA,NA,NA,NA,NA
FB240061706,NA,NA,NA,NA,NA,NA,NA,57.857142857142854,20.00914567901235,inter_chantier,1157.672,Plaine,NA,NA,NA,NA,NA
FB240064178,NA,NA,NA,NA,NA,NA,NA,47.857142857142854,37.284256716417914,inter_chantier,1784.318,Plaine,NA,NA,NA,NA,NA
FB240064524,NA,NA,NA,NA,NA,NA,NA,67.14285714285714,16.532659574468084,inter_chantier,1110.05,Plaine,NA,NA,NA,NA,NA
FB240064815,NA,NA,NA,NA,NA,NA,NA,27.142857142857142,8.49578947368421,inter_chantier,230.6,Plaine,NA,NA,NA,NA,NA
FB240065224,NA,NA,NA,NA,NA,NA,NA,2.142857142857143,165.66666666666669,inter_chantier,355,Plaine,NA,NA,NA,NA,NA
FB240065904,NA,NA,NA,NA,NA,NA,NA,12.857142857142858,55.62954444444444,inter_chantier,715.237,Plaine,NA,NA,NA,NA,NA
FB240067130,NA,NA,NA,NA,NA,NA,NA,5.714285714285714,94.5525,inter_chantier,540.3,Plaine,NA,NA,NA,NA,NA
FB240067133,NA,NA,NA,NA,NA,NA,NA,7.857142857142857,143.57636363636362,inter_chantier,1128.1,Plaine,NA,NA,NA,NA,NA
FB240067187,NA,NA,NA,NA,NA,NA,NA,25.714285714285715,5.712,inter_chantier,146.88,Plaine,NA,NA,NA,NA,NA
FB240067193,NA,NA,NA,NA,NA,NA,NA,2.857142857142857,174.49565,inter_chantier,498.559,Plaine,NA,NA,NA,NA,NA
FB240067200,NA,NA,NA,NA,NA,NA,NA,28.571428571428573,13.309555,inter_chantier,380.273,Plaine,NA,NA,NA,NA,NA
FB240067203,NA,NA,NA,NA,NA,NA,NA,6.428571428571429,45.35688888888888,inter_chantier,291.58,Plaine,NA,NA,NA,NA,NA
FB240067207,NA,NA,NA,NA,NA,NA,NA,5,20.4264,inter_chantier,102.132,Plaine,NA,NA,NA,NA,NA
FB240067209,NA,NA,NA,NA,NA,NA,NA,5,17.0714,inter_chantier,85.357,Plaine,NA,NA,NA,NA,NA
FB240067747,NA,NA,NA,NA,NA,NA,NA,25.714285714285715,3.93225,inter_chantier,101.115,Plaine,NA,NA,NA,NA,NA
FB240068470,NA,NA,NA,NA,NA,NA,NA,107.14285714285714,6.979746666666667,inter_chantier,747.83,Plaine,NA,NA,NA,NA,NA
FB240068618,NA,NA,NA,NA,NA,NA,NA,12.142857142857142,14.414317647058825,inter_chantier,175.031,Plaine,NA,NA,NA,NA,NA
FB240070026,NA,NA,NA,NA,NA,NA,NA,45.714285714285715,9.8385,inter_chantier,449.76,Plaine,NA,NA,NA,NA,NA
FB240070027,NA,NA,NA,NA,NA,NA,NA,38.57142857142857,20.877111111111113,inter_chantier,805.26,Plaine,NA,NA,NA,NA,NA
FB240070028,NA,NA,NA,NA,NA,NA,NA,58.57142857142857,2.0315365853658536,inter_chantier,118.99,Plaine,NA,NA,NA,NA,NA
FB240070030,NA,NA,NA,NA,NA,NA,NA,30,13.255333333333335,inter_chantier,397.66,Plaine,NA,NA,NA,NA,NA
FB240070405,NA,NA,NA,NA,NA,NA,NA,20.714285714285715,69.88172413793103,inter_chantier,1447.55,Plaine,NA,NA,NA,NA,NA
FB240070440,NA,NA,NA,NA,NA,NA,NA,2.142857142857143,1352.4,inter_chantier,2898,Montagne,NA,NA,NA,NA,NA
FB240070829,NA,NA,NA,NA,NA,NA,NA,8.571428571428571,186.84166666666667,inter_chantier,1601.5,Plaine,NA,NA,NA,NA,NA
FB240073625,NA,NA,NA,NA,NA,NA,NA,5,127.24000000000001,inter_chantier,636.2,Plaine,NA,NA,NA,NA,NA
FB240073850,NA,NA,NA,NA,NA,NA,NA,10,20.884999999999998,inter_chantier,208.85,Plaine,NA,NA,NA,NA,NA
FB240074530,NA,NA,NA,NA,NA,NA,NA,15,2.1257333333333333,inter_chantier,31.886,Plaine,NA,NA,NA,NA,NA
FB240076970,NA,NA,NA,NA,NA,NA,NA,27.857142857142858,45.61846153846154,inter_chantier,1270.8,Plaine,NA,NA,NA,NA,NA
FB240079083,NA,NA,NA,NA,NA,NA,NA,28.571428571428573,22.729,inter_chantier,649.4,Plaine,NA,NA,NA,NA,NA
FB240081953,NA,NA,NA,NA,NA,NA,NA,27.142857142857142,0.8516421052631579,inter_chantier,23.116,Plaine,NA,NA,NA,NA,NA
FB240082396,NA,NA,NA,NA,NA,NA,NA,25,35.2952,inter_chantier,882.38,Plaine,NA,NA,NA,NA,NA
FB240082397,NA,NA,NA,NA,NA,NA,NA,34.285714285714285,17.580791666666666,inter_chantier,602.77,Plaine,NA,NA,NA,NA,NA
FB250001288,NA,NA,NA,NA,NA,NA,NA,7.142857142857143,88.47999999999999,inter_chantier,632,Plaine,NA,NA,NA,NA,NA
FB250003177,NA,NA,NA,NA,NA,NA,NA,14.285714285714286,55.754999999999995,inter_chantier,796.5,Plaine,NA,NA,NA,NA,NA
FB250003593,NA,NA,NA,NA,NA,NA,NA,5,49.992599999999996,inter_chantier,249.963,Plaine,NA,NA,NA,NA,NA
FB250006586,NA,NA,NA,NA,NA,NA,NA,6.428571428571429,113.45755555555556,inter_chantier,729.37,Plaine,NA,NA,NA,NA,NA
FB250010159,NA,NA,NA,NA,NA,NA,NA,7.857142857142857,1.2625454545454546,inter_chantier,9.92,Plaine,NA,NA,NA,NA,NA
FB250011022,NA,NA,NA,NA,NA,NA,NA,10.714285714285714,97.16000000000001,inter_chantier,1041,Plaine,NA,NA,NA,NA,NA
FB250015010,NA,NA,NA,NA,NA,NA,NA,27.142857142857142,28.858789473684208,inter_chantier,783.31,Plaine,NA,NA,NA,NA,NA
FB250015011,NA,NA,NA,NA,NA,NA,NA,16.428571428571427,44.190086956521746,inter_chantier,725.98,Plaine,NA,NA,NA,NA,NA
FB250015015,NA,NA,NA,NA,NA,NA,NA,15,32.48,inter_chantier,487.2,Plaine,NA,NA,NA,NA,NA
FB250016517,NA,NA,NA,NA,NA,NA,NA,4.285714285714286,114.009,inter_chantier,488.61,Plaine,NA,NA,NA,NA,NA
FB250016665,NA,NA,NA,NA,NA,NA,NA,8.571428571428571,194.60933333333332,inter_chantier,1668.08,Plaine,NA,NA,NA,NA,NA
FB250018134,NA,NA,NA,NA,NA,NA,NA,11.428571428571429,111.006,inter_chantier,1268.64,Plaine,NA,NA,NA,NA,NA
FB250022953,NA,NA,NA,NA,NA,NA,NA,17.142857142857142,16.945833333333333,inter_chantier,290.5,Plaine,NA,NA,NA,NA,NA
FB250022984,NA,NA,NA,NA,NA,NA,NA,2.142857142857143,25.713333333333335,inter_chantier,55.1,Plaine,NA,NA,NA,NA,NA
FB250022993,NA,NA,NA,NA,NA,NA,NA,25.714285714285715,14.972222222222221,inter_chantier,385,Plaine,NA,NA,NA,NA,NA
FB250023434,NA,NA,NA,NA,NA,NA,NA,7.142857142857143,33.879999999999995,inter_chantier,242,Plaine,NA,NA,NA,NA,NA
FB250023935,NA,NA,NA,NA,NA,NA,NA,20.714285714285715,34.1551724137931,inter_chantier,707.5,Plaine,NA,NA,NA,NA,NA
FB250024475,NA,NA,NA,NA,NA,NA,NA,70,3.464671428571428,inter_chantier,242.527,Plaine,NA,NA,NA,NA,NA
FB250025050,NA,NA,NA,NA,NA,NA,NA,75,5.28,inter_chantier,396,Plaine,NA,NA,NA,NA,NA
FB250027983,NA,NA,NA,NA,NA,NA,NA,29.285714285714285,16.191853658536587,inter_chantier,474.19,Plaine,NA,NA,NA,NA,NA
FB250027984,NA,NA,NA,NA,NA,NA,NA,26.428571428571427,18.910216216216217,inter_chantier,499.77,Plaine,NA,NA,NA,NA,NA
FB250028491,NA,NA,NA,NA,NA,NA,NA,40,36.608999999999995,inter_chantier,1464.36,Plaine,NA,NA,NA,NA,NA
FB250029280,NA,NA,NA,NA,NA,NA,NA,31.428571428571427,20.44464545454546,inter_chantier,642.546,Montagne,NA,NA,NA,NA,NA
FB250033716,NA,NA,NA,NA,NA,NA,NA,5.714285714285714,74.468625,inter_chantier,425.535,Montagne,NA,NA,NA,NA,NA
FB250035476,NA,NA,NA,NA,NA,NA,NA,10.714285714285714,98.37333333333333,inter_chantier,1054,Plaine,NA,NA,NA,NA,NA
FB250035703,NA,NA,NA,NA,NA,NA,NA,38.57142857142857,12.071785185185185,inter_chantier,465.626,Plaine,NA,NA,NA,NA,NA
FB250036215,NA,NA,NA,NA,NA,NA,NA,13.571428571428571,204.15905263157896,inter_chantier,2770.73,Plaine,NA,NA,NA,NA,NA
FB250036298,NA,NA,NA,NA,NA,NA,NA,19.285714285714285,23.56614814814815,inter_chantier,454.49,Plaine,NA,NA,NA,NA,NA
FB250036331,NA,NA,NA,NA,NA,NA,NA,25.714285714285715,23.696166666666667,inter_chantier,609.33,Plaine,NA,NA,NA,NA,NA
FB250036373,NA,NA,NA,NA,NA,NA,NA,30.714285714285715,20.509674418604654,inter_chantier,629.94,Plaine,NA,NA,NA,NA,NA
FB250041043,NA,NA,NA,NA,NA,NA,NA,10,113.4,inter_chantier,1134,Plaine,NA,NA,NA,NA,NA
FB250044482,NA,NA,NA,NA,NA,NA,NA,2.142857142857143,223.44933333333333,inter_chantier,478.82,Plaine,NA,NA,NA,NA,NA
FB250047584,NA,NA,NA,NA,NA,NA,NA,19.285714285714285,54.38325925925926,inter_chantier,1048.82,Plaine,NA,NA,NA,NA,NA
FB250047741,NA,NA,NA,NA,NA,NA,NA,42.857142857142854,61.6,inter_chantier,2640,Plaine,NA,NA,NA,NA,NA
FB250049618,NA,NA,NA,NA,NA,NA,NA,18.571428571428573,3.0566846153846154,inter_chantier,56.767,Plaine,NA,NA,NA,NA,NA
FB250050252,NA,NA,NA,NA,NA,NA,NA,40.714285714285715,14.919308771929824,inter_chantier,607.429,Plaine,NA,NA,NA,NA,NA
FB250050570,NA,NA,NA,NA,NA,NA,NA,38.57142857142857,40.080444444444446,inter_chantier,1545.96,Plaine,NA,NA,NA,NA,NA
FB250053861,NA,NA,NA,NA,NA,NA,NA,25.714285714285715,94.26666666666667,inter_chantier,2424,Plaine,NA,NA,NA,NA,NA
FB250053996,NA,NA,NA,NA,NA,NA,NA,5.714285714285714,339.2375,inter_chantier,1938.5,Plaine,NA,NA,NA,NA,NA
FB250056295,NA,NA,NA,NA,NA,NA,NA,35.714285714285715,41.44,inter_chantier,1480,Plaine,NA,NA,NA,NA,NA
FB250060336,NA,NA,NA,NA,NA,NA,NA,70,2.7211714285714286,inter_chantier,190.482,Plaine,NA,NA,NA,NA,NA
FB250061818,NA,NA,NA,NA,NA,NA,NA,7.857142857142857,149.91454545454548,inter_chantier,1177.9,Plaine,NA,NA,NA,NA,NA
FB250062866,NA,NA,NA,NA,NA,NA,NA,7.142857142857143,206.15434,inter_chantier,1472.531,Plaine,NA,NA,NA,NA,NA
FB250062890,NA,NA,NA,NA,NA,NA,NA,2.142857142857143,256.8216,inter_chantier,550.332,Montagne,NA,NA,NA,NA,NA
FB250067645,NA,NA,NA,NA,NA,NA,NA,15.714285714285714,151.73454545454547,inter_chantier,2384.4,Plaine,NA,NA,NA,NA,NA
FB250067686,NA,NA,NA,NA,NA,NA,NA,40,16.155,inter_chantier,646.2,Plaine,NA,NA,NA,NA,NA
FB250069126,NA,NA,NA,NA,NA,NA,NA,2.857142857142857,387.45,inter_chantier,1107,Plaine,NA,NA,NA,NA,NA
FB250069325,NA,NA,NA,NA,NA,NA,NA,5.714285714285714,37.43425,inter_chantier,213.91,Montagne,NA,NA,NA,NA,NA
FB250069692,NA,NA,NA,NA,NA,NA,NA,9.285714285714286,125.99999999999999,inter_chantier,1170,Plaine,NA,NA,NA,NA,NA
NA,4,NA,NA,NA,NA,NA,324,231.42857142857144,5.116049382716049,annuelle_etf,NA,NA,2025,1184,2,2025-01-22,2025-12-11
NA,11,NA,NA,NA,NA,NA,317,226.42857142857144,8.23734384858044,annuelle_etf,NA,NA,2023,1865.1699999999998,5,2023-02-08,2023-12-21
NA,11,NA,NA,NA,NA,NA,319,227.85714285714286,12.312583072100313,annuelle_etf,NA,NA,2024,2805.51,10,2024-01-26,2024-12-09
NA,11,NA,NA,NA,NA,NA,302,215.71428571428572,5.448271523178808,annuelle_etf,NA,NA,2025,1175.27,8,2025-02-12,2025-12-10
NA,18,NA,NA,NA,NA,NA,192,137.14285714285714,2.1029166666666668,annuelle_etf,NA,NA,2025,288.40000000000003,3,2025-05-07,2025-11-14
NA,20,NA,NA,NA,NA,NA,233,166.42857142857144,3.9115879828326174,annuelle_etf,NA,NA,2023,651,2,2023-04-12,2023-11-30
NA,22,NA,NA,NA,NA,NA,268,191.42857142857144,1.4156716417910447,annuelle_etf,NA,NA,2024,271,2,2024-02-21,2024-11-14
NA,22,NA,NA,NA,NA,NA,298,212.85714285714286,4.450402684563758,annuelle_etf,NA,NA,2025,947.3,2,2025-02-04,2025-11-28
NA,24,NA,NA,NA,NA,NA,339,242.14285714285714,42.315929203539824,annuelle_etf,NA,NA,2023,10246.5,11,2023-01-16,2023-12-20
NA,24,NA,NA,NA,NA,NA,344,245.71428571428572,15.258412790697674,annuelle_etf,NA,NA,2024,3749.21,9,2024-01-11,2024-12-19
NA,24,NA,NA,NA,NA,NA,343,245,24.770204081632652,annuelle_etf,NA,NA,2025,6068.7,10,2025-01-03,2025-12-11
NA,25,NA,NA,NA,NA,NA,297,212.14285714285714,6.852316498316498,annuelle_etf,NA,NA,2023,1453.67,4,2023-02-20,2023-12-13
NA,25,NA,NA,NA,NA,NA,294,210,4.061904761904762,annuelle_etf,NA,NA,2024,853,3,2024-02-20,2024-12-09
NA,26,NA,NA,NA,NA,NA,333,237.85714285714286,2.075350750750751,annuelle_etf,NA,NA,2023,493.63700000000006,3,2023-01-16,2023-12-14
NA,26,NA,NA,NA,NA,NA,237,169.28571428571428,1.4200843881856542,annuelle_etf,NA,NA,2024,240.4,2,2024-04-17,2024-12-09
NA,27,NA,NA,NA,NA,NA,296,211.42857142857144,10.913614864864863,annuelle_etf,NA,NA,2023,2307.45,3,2023-02-21,2023-12-13
NA,32,NA,NA,NA,NA,NA,321,229.28571428571428,1.7077383177570091,annuelle_etf,NA,NA,2023,391.55999999999995,3,2023-01-26,2023-12-12
NA,32,NA,NA,NA,NA,NA,315,225,4.3043555555555555,annuelle_etf,NA,NA,2024,968.48,5,2024-02-08,2024-12-18
NA,33,NA,NA,NA,NA,NA,330,235.71428571428572,6.723563636363636,annuelle_etf,NA,NA,2023,1584.84,7,2023-01-26,2023-12-21
NA,33,NA,NA,NA,NA,NA,303,216.42857142857144,9.813075907590758,annuelle_etf,NA,NA,2024,2123.83,14,2024-02-12,2024-12-10
NA,33,NA,NA,NA,NA,NA,332,237.14285714285714,11.7285843373494,annuelle_etf,NA,NA,2025,2781.3500000000004,14,2025-01-22,2025-12-19
NA,36,NA,NA,NA,NA,NA,283,202.14285714285714,13.553795759717314,annuelle_etf,NA,NA,2023,2739.803,4,2023-01-16,2023-10-25
NA,37,NA,NA,NA,NA,NA,288,205.71428571428572,7.243055555555555,annuelle_etf,NA,NA,2023,1490,4,2023-01-12,2023-10-26
NA,38,NA,NA,NA,NA,NA,242,172.85714285714286,34.6163305785124,annuelle_etf,NA,NA,2023,5983.68,6,2023-02-27,2023-10-26
NA,41,NA,NA,NA,NA,NA,297,212.14285714285714,6.824882154882155,annuelle_etf,NA,NA,2023,1447.85,6,2023-02-06,2023-11-29
NA,41,NA,NA,NA,NA,NA,319,227.85714285714286,3.4013416927899685,annuelle_etf,NA,NA,2024,775.02,4,2024-01-26,2024-12-09
NA,41,NA,NA,NA,NA,NA,295,210.71428571428572,8.634393220338984,annuelle_etf,NA,NA,2025,1819.39,8,2025-01-23,2025-11-13
NA,43,NA,NA,NA,NA,NA,259,185,4.145945945945946,annuelle_etf,NA,NA,2023,767,2,2023-02-09,2023-10-25
NA,44,NA,NA,NA,NA,NA,333,237.85714285714286,0.7382162162162162,annuelle_etf,NA,NA,2023,175.59,2,2023-01-16,2023-12-14
NA,44,NA,NA,NA,NA,NA,350,250,5.80572,annuelle_etf,NA,NA,2024,1451.43,4,2024-01-05,2024-12-19
NA,47,NA,NA,NA,NA,NA,313,223.57142857142858,7.720288817891373,annuelle_etf,NA,NA,2023,1726.036,3,2023-01-12,2023-11-20
NA,47,NA,NA,NA,NA,NA,267,190.71428571428572,7.3117962546816475,annuelle_etf,NA,NA,2025,1394.464,10,2025-02-05,2025-10-29
NA,48,NA,NA,NA,NA,NA,313,223.57142857142858,3.578726517571885,annuelle_etf,NA,NA,2023,800.101,4,2023-01-12,2023-11-20
NA,50,NA,NA,NA,NA,NA,302,215.71428571428572,4.097651655629139,annuelle_etf,NA,NA,2023,883.922,3,2023-01-12,2023-11-09
NA,51,NA,NA,NA,NA,NA,323,230.71428571428572,4.374674922600619,annuelle_etf,NA,NA,2023,1009.3,2,2023-02-02,2023-12-21
NA,51,NA,NA,NA,NA,NA,295,210.71428571428572,0.7315118644067796,annuelle_etf,NA,NA,2024,154.14,2,2024-02-23,2024-12-13
NA,52,NA,NA,NA,NA,NA,218,155.71428571428572,5.124770642201835,annuelle_etf,NA,NA,2024,798,3,2024-03-20,2024-10-23
NA,55,NA,NA,NA,NA,NA,328,234.28571428571428,5.980859756097561,annuelle_etf,NA,NA,2024,1401.23,5,2024-01-24,2024-12-16
NA,57,NA,NA,NA,NA,NA,321,229.28571428571428,7.180386292834891,annuelle_etf,NA,NA,2023,1646.36,6,2023-01-26,2023-12-12
NA,57,NA,NA,NA,NA,NA,302,215.71428571428572,14.227847682119204,annuelle_etf,NA,NA,2024,3069.15,7,2024-02-12,2024-12-09
NA,57,NA,NA,NA,NA,NA,266,190,7.470684210526315,annuelle_etf,NA,NA,2025,1419.4299999999998,5,2025-02-12,2025-11-04
NA,70,NA,NA,NA,NA,NA,309,220.71428571428572,7.495708737864078,annuelle_etf,NA,NA,2024,1654.41,3,2024-01-30,2024-12-03
NA,80,NA,NA,NA,NA,NA,342,244.28571428571428,1.8482456140350878,annuelle_etf,NA,NA,2025,451.5,2,2025-01-15,2025-12-22
NA,81,NA,NA,NA,NA,NA,212,151.42857142857144,4.926679245283018,annuelle_etf,NA,NA,2023,746.04,2,2023-04-18,2023-11-15
NA,83,NA,NA,NA,NA,NA,264,188.57142857142858,1.4016333333333333,annuelle_etf,NA,NA,2023,264.308,2,2023-02-24,2023-11-14
NA,97,NA,NA,NA,NA,NA,206,147.14285714285714,0.9568932038834953,annuelle_etf,NA,NA,2025,140.8,2,2025-03-31,2025-10-22
NA,98,NA,NA,NA,NA,NA,268,191.42857142857144,7.209007462686566,annuelle_etf,NA,NA,2025,1380.01,4,2025-03-03,2025-11-25
NA,105,NA,NA,NA,NA,NA,352,251.42857142857144,11.061193181818181,annuelle_etf,NA,NA,2025,2781.1,5,2025-01-13,2025-12-30
NA,107,NA,NA,NA,NA,NA,220,157.14285714285714,5.0819363636363635,annuelle_etf,NA,NA,2025,798.5899999999999,6,2025-02-12,2025-09-19
NA,116,NA,NA,NA,NA,NA,318,227.14285714285714,4.513626415094339,annuelle_etf,NA,NA,2025,1025.2379999999998,4,2025-01-28,2025-12-11
NA,118,NA,NA,NA,NA,NA,328,234.28571428571428,13.514404878048781,annuelle_etf,NA,NA,2024,3166.232,3,2024-01-05,2024-11-27
NA,129,NA,NA,NA,NA,NA,204,145.71428571428572,1.1355990196078432,annuelle_etf,NA,NA,2024,165.473,2,2024-03-11,2024-09-30
NA,132,NA,NA,NA,NA,NA,323,230.71428571428572,9.079758513931887,annuelle_etf,NA,NA,2025,2094.83,10,2025-01-23,2025-12-11
NA,142,NA,NA,NA,NA,NA,210,150,0.9333333333333333,annuelle_etf,NA,NA,2025,140,3,2025-02-11,2025-09-08
