"ID_FB","NUM_ETF","CENTRE_PROFIT","VOL_REEL_ABA_M3","COUT_TOTAL_ABA","COUT_ABA_TERRE_M3","VOL_REEL_DEB_M3","COUT_TOTAL_DEB","COUT_DEB_TERRE_M3","VOL_REF","COUTS_ANNEXES_TOTAL","COUTS_ANNEXES_M3","TARIF_PRESTA_TERRE_M3","TARIF_PRESTA_TERRE_TOT","NB_GRUMES","DIAM_MOY","VOL_MOYEN_GRUME","G_TOT_CUT","ESSENCE_MAJ","PRIX_VENTE_TOT","PRIX_VENTE_GRUME_TERRE","VOL_HA_MOY","HA_DES_TOT","FAMILLE_COUPE","PEUPLEMENT_STR","ALTITUDE_MOY","PENTE_MOY","TYPE_CHANTIER"
"FB180062177",15,832507,NA,NA,NA,NA,NA,NA,NA,NA,NA,NA,NA,2748,18.2896652110626,0.232203420669578,88.447,"Douglas",5461.72,1.98752547307132,72.62,10.11,"Famille Amélioration","futaie régulière",120.142761230469,1.84531700611115,"Plaine"
"FB200007414",17,832001,NA,NA,NA,NA,NA,NA,NA,NA,NA,NA,NA,299,22.6421404682274,0.418,14.722,"Pin sylvestre",4991.5,16.6939799331104,45.155,2.85,"Famille Amélioration","futaie régulière",32.7508392333984,1.26224911212921,"Plaine"
"FB200015735",18,853501,157.95,1626.89,10.3000316555872,315.9,1061.42,3.35998733776512,315.9,78.98,0.250015827793606,13.9100348211459,2767.29,142,28.0985915492958,0.847802816901408,9.269,"Epicéa de sitka",6993.62,49.2508450704225,62.22,2.14,"Famille Amélioration","futaie régulière",125.052429199219,8.17445182800293,"Plaine"
"FB200024865",19,835510,583,6996,12,883,5810.14,6.58,883,0,0,18.58,12806.14,6245,13.4683746997598,0.118585428342674,96.939,"Chêne sessile ou pédonculé",26934.77,4.31301361088871,36.44,20.59,"Famille Amélioration","futaie régulière",174.806747436523,1.07113826274872,"Plaine"
"FB200069430",11,853501,190.61,2343.73,12.2959445989193,190.61,1405.96,7.37610828393054,190.61,0,0,19.6720528828498,3749.69,40,58.5,4.244425,11.288,"Hêtre",10096.29,252.40725,36.32,6.36,"Famille Régénération","futaie régulière",155.615570068359,5.25384902954102,"Plaine"
"FB210003094",21,880509,NA,NA,NA,NA,NA,NA,NA,NA,NA,NA,NA,920,22.0054347826087,0.34415652173913,37.3469999999999,"Chêne sessile ou pédonculé",38477.72,41.8236086956522,26.85,13.46,"Famille Amélioration","Non déterminé",264.836639404297,0.829436004161835,"Plaine"
"FB210006820",22,835510,NA,NA,NA,NA,NA,NA,NA,NA,NA,NA,NA,205,40.9268292682927,1.47620487804878,27.692,"Chêne sessile ou pédonculé",15848.295254,77.3087573365853,22.73,19,"Famille Amélioration","Futaie sur souche ou TSF en conversion",232.508972167969,1.69562029838562,"Plaine"
"FB210006823",23,835510,170.5,2206.27,12.94,170.5,1563.49,9.1700293255132,170.5,0,0,22.1100293255132,3769.76,132,40.6060606060606,1.5374696969697,18.355,"Chêne sessile ou pédonculé",20682.891864,156.688574727273,22.6,12.88,"Famille Amélioration","Futaie sur souche ou TSF en conversion",234.132141113281,1.55252540111542,"Plaine"
"FB210009846",22,835510,NA,NA,NA,NA,NA,NA,NA,NA,NA,NA,NA,121,36.1570247933884,1.26832231404959,14.275,"Chêne sessile ou pédonculé",6843.882882,56.561015553719,35.36,6.21,"Famille Amélioration","Futaie sur souche ou TSF en conversion",266.149444580078,2.27963352203369,"Plaine"
"FB210021530",24,833512,162,1636.2,10.1,162,999.54,6.17,162,0,0,16.27,2635.74,1001,16.7382617382617,0.165524475524476,24.422,"Pin laricio",7732.61,7.72488511488512,22.08,7.79,"Famille Amélioration","futaie régulière",132.606582641602,0.681595742702484,"Plaine"
"FB210021624",24,833512,364,3676.4,10.1,364,2042.04,5.61,364,0,0,15.71,5718.44,1817,15.7099614749587,0.146036323610347,39.3109999999997,"Pin laricio",12607.67,6.93872867363786,18.21,15.03,"Famille Amélioration","futaie régulière",121.647003173828,1.05678105354309,"Plaine"
"FB210022193",25,833502,88.9,849.88,9.5599550056243,98.3,905,9.20651068158698,98.3,0,0,18.7664656872113,1754.88,57,46.4912280701754,1.89440350877193,10.018,"Pin sylvestre",4634.88,81.3136842105263,37.91,3,"Famille Amélioration","futaie régulière",139.121612548828,0.671573221683502,"Plaine"
"FB210022802",27,833514,154.8,1893.2,12.2299741602067,NA,NA,NA,NA,0,0,NA,NA,29,56.8965517241379,2.42006896551724,8.023,"Chêne sessile ou pédonculé",4953.6,170.813793103448,12.42,7.37,"Famille Amélioration","taillis sous futaie",131.642211914062,1.44999527931213,"Plaine"
"FB210022834",25,833514,70,651,9.3,NA,NA,NA,NA,0,0,NA,NA,707,36.7256011315417,1.18850777934936,87.0180000000004,"Pin sylvestre",23984.96,33.9249787835927,33.36,28.9,"Famille Amélioration","taillis sous futaie",139.592727661133,1.30632364749908,"Plaine"
"FB210023192",24,833512,192.1,1832.63,9.53997917751171,192.1,1077.68,5.60999479437793,192.1,0,0,15.1499739718896,2910.31,561,21.2032085561497,0.345308377896613,23.6769999999999,"Charme",8732.79999999998,15.5664884135472,22.49,9.04,"Famille Amélioration","futaie régulière",139.928207397461,1.34363079071045,"Plaine"
"FB210023548",29,835510,324,3823.2,11.8,NA,NA,NA,NA,0,0,NA,NA,204,57.3039215686275,2.19168137254902,54.731,"Chêne sessile ou pédonculé",12958.4,63.521568627451,201.69,4,"Famille Régénération","taillis sous futaie",161.241653442383,0.818995296955109,"Plaine"
"FB210024365",28,833502,176,1584,9,176,1056,6,176,0,0,15,2640,304,24.1940789473684,0.367947368421053,14.382,"Pin sylvestre",4758.11,15.651677631579,22.24,5.46,"Famille Amélioration","futaie régulière",136.687637329102,1.19376885890961,"Plaine"
"FB210024645",11,853501,291.1,3705.7,12.7299896942631,291.1,2075.54,7.12998969426314,291.1,0,0,19.8599793885263,5781.24,157,54.968152866242,3.43024840764331,38.459,"Hêtre",38307,243.993630573248,53.97,13.36,"Famille Amélioration","futaie régulière",161.4111328125,1.62916028499603,"Plaine"
"FB210024680",11,853501,921.61,3945.86,4.28148566096288,921.61,2419.83,2.62565510356875,921.61,0,0,6.90714076453164,6365.69,151,52.9470198675497,3.17168874172186,34.277,"Hêtre",34409.48,227.877350993378,49.56,12.91,"Famille Amélioration","futaie régulière",166.460708618164,1.37600576877594,"Plaine"
"FB210025142",30,853501,24.87,380.51,15.2999597909127,24.87,190.26,7.65018094089264,24.87,0,0,22.9501407318054,570.77,138,48.1884057971015,2.22391304347826,28.121,"Hêtre",6385.625665,46.2726497463768,38.76,10.83,"Famille Irréguliers","futaie régulière",213.132720947266,0.393310517072678,"Plaine"
"FB210028739",31,835510,102.79,1104.14,10.7417063916723,NA,NA,NA,NA,0,0,NA,NA,620,22.7016129032258,0.436061290322579,27.1390000000001,"Chêne sessile ou pédonculé",14278.58,23.0299677419355,28.11,11,"Famille Amélioration","futaie régulière",251.470016479492,2.08253192901611,"Plaine"
"FB210028930",11,853501,2255.96,14945.89,6.62506870689197,2255.96,8965.52,3.97414847780989,2255.96,0,0,10.5992171847019,23911.41,428,39.053738317757,1.37617757009345,53.9909999999998,"Hêtre",60743.673958,141.924471864486,34.39,21.91,"Famille Amélioration","futaie régulière",125.979141235352,9.42559337615967,"Plaine"
"FB210028934",32,853501,249.61,2883.3,11.5512199030488,249.61,1834.08,7.34778254076359,249.61,0,0,18.8990024438123,4717.38,29,73.7931034482759,6.27848275862069,12.641,"Hêtre",16620.82,573.131724137931,90.72,2.8,"Famille Régénération","futaie régulière",96.6327133178711,7.04054117202759,"Plaine"
"FB210033551",33,853501,162.18,1643.08,10.131212233321,162.18,1156.35,7.13004069552349,162.18,0,0,17.2612529288445,2799.43,215,52.046511627907,2.51259069767442,48.014,"Hêtre",22260.493564,103.537179367442,51.63,14.9,"Famille Amélioration","futaie régulière",168.261764526367,7.63849258422852,"Plaine"
"FB210034852",34,832001,NA,NA,NA,NA,NA,NA,NA,NA,NA,NA,NA,86,61.6279069767442,3.94208139534884,26.941,"Chêne sessile ou pédonculé",42357.395041,492.527849313954,58.06,8.34,"Famille Amélioration","futaie régulière",40.1085014343262,1.03743958473206,"Plaine"
"FB210035327",24,833512,87,829.98,9.54,87,488.07,5.61,87,0,0,15.15,1318.05,5794,20.6472212633759,0.266921470486713,211.892000000009,"Pin laricio",51743.1699999995,8.9304746289264,19.7833333333333,83.14,"Famille Amélioration","futaie régulière",122.709541320801,1.08302819728851,"Plaine"
"FB210035918",11,853501,597.64,7368.46,12.3292617629342,597.64,4396.97,7.35722173883944,597.64,0,0,19.6864835017736,11765.43,76,66.578947368421,4.75830263157895,27.527,"Hêtre",43148.72606,567.746395526316,109.36,4.5,"Famille Régénération","futaie régulière",188.41276550293,4.1389651298523,"Plaine"
"FB210038493",11,853501,336.43,148.03,0.440002377909223,336.43,235.5,0.699997027613471,336.43,0,0,1.13999940552269,383.53,89,64.9438202247191,4.83406741573034,31.31,"Hêtre",44683.066573,502.056927786517,43.37,13.64,"Famille Régénération","futaie régulière",109.253456115723,4.39739990234375,"Plaine"
"FB210038498",32,853501,340.41,215.6,0.63335389677154,340.41,267.8,0.786698393114186,340.41,0,0,1.42005228988573,483.4,122,64.9180327868852,4.27391803278688,41.38,"Hêtre",44794.442153,367.167558631148,59.5,12.01,"Famille Régénération","futaie régulière",187.86083984375,1.65033197402954,"Plaine"
"FB210038522",11,853501,1080.49,13554.98,12.5452155966275,1080.49,8173.07,7.56422549028681,1080.49,0,0,20.1094410869143,21728.05,146,70.3424657534247,5.81271232876711,58.5550000000001,"Hêtre",66669.56,456.640821917808,58.72,19.98,"Famille Régénération","futaie régulière",159.845581054688,2.95014762878418,"Plaine"
"FB210044225",11,853501,2421.73,30142.86,12.4468293327497,2421.73,17655.76,7.29055675075256,2421.73,0,0,19.7373860835023,47798.62,301,61.6777408637874,4.45272757475083,92.6119999999999,"Hêtre",63752.509369,211.802356707641,93.14,19.56,"Famille Régénération","futaie régulière",167.307235717773,1.90048325061798,"Plaine"
"FB210050103",35,884508,4.42,77.57,17.5497737556561,4.42,80.44,18.1990950226244,4.42,0,0,35.7488687782805,158.01,217,36.0599078341014,0.975571428571429,23.892,"Hêtre",14084.07,64.9035483870967,48.94,5,"Famille Irréguliers","futaie irrégulière",984.439270019531,32.5008850097656,"Montagne"
"FB210052353",32,853501,426.32,2585.3,6.06422405704635,426.32,1710.53,4.01231469318822,426.32,0,0,10.0765387502346,4295.83,92,42.7717391304348,1.83777173913043,14.655,"Frêne commun",10996.43,119.526413043478,41.82,5.12,"Famille Irréguliers","taillis sous futaie",117.844436645508,12.9276437759399,"Plaine"
"FB210060349",33,853501,388.99,3909.34,10.0499755777783,388.99,2773.5,7.13000334198823,388.99,0,0,17.1799789197666,6682.84,204,64.8529411764706,4.48545588235293,74.025,"Hêtre",22517.71,110.380931372549,138.69,9.81,"Famille Régénération","futaie régulière",135.254028320312,4.82154941558838,"Plaine"
"FB210061833",24,833512,694.5,6625.53,9.54,694.5,3896.15,5.61000719942405,694.5,0,0,15.150007199424,10521.68,2703,17.4546799852016,0.196093599704029,71.1499999999993,"Pin laricio",32781.78,12.1279245283019,24.98,22.05,"Famille Amélioration","futaie régulière",129.191711425781,1.09325802326202,"Plaine"
"FB210064007",37,835510,3681,41963.4,11.4,3681,23926.5,6.5,3681,1540,0.418364574843792,18.3183645748438,67429.9,1,10,0.039,0.008,"Charme",136546.93,136546.93,75,23.46,"Famille Régénération","taillis sous futaie",160.955001831055,1.03929173946381,"Plaine"
"FB210064901",11,853501,245.38,1521.36,6.20001630124704,245.38,858.84,3.50004075311761,245.38,0,0,9.70005705436466,2380.2,52,42.7884615384615,2.32657692307692,8.703,"Frêne commun",8565.48,164.720769230769,104.82,1.5,"Famille coupes sanitaires","futaie régulière",121.093589782715,9.6353816986084,"Plaine"
"FB210067122",32,853501,333.1,3856.55,11.5777544280997,333.1,2456.62,7.37502251576103,333.1,0,0,18.9527769438607,6313.17,54,61.2962962962963,4.56253703703704,16.645,"Hêtre",20560.21,380.74462962963,41.59,8.13,"Famille coupes sanitaires","futaie régulière",153.844375610352,3.6135904788971,"Plaine"
"FB210067410",8,844009,871.227,13068.41,15.0000057390324,NA,NA,NA,NA,0,0,NA,NA,176,54.0056818181818,3.10288636363636,42.283,"Sapin pectiné",22661.51,128.758579545455,82.47,7.31,"Famille Irréguliers","futaie irrégulière",759.2099609375,4.56065130233765,"Montagne"
"FB210068066",11,853501,498.03,6130.24,12.3089773708411,779.89,3951.7,5.06699662772955,779.89,0,0,17.3759739985707,10081.94,89,67.0786516853933,5.23138202247191,32.124,"Hêtre",43253.442097,485.993731426966,80.3,8,"Famille coupes sanitaires","futaie régulière",125.253402709961,6.34275960922241,"Plaine"
"FB210068067",11,853501,347.47,4238.21,12.1973407776211,504.13,2739.07,5.43326126197608,504.13,0,0,17.6306020395972,6977.28,39,74.1025641025641,5.18305128205128,17.436,"Hêtre",13786.18,353.491794871795,40.28,7,"Famille Régénération","futaie régulière",131.314147949219,3.40703296661377,"Plaine"
"FB210071611",32,853501,600.91,6750.46,11.2337288445857,600.91,4286.8,7.13384699871861,600.91,0,0,18.3675758433043,11037.26,106,63.3018867924528,3.81518867924528,34.752,"Hêtre",35850.4,338.211320754717,36.27,15.23,"Famille Régénération","futaie régulière",185.142929077148,2.32532835006714,"Plaine"
"FB210073106",39,835510,695,8916.85,12.83,695,5942.25,8.55,695,0,0,21.38,14859.1,345,56.0869565217391,2.49939130434782,88.436,"Chêne sessile ou pédonculé",382723.374095999,1109.34311332174,56.27,24.48,"Famille Régénération","Futaie sur souche ou TSF en conversion",175.005310058594,0.638682663440704,"Plaine"
"FB210073498",40,853501,366.21,4698.47,12.8299882581033,366.21,2611.08,7.13000737281887,366.21,0,0,19.9599956309222,7309.55,1743,19.6471600688468,0.325161790017213,59.1339999999999,"Hêtre",15666.24,8.98808950086058,48.194,16.82,"Famille Amélioration","futaie régulière",164.54557800293,0.694339215755463,"Plaine"
"FB210074438",33,853501,107.13,1119.71,10.4518808923738,107.13,780.98,7.29002146924298,107.13,0,0,17.7419023616167,1900.69,183,45.0819672131148,1.76592349726776,31.116,"Hêtre",10476.966696,57.2511841311475,39.7,11.3,"Famille Amélioration","futaie régulière",182.951034545898,5.40801286697388,"Plaine"
"FB210074496",32,853501,121.26,1401.82,11.560448622794,121.26,892.14,7.35724888668976,121.26,0,0,18.9176975094838,2293.96,330,62.6969696969697,4.73210909090908,105.228,"Hêtre",21455.672627,65.0171897787879,163.35,13.14,"Famille Régénération","futaie régulière",145.171905517578,7.0490312576294,"Plaine"
"FB210074501",30,853501,15.65,239.45,15.3003194888179,15.65,119.72,7.64984025559105,15.65,0,0,22.9501597444089,359.17,80,62.0625,4.4526625,25.076,"Hêtre",4105.9,51.32375,41.71,11.91,"Famille Régénération","futaie régulière",165.749038696289,4.84089612960815,"Plaine"
"FB220000019",33,853501,258.18,2675.15,10.3615694476722,408.18,2910.33,7.13001616933706,408.18,0,0,17.4915856170092,5585.48,136,49.8897058823529,2.24645588235294,28.021,"Hêtre",34238.39,251.752867647059,32.9,12.86,"Famille Irréguliers","futaie régulière",189.704055786133,7.33881092071533,"Plaine"
"FB220000043",11,853501,217.65,2764.16,12.7000229726625,217.65,1786.91,8.21001608086377,217.65,0,0,20.9100390535263,4551.07,71,59.7887323943662,4.12352112676056,20.696,"Hêtre",35716.066467,503.043189676056,34.63,11.33,"Famille Régénération","futaie régulière",169.366775512695,2.1246395111084,"Plaine"
"FB220003307",41,853501,1229.11,13145.4,10.6950557720627,1229.11,8067.66,6.56382260334714,1229.11,0,0,17.2588783754099,21213.06,466,42.0171673819742,1.66327038626609,72.4349999999999,"Hêtre",93107.0277870001,199.800488813305,54.82,18.96,"Famille Amélioration","futaie régulière",216.693557739258,0.804646611213684,"Plaine"
"FB220004061",42,833513,NA,NA,NA,NA,NA,NA,NA,NA,NA,NA,NA,2154,19.8653667595172,0.328729805013927,89.9999999999995,"Charme",72099.18396,33.4722302506964,45.3,20,"Famille Régénération","taillis sous futaie",142.920654296875,1.14553558826447,"Plaine"
"FB220004062",43,833514,967,12571,13,989,5548.29,5.61,989,0,0,18.61,18119.29,2154,19.8653667595172,0.328729805013927,89.9999999999995,"Charme",28445.25,13.2057799442897,45.3,20,"Famille Régénération","taillis sous futaie",142.920654296875,1.14553558826447,"Plaine"
"FB220004108",41,853501,568.31,6005.58,10.567436786261,568.31,3779.74,6.65084197005156,568.31,0,0,17.2182787563126,9785.32,126,60.8333333333333,3.68650793650794,37.648,"Hêtre",33876.07,268.857698412698,60.22,11.16,"Famille Amélioration","futaie régulière",172.037780761719,6.2662763595581,"Plaine"
"FB220004109",33,853501,906.02,9386.86,10.3605439173528,906.02,6604.89,7.29000463565926,906.02,0,0,17.6505485530121,15991.75,214,55.0467289719626,2.61897196261682,52.47,"Hêtre",51605.9199999999,241.149158878504,53.87,14.99,"Famille Amélioration","futaie régulière",205.271392822266,2.37010645866394,"Plaine"
"FB220004111",41,853501,733.32,7822.16,10.6667757595593,733.32,4827.53,6.58311514754814,733.32,0,0,17.2498909071074,12649.69,192,50.5729166666667,2.287359375,40.015,"Hêtre",41426.75845,215.764366927083,48.21,12.63,"Famille Amélioration","futaie régulière",199.993133544922,3.15819501876831,"Plaine"
"FB220004112",33,853501,79.66,767.13,9.63005272407733,79.66,567.98,7.13005272407733,79.66,0,0,16.7601054481547,1335.11,125,59.24,3.156192,36.088,"Hêtre",37182.87,297.46296,44.59,12.45,"Famille Amélioration","futaie régulière",215.295059204102,0.7133629322052,"Plaine"
"FB220004132",41,853501,491.77,5201.94,10.577993777579,491.77,3267.15,6.64365455395815,491.77,0,0,17.2216483315371,8469.09,94,66.8085106382979,4.20706382978724,34.171,"Hêtre",52176.919096,555.073607404256,91.37,6.3,"Famille Amélioration","futaie régulière",86.9875640869141,7.03952074050903,"Plaine"
"FB220004172",11,853501,720.25,9084.19,12.6125511975009,720.25,5420.7,7.52613675807011,720.25,0,0,20.138687955571,14504.89,70,71.3571428571429,6.38137142857143,30.59,"Chêne sessile ou pédonculé",108213.364464,1545.90520662857,102.73,6,"Famille Régénération","futaie régulière",131.140274047852,2.90806412696838,"Plaine"
"FB220004173",32,853501,918.77,10197.63,11.0992196088248,918.77,6426.14,6.99428583867562,918.77,0,0,18.0935054475005,16623.77,221,64.3212669683258,4.31398190045249,74.8589999999999,"Hêtre",93617.113688,423.606849266968,77.82,16.72,"Famille Régénération","futaie régulière",181.532974243164,3.10487198829651,"Plaine"
"FB220004193",24,833513,495,4572.22,9.23680808080808,495,3347.79,6.76321212121212,495,0,0,16.0000202020202,7920.01,270,43.5185185185185,1.44458148148148,40.9369999999999,"Pin sylvestre",23907.31,88.5455925925927,31.1,13.21,"Famille Régénération","futaie régulière",141.569076538086,0.337224394083023,"Plaine"
"FB220004195",44,833513,393,3624.34,9.22223918575064,393,2679.72,6.81862595419847,393,0,0,16.0408651399491,6304.06,223,49.8430493273543,1.93304484304933,45.868,"Pin sylvestre",23695.1,106.256053811659,31.05,17.07,"Famille Régénération","taillis sous futaie",152.369216918945,1.52258765697479,"Plaine"
"FB220004202",33,853501,924.45,9623.24,10.4096922494456,924.45,6591.33,7.1300016225864,924.45,0,0,17.539693872032,16214.57,266,47.7255639097744,2.06786466165414,51.944,"Hêtre",62103.234937,233.470808033834,41.8,18.02,"Famille Irréguliers","futaie régulière",160.523345947266,6.39782953262329,"Plaine"
"FB220005933",32,853501,692.02,3875.32,5.60001156035953,692.02,2449.76,3.54001329441346,692.02,0,0,9.14002485477298,6325.08,513,33.869395711501,1.13575633528265,48.8999999999999,"Frêne commun",33299.07,64.9104678362573,33.08,21.49,"Famille coupes sanitaires","futaie régulière",150.689102172852,9.45716381072998,"Plaine"
"FB220006726",45,880509,125.755,1634.82,13.0000397598505,125.755,1383.31,11.0000397598505,125.755,0,0,24.000079519701,3018.13,128,43.0078125,1.625734375,21.492,"Feuillu dur",36739.801697,287.029700757813,27.6,11.36,"Famille Amélioration","futaie régulière",260.270751953125,1.03897619247437,"Plaine"
"FB220007895",38,835510,1166,12826,11,1166,6996,6,1166,0,0,17,19822,2053,21.0642961519727,0.32108524111057,75.875,"Chêne sessile ou pédonculé",40882.14,19.9133658061374,26.4,26.29,"Famille Amélioration","futaie régulière",177.334365844727,1.03918588161469,"Plaine"
"FB220007896",38,835510,930,10230,11,NA,NA,NA,NA,0,0,NA,NA,1386,19.8917748917749,0.267735209235209,45.372,"Chêne sessile ou pédonculé",15643.53,11.2868181818182,19.24,19.72,"Famille Amélioration","futaie régulière",170.386383056641,1.21271419525146,"Plaine"
"FB220007910",47,835510,166.7,2157.1,12.9400119976005,166.7,1631.99,9.78998200359928,166.7,0,0,22.7299940011998,3789.09,126,46.0714285714286,1.32696825396825,22.879,"Chêne sessile ou pédonculé",45451.742207,360.728112753968,18.91,16.92,"Famille Régénération","taillis sous futaie",161.884140014648,0.954634487628937,"Plaine"
"FB220008591",28,833502,665,5985,9,665,3990,6,665,0,0,15,9975,557,32.1903052064632,0.840078994614004,48.115,"Pin sylvestre",6960.12,12.4957271095153,32.99,15.22,"Famille Amélioration","futaie régulière",135.311126708984,1.30217182636261,"Plaine"
"FB220008592",49,833514,NA,NA,NA,NA,NA,NA,NA,NA,NA,NA,NA,274,40.7481751824818,1.13393430656934,38.423,"Chêne sessile ou pédonculé",61338.627443,223.863603806569,44.62,11.02,"Famille Régénération","taillis sous futaie",128.331756591797,0.564186811447144,"Plaine"
"FB220008609",27,833514,35.5,436.65,12.3,NA,NA,NA,NA,0,0,NA,NA,753,18.5192563081009,0.292961487383798,28.7390000000001,"Charme",NA,NA,23.27,13,"Famille Coupes d'Emprise","taillis sous futaie",131.988845825195,1.79604208469391,"Plaine"
"FB220008617",48,835510,37.5,485.25,12.94,37.5,345.38,9.21013333333333,37.5,0,0,22.1501333333333,830.63,24,48.5416666666667,1.782125,4.861,"Chêne sessile ou pédonculé",5933.492916,247.2288715,28,2.51,"Famille coupes sanitaires","taillis sous futaie",157.058715820312,1.24283885955811,"Plaine"
"FB220008855",51,833512,303,3302.7,10.9,216,1276.56,5.91,216,0,0,16.81,4579.26,142,44.0845070422535,1.40402112676056,23.672,"Chêne sessile ou pédonculé",57770.825544,406.836799605634,94.17,3.5,"Famille Régénération","futaie régulière",132.182647705078,1.01616609096527,"Plaine"
"FB220010186",52,835510,693,9563.4,13.8,840,5460,6.5,840,0,0,20.3,15023.4,978,23.0623721881391,0.489472392638037,45.512,"Chêne sessile ou pédonculé",30019.53,30.6948159509202,21.135,24.8,"Famille Amélioration","futaie régulière",262.051300048828,2.1987795829773,"Plaine"
"FB220010931",53,844009,690.333,6903.33,10,690.333,6868.81,9.94999514726951,690.333,1380.67,2.00000579430507,21.9500009415746,15152.81,214,63.0607476635514,4.5682476635514,72.646,"Sapin pectiné",55208.33,257.98285046729,181.47,6,"Famille Régénération","futaie régulière",792.20849609375,5.71268320083618,"Montagne"
"FB220013220",33,853501,1514.06,8269.2,5.46160654135239,1814.06,6920.64,3.81500060637465,1814.06,0,0,9.27660714772704,15189.84,336,34.9702380952381,0.938654761904762,35.651,"Hêtre",35314.15,105.101636904762,39.82,10.38,"Famille Irréguliers","futaie régulière",182.367477416992,8.4073600769043,"Plaine"
"FB220013400",25,833514,82.203,747.23,9.09005754047906,NA,NA,NA,NA,0,0,NA,NA,465,49.9677419354839,1.90907311827957,97.6669999999997,"Chêne sessile ou pédonculé",191679.663693,412.214330522581,77.84,17.62,"Famille Régénération","taillis sous futaie",125.900230407715,0.395325869321823,"Plaine"
"FB220013401",25,833514,84,763.56,9.09,NA,NA,NA,NA,0,0,NA,NA,465,49.9677419354839,1.90907311827957,97.6669999999997,"Chêne sessile ou pédonculé",12820.4,27.5707526881721,77.84,17.62,"Famille Régénération","taillis sous futaie",125.900230407715,0.395325869321823,"Plaine"
"FB220014751",11,853501,328.69,4019.57,12.2290608171834,487.64,2595.86,5.32331227955049,487.64,0,0,17.5523730967339,6615.43,58,63.0172413793103,4.55560344827586,18.606,"Hêtre",32081.42,553.127931034483,82.44,4.39,"Famille Régénération","futaie régulière",136.627655029297,3.5790638923645,"Plaine"
"FB220016564",54,850510,785.71,9051.38,11.5200010181874,785.71,8226.38,10.4699952908834,785.71,0,0,21.9899963090708,17277.76,239,52.5313807531381,2.40682426778243,53.254,"Douglas",76548.34,320.285941422594,312.39,1.86,"Famille Régénération","futaie régulière",152.040817260742,1.88645124435425,"Plaine"
"FB220017881",27,833502,445.7,5005.21,11.2299977563383,445.7,2500.38,5.61000673098497,445.7,0,0,16.8400044873233,7505.59,339,48.4070796460177,1.87407079646018,66.714,"Pin sylvestre",15070.84,44.4567551622419,44.04,16.49,"Famille Régénération","futaie régulière",139.231689453125,1.42198753356934,"Plaine"
"FB220017888",43,833514,NA,NA,NA,NA,NA,NA,NA,NA,NA,NA,NA,382,60.7460732984293,2.52416492146597,113.655,"Chêne sessile ou pédonculé",459311.394955,1202.38585066754,50.78,26.34,"Famille Régénération","Futaie sur souche ou TSF en conversion",133.231796264648,1.44007432460785,"Plaine"
"FB220019140",56,835510,245.996,2890.45,11.7499878046798,246,2263.2,9.2,246,0,0,20.9499878046798,5153.65,104,51.3461538461538,2.31213461538462,22.082,"Chêne sessile ou pédonculé",44644.654807,429.275526990385,21.74,16.27,"Famille Amélioration","Futaie sur souche ou TSF en conversion",178.116439819336,0.988879680633545,"Plaine"
"FB220019141",56,835510,150,1747.5,11.65,143.46,903.8,6.30001394116827,143.46,0,0,17.9500139411683,2651.3,104,51.3461538461538,2.31213461538462,22.082,"Chêne sessile ou pédonculé",3669.16,35.2803846153846,21.74,16.27,"Famille Amélioration","Futaie sur souche ou TSF en conversion",178.116439819336,0.988879680633545,"Plaine"
"FB220019175",57,853501,105.8,1246.33,11.780056710775,NA,NA,NA,NA,0,0,NA,NA,248,33.4475806451613,0.983552419354838,25.434,"Tilleul",10495.342323,42.3199287217742,32.04,10.16,"Famille Irréguliers","futaie régulière",97.1495971679688,11.0420598983765,"Plaine"
"FB220019367",58,879017,810,9395,11.5987654320988,810,15715,19.4012345679012,810,2624.98,3.24071604938272,34.2407160493827,27734.98,525,39.9238095238095,1.17845523809524,69.1349999999999,"Hêtre",25433.59,48.4449333333333,87.34,8,"Famille Régénération","futaie régulière",1293.37817382812,24.9104843139648,"Montagne"
"FB220019704",33,853501,487.79,5034.38,10.3207937842104,487.79,3555.99,7.29000184505627,487.79,0,0,17.6107956292667,8590.37,119,52.2689075630252,2.60517647058824,26.965,"Hêtre",30015.013202,252.227001697479,48.76,9.15,"Famille Amélioration","futaie régulière",186.089645385742,5.2551417350769,"Plaine"
"FB220019726",40,853501,444.87,5707.68,12.8299952795199,444.87,3171.92,7.12999303167217,444.87,0,0,19.959988311192,8879.6,874,20.6006864988558,0.362955377574371,31.8150000000001,"Hêtre",17462.24,19.9796796338673,28.855,8.87,"Famille Amélioration","futaie régulière",135.1982421875,2.13760113716125,"Plaine"
"FB220020101",11,853501,18.31,205.44,11.2200983069361,18.31,130.73,7.1398143091207,18.31,0,0,18.3599126160568,336.17,9,63.3333333333333,4.41333333333333,2.883,"Hêtre",1294.342686,143.815854,176.03,0.3,"Famille Coupes Produits Accidentels","futaie régulière",190.726547241211,1.36327075958252,"Plaine"
"FB220020913",38,835503,401.4,3663.64,9.12715495764823,401.4,2422.61,6.03540109616343,401.4,0,0,15.1625560538117,6086.25,89,56.8539325842697,3.14333707865168,22.96,"Douglas",28076.0699999999,315.461460674157,48.87,6.01,"Famille Régénération","futaie régulière",239.656677246094,2.15855288505554,"Plaine"
"FB220021094",56,835510,150,1632,10.88,201,1507.5,7.5,201,0,0,18.38,3139.5,194,40.7474226804124,1.48855154639175,26.596,"Chêne sessile ou pédonculé",5394,27.8041237113402,46.53,8.9,"Famille Amélioration","Futaie sur souche ou TSF en conversion",294.602203369141,2.23861384391785,"Plaine"
"FB220021098",47,835510,197.37,2823.84,14.3073415412677,488.37,3940.41,8.06849315068493,488.37,0,0,22.3758346919526,6764.25,95,61.1578947368421,3.69924210526315,28.788,"Douglas",35111.13,369.590842105263,119.82,3.08,"Famille Régénération","futaie régulière",215.431701660156,4.16996097564697,"Plaine"
"FB220021099",50,835510,NA,NA,NA,NA,NA,NA,NA,NA,NA,NA,NA,141,44.468085106383,1.77806382978723,22.45,"Chêne sessile ou pédonculé",33603.652646,238.323777631206,31.35,11.6,"Famille Amélioration","Futaie sur souche ou TSF en conversion",230.103820800781,1.78999590873718,"Plaine"
"FB220021221",20,835510,NA,NA,NA,NA,NA,NA,NA,NA,NA,NA,NA,135,54.6666666666667,2.00417777777778,33.05,"Chêne sessile ou pédonculé",8470.9,62.7474074074074,204.88,2.5,"Famille Régénération","taillis sous futaie",161.870361328125,2.33544516563416,"Plaine"
"FB220021813",63,880509,NA,NA,NA,NA,NA,NA,NA,NA,NA,NA,NA,470,25.9255319148936,0.555855319148937,30.039,"Feuillu dur",38633.52,82.1989787234043,31.36,10.57,"Famille Irréguliers","futaie jardinée",267.071838378906,0.934781610965729,"Plaine"
"FB220022787",24,833512,650.4,6204.82,9.5400061500615,650.4,3648.74,5.6099938499385,650.4,0,0,15.15,9853.56,1126,23.4236234458259,0.365619005328598,52.1469999999994,"Pin laricio",29988.6800000002,26.6329307282417,30.22,14.62,"Famille Amélioration","futaie régulière",122.620635986328,0.852077543735504,"Plaine"
"FB220022808",51,833512,200,2180,10.9,259.6,1640.67,6.31999229583975,259.6,0,0,17.2199922958398,3820.67,121,44.6694214876033,1.57914876033058,21.733,"Chêne sessile ou pédonculé",6266.7,51.7909090909091,54.35,5.67,"Famille Régénération","taillis sous futaie",126.873756408691,0.759812831878662,"Plaine"
"FB220022837",43,833514,942.6,13149.27,13.95,934.6,5523.49,5.91000427990584,934.6,630,0.674085170126257,20.5340894500321,19302.76,1351,20.7253886010363,0.342073279052554,64.333,"Feuillu dur",115244.584252,85.3031711709845,25.26,23.91,"Famille Irréguliers","taillis sous futaie",137.958297729492,1.35740721225739,"Plaine"
"FB220024484",47,835510,720,8460,11.75,720.34,6713.57,9.32000166588,720.34,0,0,21.07000166588,15173.57,284,50.4225352112676,2.33467957746479,62.861,"Chêne sessile ou pédonculé",175828.735065,619.11526431338,38.4,25.37,"Famille Amélioration","Futaie sur souche ou TSF en conversion",180.68977355957,0.952948927879333,"Plaine"
"FB220024487",37,835510,646,7538.82,11.67,646.48,4059.89,6.27999319391164,646.48,0,0,17.9499931939116,11598.71,284,50.4225352112676,2.33467957746479,62.861,"Chêne sessile ou pédonculé",18696.12,65.8314084507042,38.4,25.37,"Famille Amélioration","Futaie sur souche ou TSF en conversion",180.68977355957,0.952948927879333,"Plaine"
"FB220026130",25,833512,377,4331.73,11.49,396,2221.56,5.61,396,0,0,17.1,6553.29,250,46.5,1.533456,44.409,"Chêne sessile ou pédonculé",95331.049524,381.324198096,87.02,7.1,"Famille Régénération","Futaie sur souche ou TSF en conversion",132.379058837891,0.99579930305481,"Plaine"
"FB220026145",27,833514,761.64,8606.53,11.2999973740875,761.64,6512.02,8.5499973740875,761.64,6460,8.48169738984297,28.331692138018,21578.55,498,39.9096385542169,1.5438172690763,80.2529999999999,"Chêne sessile ou pédonculé",354186.707037999,711.218287224898,45.1,24.8,"Famille Régénération","Futaie sur souche ou TSF en conversion",150.254684448242,3.53282403945923,"Plaine"
"FB220026146",27,833512,876.32,10068.92,11.4900036516341,876.32,5538.34,6.31999726127442,876.32,0,0,17.8100009129085,15607.26,498,39.9096385542169,1.5438172690763,80.2529999999999,"Chêne sessile ou pédonculé",27071.56,54.360562248996,45.1,24.8,"Famille Régénération","Futaie sur souche ou TSF en conversion",150.254684448242,3.53282403945923,"Plaine"
"FB220026638",37,835510,832,8827.52,10.61,832,4975.36,5.98,832,0,0,16.59,13802.88,345,56.0869565217391,2.49939130434782,88.436,"Chêne sessile ou pédonculé",25720.08,74.5509565217391,56.27,24.48,"Famille Régénération","Futaie sur souche ou TSF en conversion",175.005310058594,0.638682663440704,"Plaine"
"FB220028670",53,844009,589.443,6189.66,10.5008626788341,554.088,4795.57,8.65488875413292,554.088,1108.18,2.0000072190699,21.1557586520369,12093.41,241,68.298755186722,5.51934439834026,92.1599999999999,"Sapin pectiné",54509.26,226.179502074689,903.31,1.65,"Famille Régénération","futaie régulière",695.286743164062,7.42502737045288,"Montagne"
"FB220030598",41,853501,20.985,210.82,10.0462234929712,21.12,141.29,6.68986742424242,21.12,0,0,16.7360909172136,352.11,115,55.7826086956522,2.77391304347826,29.336,"Hêtre",21317.7,185.371304347826,52.75,8.35,"Famille Amélioration","futaie régulière",186.594833374023,6.62058353424072,"Plaine"
"FB220030661",11,853501,56.49,534.62,9.46397592494247,56.49,379.83,6.72384492830589,56.49,0,0,16.1878208532484,914.45,43,34.5348837209302,1.02332558139535,4.135,"Douglas",2518.942933,58.5800682093023,61.8,0.81,"Famille Amélioration","futaie régulière",227.619689941406,1.01475346088409,"Plaine"
"FB220030747",41,853501,273.41,2925.49,10.7000109725321,273.41,1708.81,6.24999085622325,273.41,0,0,16.9500018287553,4634.3,106,62.688679245283,3.82630188679246,33.416,"Hêtre",36749.108948,346.689707056604,35.85,14.4,"Famille Régénération","futaie régulière",190.926055908203,1.32272756099701,"Plaine"
"FB220030797",11,853501,429.14,5401.55,12.5869180220907,794.97,3460.42,4.35289381989257,794.97,0,0,16.9398118419833,8861.97,330,30.5909090909091,0.88181212121212,27.172,"Hêtre",20036.81,60.7176060606061,41.835,9.15,"Famille Amélioration","futaie régulière",148.228210449219,6.39175796508789,"Plaine"
"FB220030977",33,853501,906.98,9300.6,10.2544708813866,1277.53,6982.43,5.46557028014998,1277.53,0,0,15.7200411615366,16283.03,203,54.384236453202,2.57908374384236,49.684,"Hêtre",50977.63,251.121330049261,42.33,17.37,"Famille Irréguliers","futaie régulière",207.323959350586,4.11602592468262,"Plaine"
"FB220030998",11,853501,155.73,1878.1,12.0599755987928,155.73,1110.35,7.12996853528543,155.73,0,0,19.1899441340782,2988.45,884,42.9638009049774,1.93667533936652,138.787000000001,"Mélèze divers",146825.107067,166.091750075792,67.7933333333333,33.45,"Famille Amélioration","futaie régulière",201.3095703125,1.61175894737244,"Plaine"
"FB220031780",65,844009,609.121,6005.4,9.8591248700997,NA,NA,NA,NA,735.45,0,NA,NA,107,72.7570093457944,6.0487570093458,46.268,"Sapin pectiné",35782.19,334.412990654205,356.15,2,"Famille Régénération","futaie régulière",698.183715820312,7.85090684890747,"Montagne"
"FB220033229",24,833513,662,6315.48,9.54,662,3713.82,5.61,662,0,0,15.15,10029.3,642,30.7476635514019,0.7027476635514,49.5529999999997,"Pin sylvestre",24868.57,38.7360903426792,33.34,14.56,"Famille Amélioration","futaie régulière",148.076293945312,0.197646155953407,"Plaine"
"FB220035304",11,853501,1275.35,15638.46,12.2620927588505,1275.35,9431.61,7.39531109107304,1275.35,0,0,19.6574038499236,25070.07,141,71.0992907801418,6.11620567375887,57.2700000000001,"Hêtre",70851.13,502.490283687943,75.66,15.82,"Famille Régénération","futaie régulière",164.615875244141,1.64474582672119,"Plaine"
"FB220035309",11,853501,596.16,3911.29,6.56080582393988,596.16,2390.9,4.01050053676865,596.16,0,0,10.5713063607085,6302.19,63,55.6349206349206,3.54452380952381,16.753,"Hêtre",18908.996408,300.142800126984,92.82,3.25,"Famille Régénération","futaie régulière",91.3196334838867,8.75283145904541,"Plaine"
"FB220035736",56,835510,93.229,1208.95,12.9675315620676,93.229,879.15,9.43000568492636,93.229,0,0,22.397537246994,2088.1,39,52.5641025641026,2.37528205128205,9.115,"Chêne sessile ou pédonculé",14030.86388,359.76574051282,25.6,5.61,"Famille Amélioration","Futaie sur souche ou TSF en conversion",166.68376159668,0.873298943042755,"Plaine"
"FB220035739",56,835510,55,640.75,11.65,61.1,383.71,6.28003273322422,61.1,0,0,17.9300327332242,1024.46,39,52.5641025641026,2.37528205128205,9.115,"Chêne sessile ou pédonculé",3516.5,90.1666666666667,25.6,5.61,"Famille Amélioration","Futaie sur souche ou TSF en conversion",166.68376159668,0.873298943042755,"Plaine"
"FB220035746",39,835510,637,7765.03,12.19,637,5172.44,8.12,637,0,0,20.31,12937.47,334,38.562874251497,1.28915568862276,53.023,"Feuillu dur",190281.002404,569.703600011975,318,2.5,"Famille Régénération","taillis sous futaie",175.005310058594,0.638682663440704,"Plaine"
"FB220036538",67,844009,927.884,10902.64,11.7500032331628,941.885,7299.61,7.75000132712592,941.885,770.3,0.817828078799429,20.3178326390881,18972.55,230,63,4.35414347826087,74.2529999999999,"Sapin pectiné",81098.5100000001,352.602217391305,157.52,7,"Famille Régénération","futaie régulière",779.290344238281,9.23104190826416,"Montagne"
"FB220038340",37,835510,170.785,1793.24,10.4999853617121,176.485,1623.66,9.19998866759215,176.485,0,0,19.6999740293042,3416.9,77,63.1168831168831,2.6975974025974,24.954,"Chêne sessile ou pédonculé",63633.251754,826.405866935065,170.63,2.4,"Famille Régénération","taillis sous futaie",160.955001831055,1.03929173946381,"Plaine"
"FB220038341",37,835510,294,3381,11.5,294,1911,6.5,294,0,0,18,5292,77,63.1168831168831,2.6975974025974,24.954,"Chêne sessile ou pédonculé",8353.5,108.487012987013,170.63,2.4,"Famille Régénération","taillis sous futaie",160.955001831055,1.03929173946381,"Plaine"
"FB220041385",71,883503,NA,NA,NA,NA,NA,NA,NA,NA,NA,NA,NA,6909,29.0128817484441,0.684547691417,515.626000000003,"Epicéa commun",420047.95,60.7972137791287,95.635,61.71,"Famille Amélioration","futaie régulière",1013.41436767578,13.6585340499878,"Montagne"
"FB220042764",11,853501,478.01,5944.84,12.4366435848622,478.01,3645.14,7.62565636702161,478.01,0,0,20.0622999518839,9589.98,86,62.9651162790698,4.48112790697675,27.483,"Hêtre",29874.07,347.372906976744,71.76,7.42,"Famille Régénération","futaie régulière",161.197082519531,2.81349444389343,"Plaine"
"FB220042778",32,853501,655.46,7532.28,11.4915936899277,655.46,4776.01,7.28650108320874,655.46,0,0,18.7780947731364,12308.29,212,46.061320754717,2.2085,38.745,"Hêtre",35989.52,169.761886792453,53.77,11.22,"Famille Amélioration","futaie régulière",161.477447509766,1.47335922718048,"Plaine"
"FB220042779",32,853501,350.49,4026.91,11.4893720220263,350.49,2553.04,7.28420211703615,350.49,0,0,18.7735741390625,6579.95,55,62.7272727272727,4.66745454545455,18.454,"Hêtre",29534.631835,536.993306090909,91.93,3.82,"Famille Régénération","futaie régulière",173.562240600586,0.764607787132263,"Plaine"
"FB220042897",57,853501,187.92,2207.57,11.74739250745,187.92,1349.49,7.18119412515964,187.92,0,0,18.9285866326096,3557.06,36,60.8333333333333,3.43758333333333,10.734,"Hêtre",11975.12,332.642222222222,54.86,3.34,"Famille Amélioration","futaie régulière",143.292205810547,1.61494791507721,"Plaine"
"FB220044462",11,853501,324.5,4095.95,12.6223420647149,324.5,2440.44,7.52061633281972,324.5,0,0,20.1429583975347,6536.39,39,69.7435897435897,5.22530769230769,15.805,"Hêtre",18610.25,477.185897435897,47.56,6,"Famille Régénération","futaie régulière",159.824737548828,1.11901903152466,"Plaine"
"FB220046077",11,853501,2697.2,17975.24,6.66440753373869,2697.2,10659.07,3.95190197241584,2697.2,0,0,10.6163095061545,28634.31,761,34.9737187910644,1.17941524310118,83.765,"Hêtre",65088.876042,85.5307175321945,39.13,31.49,"Famille Irréguliers","futaie régulière",131.246109008789,10.2257061004639,"Plaine"
"FB220047121",41,853501,805.97,8580.5,10.6461778974404,805.97,5066.68,6.28643746045138,805.97,0,0,16.9326153578917,13647.18,565,32.1858407079646,0.815357522123896,50.6949999999999,"Hêtre",37063.7,65.5994690265487,28.4,20.79,"Famille Amélioration","futaie régulière",213.900009155273,1.61221563816071,"Plaine"
"FB220047122",33,853501,582.06,3187.61,5.4764285468852,582.06,2220.57,3.81501907019895,582.06,0,0,9.29144761708415,5408.18,229,33.3187772925764,0.867423580786027,21.598,"Hêtre",10022.69,43.7672052401747,37.65,6.95,"Famille Amélioration","futaie régulière",179.822143554688,8.29970932006836,"Plaine"
"FB220049055",72,853501,322.21,4320.77,13.4097948542876,322.21,2584.3,8.02054560690233,322.21,0,0,21.4303404611899,6905.07,69,62.0289855072464,3.75839130434783,21.28,"Hêtre",21640.319872,313.627824231884,45.46,7.68,"Famille Amélioration","futaie régulière",146.92658996582,3.44947409629822,"Plaine"
"FB220049063",73,853501,213.78,1211.07,5.66502946954813,NA,NA,NA,NA,0,0,NA,NA,40,53.375,2.9399,9.236,"Epicéa commun",5159.72,128.993,19.73,7.17,"Famille Amélioration","futaie régulière",129.867294311523,10.0707149505615,"Plaine"
"FB220050025",11,853501,856.22,12345.46,14.4185606503002,856.22,6104.85,7.13000163509378,856.22,0,0,21.5485622853939,18450.31,2456,17.5610749185668,0.213348127035833,66.5619999999999,"Hêtre",29094.02,11.8460993485342,36,17.56,"Famille Amélioration","futaie régulière",162.270355224609,3.54407906532288,"Plaine"
"FB220050815",32,853501,42.75,457.43,10.7001169590643,42.75,281.3,6.58011695906433,42.75,0,0,17.2802339181287,738.73,69,23.3333333333333,0.335782608695652,3.463,"Erable sycomore",1621.65,23.5021739130435,20.21,1.39,"Famille Amélioration","futaie régulière",122.450325012207,7.166748046875,"Plaine"
"FB220050819",11,853501,578.85,7246.15,12.5181826034379,578.85,4387.4,7.57951109959402,578.85,0,0,20.0976937030319,11633.55,115,60.1304347826087,4.33532173913044,33.504,"Hêtre",42660.936664,370.964666643478,62.04,10.89,"Famille coupes sanitaires","futaie régulière",145.618621826172,4.51316070556641,"Plaine"
"FB220051566",74,832001,NA,NA,NA,NA,NA,NA,NA,NA,NA,NA,NA,7958,17.167001759236,0.242317667755715,226.569000000002,"Pin laricio",41622.68,5.23029404372958,34.5583333333333,70.92,"Famille Amélioration","futaie régulière",82.8303070068359,4.83841419219971,"Plaine"
"FB220052639",75,884508,298.63,5972.6,20,298.63,5375.34,18,298.63,298.63,1,39,11646.57,121,47.603305785124,2.19506611570248,23.964,"Hêtre",17188.18,142.051074380165,47.52,6.5,"Famille Irréguliers","futaie irrégulière",1047.78247070312,33.4329299926758,"Montagne"
"FB220052876",48,835510,58,750.52,12.94,58,534.18,9.21,58,0,0,22.15,1284.7,336,64.047619047619,3.54010119047619,112.141,"Chêne sessile ou pédonculé",5042.347323,15.0069860803571,133.64,14.37,"Famille Régénération","Futaie sur souche ou TSF en conversion",176.683456420898,1.27117133140564,"Plaine"
"FB220053012",77,880509,80.616,1048.01,13.0000248089709,80.616,1048.01,13.0000248089709,80.616,0,0,26.0000496179418,2096.02,735,27.4013605442177,0.575163265306129,48.9249999999997,"Feuillu dur",1425.05,1.93884353741497,33.39,15.26,"Famille Amélioration","futaie jardinée",257.369445800781,1.6726131439209,"Plaine"
"FB220053399",32,853501,430.86,4824,11.1962122267094,430.86,3056.93,7.0949496356125,430.86,0,0,18.2911618623219,7880.93,135,45.3703703703704,2.42751111111111,23.403,"Hêtre",22487.52,166.574222222222,49.25,7.5,"Famille Amélioration","futaie régulière",216.977584838867,1.272101521492,"Plaine"
"FB220053857",11,853501,609.26,7419.06,12.1771657420477,871.29,4797.03,5.5056640154254,871.29,0,0,17.6828297574731,12216.09,61,71.3114754098361,5.79498360655738,24.928,"Hêtre",68255.453817,1118.94186585246,39.41,10.59,"Famille Coupes Produits Accidentels","futaie régulière",126.745826721191,7.79639959335327,"Plaine"
"FB220053959",25,833502,831.6,9555.08,11.4899951899952,913.803,5126.43,5.60999471439687,913.803,0,0,17.0999899043921,14681.51,465,49.9677419354839,1.90907311827957,97.6669999999997,"Chêne sessile ou pédonculé",28925.77,62.2059569892473,77.84,17.62,"Famille Régénération","taillis sous futaie",125.900230407715,0.395325869321823,"Plaine"
"FB220054010",79,833502,350,5337.5,15.25,368.5,2653.2,7.2,368.5,0,0,22.45,7990.7,702,31.7094017094017,0.758301994301995,60.4059999999998,"Pin sylvestre",NA,NA,16.45,22.95,"Famille Amélioration","futaie régulière",136.328369140625,1.50942802429199,"Plaine"
"FB220054033",81,833514,406.04,4624.8,11.3900108363708,406.04,2277.88,5.6099891636292,406.04,240,0.591074770958526,17.5910747709585,7142.68,594,24.6296296296296,0.472333333333333,37.834,"Chêne sessile ou pédonculé",12142.08,20.4412121212121,30.24,10.93,"Famille Irréguliers","futaie irrégulière",136.4599609375,1.40157806873322,"Plaine"
"FB220054040",25,833514,895,10283.55,11.49,895,5020.95,5.61,895,0,0,17.1,15304.5,472,47.0021186440678,1.46902966101695,87.3469999999998,"Chêne sessile ou pédonculé",29399.12,62.2862711864407,40.84,27.97,"Famille Régénération","taillis sous futaie",128.340774536133,0.572071969509125,"Plaine"
"FB220054151",11,853501,345.36,4193.05,12.1410991429233,345.36,2577.74,7.46392170488765,345.36,0,0,19.605020847811,6770.79,105,70.3333333333333,6.10802857142857,42.249,"Hêtre",138946.353843,1323.29860802857,56.665,26.1,"Famille Coupes Produits Accidentels","futaie régulière",168.321929931641,1.8424506187439,"Plaine"
"FB220055478",44,833513,470,5470.06,11.6384255319149,470,2966.5,6.31170212765957,470,0,0,17.9501276595745,8436.56,962,22.52079002079,0.384219334719334,45.6339999999998,"Chêne sessile ou pédonculé",37736.18424,39.2268027442827,33.125,14.93,"Famille Amélioration","taillis sous futaie",164.486221313477,2.25299954414368,"Plaine"
"FB220055523",82,832001,1144.026,8107.55,7.08685816581092,870.44,6093.08,7,870.44,0,0,14.0868581658109,14200.63,1049,33.789323164919,0.947387988560531,103.526,"Pin maritime",32763.0700000001,31.2326692087703,38.27125,33.08,"Famille Amélioration","futaie régulière",40.0234184265137,0.557115137577057,"Plaine"
"FB220055617",38,835510,1709.68,18806.48,11,1709.68,10258.08,6,1709.68,0,0,17,29064.56,2785,21.7504488330341,0.366303411131059,108.553,"Chêne sessile ou pédonculé",47933.94,17.2114685816876,27.315,39.7,"Famille Amélioration","futaie régulière",170.732650756836,0.810302436351776,"Plaine"
"FB220055646",83,832001,1096.054,12571.75,11.4700096893036,1096.06,9513.79,8.67999014652482,1096.06,0,0,20.1499998358285,22085.54,730,46.2534246575342,1.90414931506849,147.195,"Chêne sessile ou pédonculé",270996.718092,371.228380947945,109.414,29.54,"Famille Régénération","taillis sous futaie",90.2450332641602,2.44051146507263,"Plaine"
"FB220055681",86,832001,310,4278,13.8,NA,NA,NA,NA,0,0,NA,NA,178,65.3370786516854,3.46538764044944,62.9750000000001,"Chêne sessile ou pédonculé",211761.710405,1189.67253036517,125.725,16.28,"Famille Régénération","taillis sous futaie",83.4051132202148,7.56725788116455,"Plaine"
"FB220055727",27,833502,863.5,10862.83,12.58,863.5,8937.23,10.350005790388,863.5,600,0.694846554719166,23.6248523451071,20400.06,682,45.2492668621701,1.47077712609971,113.492,"Chêne sessile ou pédonculé",153300.9976,224.781521407625,43.75,43.29,"Famille Amélioration","futaie régulière",134.326263427734,1.63910365104675,"Plaine"
"FB220055910",27,833514,87.3,1161.09,13.3,370.9,3132.5,8.44567268805608,370.9,0,0,21.7456726880561,4293.59,1470,25.5646258503401,0.528727891156465,95.2439999999997,"Chêne sessile ou pédonculé",114737.966768,78.053038617687,30.935,35,"Famille Coupes d'Emprise","futaie régulière",130.37077331543,1.72397303581238,"Plaine"
"FB220056050",87,835510,325.021,4875.32,15.0000153836214,369.09,4521.35,12.2499932265843,369.09,7200,19.5074372104365,46.7574458206421,16596.67,333,44.2042042042042,2.04322522522522,61.071,"Chêne sessile ou pédonculé",240032.718053,720.818973132133,34.325,49.24,"Famille Coupes Produits Accidentels","Futaie sur souche ou TSF en conversion",225.844772338867,1.3633406162262,"Plaine"
"FB220057274",61,835503,NA,NA,NA,NA,NA,NA,NA,NA,NA,NA,NA,458,39.5742358078603,1.43894104803493,60.3219999999996,"Chêne sessile ou pédonculé",3680.62,8.03628820960699,26.8966666666667,38.09,"Famille Amélioration","Futaie sur souche ou TSF en conversion",238.404495239258,1.74121141433716,"Plaine"
"FB220057281",52,835510,1210,15125,12.5,1210,7865,6.5,1210,0,0,19,22990,1210,25.4793388429752,0.54771157024794,63.8099999999992,"Chêne sessile ou pédonculé",35144.18,29.0447768595041,32.025,24.5,"Famille Amélioration","futaie régulière",299.923400878906,2.21768260002136,"Plaine"
"FB220058355",89,883503,1204,12040,10,254,1639,6.45275590551181,254,0,0,16.4527559055118,13679,2183,33.7081997251489,0.727892349977084,204.379000000002,"Epicéa commun",125573.76,57.5234814475492,37.195,78.03,"Famille Régénération","futaie régulière",1300.95446777344,13.9608497619629,"Montagne"
"FB220058656",33,853501,81.11,781.09,9.63000863025521,81.11,578.31,7.12994698557514,81.11,0,0,16.7599556158304,1359.4,57,50.5263157894737,2.31150877192982,11.81,"Frêne commun",13937.64,244.52,17.7,10.47,"Famille coupes sanitaires","futaie régulière",167.278274536133,9.33388137817383,"Plaine"
"FB220058657",33,853501,9.3,89.56,9.63010752688172,9.3,66.31,7.13010752688172,9.3,0,0,16.7602150537634,155.87,15,55.3333333333333,2.9084,3.751,"Frêne commun",4630.92,308.728,4.84,13.04,"Famille coupes sanitaires","futaie régulière",163.725860595703,6.79036998748779,"Plaine"
"FB220058658",33,853501,17.8,171.41,9.62977528089888,17.8,126.91,7.12977528089888,17.8,0,0,16.7595505617978,298.32,21,39.5238095238095,1.27080952380952,2.65,"Frêne commun",1703.64,81.1257142857143,3.89,9.27,"Famille coupes sanitaires","futaie régulière",192.973419189453,5.41886138916016,"Plaine"
"FB220058864",81,833514,566.8,6455.85,11.3899964714185,1269.8,7767.55,6.11714443219405,1269.8,0,0,17.5071409036125,14223.4,1747,22.564396107613,0.460382942186604,102.224000000001,"Feuillu dur",169036.392543,96.758095330853,24.908,39.01,"Famille Coupes d'Emprise","taillis sous futaie",127.460968017578,0.543422400951385,"Plaine"
"FB220061861",39,835510,NA,NA,NA,NA,NA,NA,NA,NA,NA,NA,NA,53,39.2452830188679,0.995377358490566,7.29,"Chêne sessile ou pédonculé",4612.797043,87.0339064716981,0.65,124.35,"Famille Coupes Produits Accidentels","futaie régulière",162.260284423828,1.85257685184479,"Plaine"
"FB220062525",25,833513,168,1599.36,9.52,NA,NA,NA,NA,0,0,NA,NA,4777,20.5505547414695,0.361001256018427,208.920000000002,"Chêne sessile ou pédonculé",28285.75,5.92123717814528,46.36,47.83,"Famille Amélioration","taillis sous futaie",149.50373840332,1.10891532897949,"Plaine"
"FB220062529",36,833514,336,3860.64,11.49,2035.48,12553.27,6.16722836873858,2035.48,560,0.275119382160473,17.932347750899,16973.91,3112,22.1545629820051,0.431950835475578,159.836000000001,"Chêne sessile ou pédonculé",253093.389286,81.3282099248073,47.48,38.65,"Famille Amélioration","taillis sous futaie",154.494567871094,1.06644952297211,"Plaine"
"FB220063130",24,833502,1017.8,9709.81,9.5399980349774,1017.8,5709.86,5.6100019650226,1017.8,0,0,15.15,15419.67,949,26.7860906217071,0.509707060063224,56.069,"Pin sylvestre",39210.2499999997,41.3174394099049,27.33,17.89,"Famille Amélioration","futaie régulière",133.494964599609,0.832326591014862,"Plaine"
"FB220063678",11,853501,173.28,2007.17,11.583391043398,65.14,464.45,7.13002763279091,65.14,0,0,18.7134186761889,2471.62,63,38.8888888888889,1.47231746031746,7.993,"Mélèze divers",5903.5,93.7063492063492,38.79,2.63,"Famille Amélioration","futaie régulière",201.298706054688,2.15705108642578,"Plaine"
"FB220064893",57,853501,488.42,5745.39,11.7632160845174,488.42,3156.29,6.46224560828795,488.42,0,0,18.2254616928054,8901.68,77,61.8831168831169,3.199,23.899,"Chêne sessile ou pédonculé",57215.370078,743.05675425974,82.25,5.95,"Famille Régénération","futaie régulière",139.790435791016,4.26048517227173,"Plaine"
"FB220064894",33,853501,844.76,8547.01,10.1176783938633,844.76,6023.14,7.1300014205218,844.76,0,0,17.2476798143852,14570.15,105,70.7142857142857,4.05659999999999,42.664,"Hêtre",49382.06,470.305333333333,69.25,8.94,"Famille Régénération","futaie régulière",213.278167724609,1.24794852733612,"Plaine"
"FB220065363",90,833514,NA,NA,NA,NA,NA,NA,NA,NA,NA,NA,NA,926,41.2257019438445,1.39523974082074,128.015,"Pin sylvestre",86809.2499999999,93.7464902807775,46.17,39.82,"Famille Régénération","futaie régulière",147.096038818359,0.822100818157196,"Plaine"
"FB220066273",11,853501,106.05,1346.84,12.7000471475719,106.05,870.67,8.20999528524281,106.05,0,0,20.9100424328147,2217.51,273,70,5.5163553113553,108.475,"Hêtre",25381.098709,92.9710575421245,144.92,14.54,"Famille Régénération","futaie régulière",140.733047485352,4.21069669723511,"Plaine"
"FB220068368",50,835510,NA,NA,NA,NA,NA,NA,NA,NA,NA,NA,NA,52,45,1.85053846153846,8.417,"Chêne sessile ou pédonculé",40295.748911,774.918248288462,6.62,27.16,"Famille Amélioration","futaie régulière",170.002944946289,0.947872042655945,"Plaine"
"FB220068372",91,835510,332.598,3911.35,11.7599925435511,332.598,2916.88,8.76998659041846,332.598,0,0,20.5299791339695,6828.23,943,23.4093319194061,0.491255567338289,57.205,"Feuillu dur",99931.019559,105.971388715801,33.165,27.48,"Famille Régénération","futaie régulière",173.674865722656,2.09316301345825,"Plaine"
"FB220068712",11,853501,849.28,10595.56,12.4759325546345,1476.11,6804.55,4.60978517861135,1476.11,0,0,17.0857177332459,17400.11,91,61.4285714285714,4.11074725274725,28.452,"Hêtre",42286.925588,464.691489978022,375.05,1.5,"Famille Coupes Produits Accidentels","futaie régulière",163.290817260742,6.84598636627197,"Plaine"
"FB220068713",11,853501,722.96,9038.2,12.5016598428682,722.96,5486.44,7.58885692154476,722.96,0,0,20.090516764413,14524.64,115,65.0869565217391,4.97484347826087,39.409,"Hêtre",41422.87,360.198869565217,74.59,10.53,"Famille Régénération","futaie régulière",207.201965332031,5.03499269485474,"Plaine"
"FB220068781",32,853501,651.04,7550.07,11.5969372081593,651.04,4814.27,7.39473765052839,651.04,0,0,18.9916748586876,12364.34,91,68.6813186813187,5.48440659340659,34.509,"Hêtre",43609.46,479.224835164835,79.51,8.66,"Famille Régénération","futaie régulière",163.332214355469,1.72230648994446,"Plaine"
"FB220068804",92,883515,2100,21000,10,2100,12600,6,2100,0,0,16,33600,9329,19.3139671990567,0.229974059384714,299.885,"Epicéa commun",91933.15,9.85455568656877,57.3616666666667,42.34,"Famille Amélioration","futaie régulière",989.012451171875,4.68377494812012,"Montagne"
"FB220068977",44,833514,97.1,1038.97,10.7,252.39,2282.8,9.0447323586513,252.39,0,0,19.7447323586513,3321.77,743,36.3257065948856,1.14249932705248,91.1770000000008,"Chêne sessile ou pédonculé",96834.5119190001,130.329087374159,47.195,30.77,"Famille Régénération","taillis sous futaie",138.595428466797,0.924466788768768,"Plaine"
"FB220068983",51,833514,291,2802.33,9.63,521.9,3574.46,6.84893657788848,521.9,0,0,16.4789365778885,6376.79,315,51.3650793650794,2.10627936507936,70.603,"Pin sylvestre",19835.74,62.9706031746032,41.7533333333333,28.33,"Famille Régénération","taillis sous futaie",140.933944702148,0.778587281703949,"Plaine"
"FB220071282",23,835510,622.099,7682.92,12.3499957402278,622.09,6376.43,10.2500120561334,622.09,0,0,22.6000077963612,14059.35,288,51.0590277777778,2.41310763888889,61.6050000000001,"Chêne sessile ou pédonculé",187595.588118,651.373569854166,118.81,8.85,"Famille Régénération","Futaie sur souche ou TSF en conversion",286.178009033203,4.71052551269531,"Plaine"
"FB220071382",33,853501,216.36,2248.21,10.3910611943058,216.36,1577.26,7.28997966352376,216.36,0,0,17.6810408578295,3825.47,36,61.3888888888889,3.63675,11.507,"Hêtre",10979.323321,304.981203361111,69.19,2.77,"Famille Régénération","futaie régulière",99.6570663452148,9.52953433990479,"Plaine"
"FB220071383",33,853501,1096.78,11322.82,10.3236929922136,1096.78,7995.52,7.28999434708875,1096.78,0,0,17.6136873393023,19318.34,157,67.2292993630573,3.98480891719746,56.8900000000001,"Hêtre",102332.436601,651.798959242038,58.69,15.62,"Famille Régénération","futaie régulière",186.81591796875,1.53051853179932,"Plaine"
"FB220071384",11,853501,145.12,1430.02,9.85405181918412,145.12,1022.23,7.04403252480706,145.12,0,0,16.8980843439912,2452.25,68,39.4852941176471,1.35254411764706,8.604,"Epicéa commun",13145.68,193.318823529412,75.965,1.3,"Famille Amélioration","futaie régulière",187.5546875,6.01468229293823,"Plaine"
"FB220071385",57,853501,862.58,10419.35,12.0792853996151,862.58,6246.98,7.24220362169306,862.58,0,0,19.3214890213082,16666.33,209,49.8803827751196,2.70376555023923,50.555,"Hêtre",56603.74,270.831291866029,93.84,8.71,"Famille Régénération","taillis sous futaie",194.541275024414,3.76952505111694,"Plaine"
"FB220071391",57,853501,493.827,5847.11,11.8404015981305,493.91,3458.6,7.00249033224677,493.91,0,0,18.8428919303773,9305.71,94,54.7340425531915,3.00613829787234,23.704,"Hêtre",33717.751656,358.699485702128,42.03,9.51,"Famille Régénération","futaie régulière",210.085479736328,3.86881375312805,"Plaine"
"FB220071392",33,853501,1062.78,10945.59,10.2990176706374,1062.78,7747.67,7.29000357552833,1062.78,0,0,17.5890212461657,18693.26,169,64.4082840236686,3.89132544378698,60.6040000000001,"Hêtre",63455.068471,375.473777934911,80.72,11.79,"Famille Régénération","futaie régulière",218.809341430664,1.48147261142731,"Plaine"
"FB220071393",32,853501,321.91,3678.12,11.425926501196,321.91,2323.89,7.21906744121028,321.91,0,0,18.6449939424063,6002.01,48,67.5,5.15870833333334,17.851,"Hêtre",18881.99,393.374791666667,50.18,6.82,"Famille Régénération","futaie régulière",166.261520385742,2.87547206878662,"Plaine"
"FB220071394",11,853501,533.64,6655.49,12.4718724233566,533.64,4058.7,7.6056892286935,533.64,0,0,20.0775616520501,10714.19,76,65.9868421052632,5.24297368421052,26.851,"Hêtre",46136.187839,607.055103144737,88.51,6.19,"Famille Régénération","futaie régulière",172.13117980957,1.4873251914978,"Plaine"
"FB220071395",11,853501,1048.17,13156.01,12.5514086455441,1048.17,7924.91,7.5607105717584,1048.17,0,0,20.1121192173025,21080.92,142,66.1267605633803,4.94876056338028,51.2420000000001,"Hêtre",68735.48,484.052676056338,68.11,14.27,"Famille Régénération","futaie régulière",151.597183227539,2.92603397369385,"Plaine"
"FB220071396",11,853501,510.66,6398.88,12.5306074491834,510.66,3866.96,7.57247483648612,510.66,0,0,20.1030822856695,10265.84,68,70.1470588235294,5.81179411764706,27.355,"Hêtre",43149.296256,634.548474352941,38.05,14,"Famille Régénération","futaie régulière",118.241249084473,3.01582813262939,"Plaine"
"FB220071398",11,853501,414.64,5172.85,12.4755209338221,414.64,3152.78,7.60365618367741,414.64,0,0,20.0791771174995,8325.63,81,66.9753086419753,5.05222222222222,29.713,"Hêtre",27217.757266,336.021694641975,62.42,9,"Famille Régénération","futaie régulière",109.253456115723,4.39739990234375,"Plaine"
"FB220071399",11,853501,774.41,7387.87,9.5399981921721,774.41,5211.78,6.73000090391395,774.41,0,0,16.2699990960861,12599.65,196,49.9234693877551,2.99512244897959,41.173,"Epicéa de sitka",33700.15,171.939540816327,123.64,5.27,"Famille Amélioration","futaie régulière",128.73681640625,9.45989894866943,"Plaine"
"FB220071400",11,853501,374.26,3656.31,9.7694383583605,374.26,2604.64,6.95943996152407,374.26,0,0,16.7288783198846,6260.95,202,40.7673267326733,1.52024257425742,27.356,"Mélèze divers",19669.06,97.3715841584158,45.78,7.38,"Famille coupes sanitaires","futaie régulière",166.842056274414,3.63162398338318,"Plaine"
"FB220071412",33,853501,569.51,5896.2,10.3531105687345,569.51,4151.73,7.29000368738038,569.51,0,0,17.6431142561149,10047.93,183,47.0491803278689,2.05422950819672,35.584,"Hêtre",29901.26,163.394863387978,52.67,10.08,"Famille Amélioration","futaie régulière",110.28190612793,5.39480257034302,"Plaine"
"FB220071413",41,853501,529.58,2953.02,5.57615468862117,529.58,1878.16,3.54650855394841,529.58,0,0,9.12266324256958,4831.18,39,67.3076923076923,3.94582051282051,14.091,"Hêtre",16027.069523,410.950500589744,66.4,3.49,"Famille Régénération","futaie régulière",144.954345703125,10.4074239730835,"Plaine"
"FB220071414",41,853501,293.34,1705.6,5.81441330878844,293.34,1116.01,3.80449307970273,293.34,0,0,9.61890638849117,2821.61,26,66.3461538461538,4.08380769230769,9.083,"Hêtre",7871.85,302.763461538461,88.45,1.78,"Famille Régénération","futaie régulière",164.659561157227,12.1241140365601,"Plaine"
"FB220071416",41,853501,444.04,4862.24,10.9500045040987,444.04,2837.42,6.3900099090172,444.04,0,0,17.3400144131159,7699.66,678,22.2787610619469,0.337508849557524,28.963,"Hêtre",16591.47,24.4711946902655,25.53,11.04,"Famille Amélioration","futaie régulière",197.1630859375,3.29205012321472,"Plaine"
"FB220071499",33,853501,825.96,8522.01,10.3177030364667,625.96,4563.25,7.29000255607387,625.96,0,0,17.6077055925405,13085.26,191,54.6335078534031,2.64134031413613,46.761,"Hêtre",48468.8,253.76335078534,66.86,10.69,"Famille Amélioration","futaie régulière",198.163040161133,3.40598440170288,"Plaine"
"FB220072297",24,833512,534,5393.4,10.1,534,2995.74,5.61,534,0,0,15.71,8389.14,2293,17.5708678587004,0.17634670737026,59.9019999999996,"Pin laricio",16372.99,7.1404230266027,35.34,11.83,"Famille Amélioration","futaie régulière",130.989334106445,1.1004741191864,"Plaine"
"FB220074089",24,833514,3337,31974.67,9.58186095295175,3337,18439.46,5.52575966436919,3337,0,0,15.1076206173209,50414.13,5333,23.9536846052878,0.412018751171938,272.001000000006,"Pin sylvestre",117452.370000001,22.0236958559913,29.1242857142857,96.98,"Famille Amélioration","futaie régulière",134.791427612305,0.608826875686646,"Plaine"
"FB220074838",73,853501,310.48,1419.24,4.571115691832,NA,NA,NA,NA,0,0,NA,NA,59,52.9661016949153,2.97076271186441,13.44,"Epicéa de sitka",6648.27,112.682542372881,47.79,4.18,"Famille Amélioration","futaie régulière",163.931198120117,1.02524328231812,"Plaine"
"FB230000023",11,853501,573.09,5702.42,9.95030448969621,573.09,4063.38,7.09029995288698,573.09,0,0,17.0406044425832,9765.8,232,44.5689655172414,1.92753448275862,37.936,"Epicéa de sitka",30460.18,131.293879310345,117.005,4.64,"Famille Amélioration","futaie régulière",195.716018676758,1.80228900909424,"Plaine"
"FB230000040",33,853501,691.91,7171.68,10.3650474772731,691.91,5044.03,7.29000881617552,691.91,0,0,17.6550562934486,12215.71,173,52.7456647398844,2.47001156069364,39.725,"Hêtre",36020.37,208.210231213873,43.27,14,"Famille Régénération","futaie régulière",178.131317138672,2.49295234680176,"Plaine"
"FB230000042",41,853501,936.13,10001.39,10.6837618706804,936.13,6151.82,6.57154455043637,936.13,0,0,17.2553064211167,16153.21,183,58.9617486338798,3.45856830601093,54.646,"Hêtre",63113.044849,344.880026497268,56.85,15.87,"Famille Régénération","futaie régulière",161.431716918945,6.82524967193604,"Plaine"
"FB230000044",41,853501,148.91,1572.74,10.5616815526157,148.91,990.96,6.65475790746088,148.91,0,0,17.2164394600766,2563.7,41,57.9268292682927,2.96709756097561,11.079,"Hêtre",7418.67,180.943170731707,97,1.8,"Famille Amélioration","futaie régulière",191.673614501953,3.81415104866028,"Plaine"
"FB230000048",11,853501,1033.33,12926.05,12.5091209971645,1033.33,7837.44,7.58464382143168,1033.33,0,0,20.0937648185962,20763.49,169,61.8934911242604,4.3413550295858,54.357,"Hêtre",62760.44,371.363550295858,58.015,19.29,"Famille Amélioration","futaie régulière",175.800140380859,0.990930438041687,"Plaine"
"FB230000250",33,853501,1524.7,8622.06,5.65492227979274,1524.7,5938.7,3.89499573686627,1524.7,0,0,9.54991801665901,14560.76,593,23.7268128161889,0.399919055649241,29.539,"Hêtre",32865.93,55.4231534569983,32.565,9.18,"Famille Amélioration","futaie irrégulière",199.004150390625,6.88692951202393,"Plaine"
"FB230001029",93,833512,NA,NA,NA,NA,NA,NA,NA,NA,NA,NA,NA,171,32.6023391812866,0.72525730994152,15.673,"Chêne sessile ou pédonculé",18783.564562,109.845406795322,144.69,1.3,"Famille coupes sanitaires","futaie régulière",127.081832885742,0.90907472372055,"Plaine"
"FB230002266",30,853501,19.88,304.16,15.2997987927565,19.88,152.08,7.64989939637827,19.88,0,0,22.9496981891348,456.24,167,61.8562874251497,4.88545508982036,55.0940000000001,"Hêtre",6729.30314,40.2952283832335,68.98,16.47,"Famille Régénération","futaie régulière",157.051864624023,2.47684526443481,"Plaine"
"FB230002364",33,853501,600.18,6192.12,10.3171048685394,600.18,4375.31,7.289996334433,600.18,0,0,17.6071012029724,10567.43,141,57.3404255319149,3.17231914893617,38.033,"Hêtre",38391.95,272.283333333333,40.55,14.81,"Famille Irréguliers","futaie régulière",85.2500915527344,3.47313904762268,"Plaine"
"FB230003231",48,835510,203,2888.69,14.23,203.287,1825.52,8.98001347848116,203.287,0,0,23.2100134784812,4714.21,83,56.2048192771084,2.057,21.865,"Chêne sessile ou pédonculé",25876.073723,311.759924373494,2.20125,162.02,"Famille Coupes Produits Accidentels","taillis sous futaie",177.892135620117,0.752735674381256,"Plaine"
"FB230003236",39,835510,392,5789.84,14.77,392,4398.24,11.22,392,0,0,25.99,10188.08,166,56.8674698795181,2.40633734939759,44.824,"Chêne sessile ou pédonculé",78084.746647,470.390040042169,6.482,101.27,"Famille Coupes Produits Accidentels","Futaie sur souche ou TSF en conversion",163.885025024414,2.47550892829895,"Plaine"
"FB230003237",50,835510,514,7314.22,14.23,514.422,4619.51,8.98000085532889,514.422,0,0,23.2100008553289,11933.73,319,42.3824451410658,1.71822884012539,58.153,"Chêne sessile ou pédonculé",104876.802163,328.767404899687,30.51,308.7,"Famille Coupes Produits Accidentels","Futaie sur souche ou TSF en conversion",168.584548950195,1.25684010982513,"Plaine"
"FB230004069",24,833514,33.2,335.32,10.1,1089.6,6722.83,6.16999816446402,1089.6,0,0,16.269998164464,7058.15,3785,18.227212681638,0.222324174372535,108.477000000006,"Pin laricio",43232.6299999997,11.4220951122852,55.3525,37.15,"Famille Amélioration","futaie régulière",132.852386474609,0.652414321899414,"Plaine"
"FB230004600",32,853501,10.1,121.6,12.039603960396,10.1,79.29,7.85049504950495,10.1,0,0,19.890099009901,200.89,4,48.75,2.49875,0.76,"Frêne commun",2363.68,590.92,20.18,0.5,"Famille Coupes Produits Accidentels","futaie régulière",141.483535766602,4.34591054916382,"Plaine"
"FB230004672",24,833514,434.1,4384.41,10.1,434.1,2435.3,5.60999769638332,434.1,0,0,15.7099976963833,6819.71,1356,18.6135693215339,0.211721976401179,41.4669999999997,"Pin laricio",9783.66,7.21508849557522,20.585,14.34,"Famille Amélioration","futaie régulière",127.005577087402,0.94720995426178,"Plaine"
"FB230005138",88,835510,1821.463,9107.32,5.00000274504615,NA,NA,NA,NA,9500,0,NA,NA,144,65.6597222222222,3.89762499999999,49.544,"Chêne sessile ou pédonculé",352689.043719,2449.22947027083,55.125,24.32,"Famille Coupes Produits Accidentels","Futaie sur souche ou TSF en conversion",217.917831420898,2.68114185333252,"Plaine"
"FB230005227",11,853501,506.07,6093.08,12.0399944671686,506.07,3972.65,7.85000098800561,506.07,0,0,19.8899954551742,10065.73,107,69.7663551401869,5.41549532710281,41.857,"Hêtre",57403.482148,536.481141570093,209.16,3.8,"Famille Régénération","futaie régulière",151.259994506836,5.83494186401367,"Plaine"
"FB230005420",30,853501,2.03,31.06,15.3004926108374,2.03,15.53,7.65024630541872,2.03,0,0,22.9507389162562,46.59,185,48.2432432432432,2.04828648648649,36.195,"Hêtre",1111.06,6.00572972972973,35.56,14.39,"Famille Amélioration","futaie régulière",204.502410888672,4.87181854248047,"Plaine"
"FB230006337",38,835510,712.346,7835.81,11.0000056152488,712.346,4274.08,6.00000561524877,712.346,0,0,17.0000112304975,12109.89,896,22.8683035714286,0.431114955357143,38.757,"Chêne sessile ou pédonculé",20523.87,22.9061049107143,19.6566666666667,23.03,"Famille Amélioration","futaie régulière",174.814605712891,0.994198739528656,"Plaine"
"FB230006385",37,835510,333,3996,12,333,2091.24,6.28,333,0,0,18.28,6087.24,150,46.4666666666667,1.39979333333333,27.74,"Chêne sessile ou pédonculé",11706.02,78.0401333333333,23.455,19.43,"Famille coupes sanitaires","taillis sous futaie",161.262115478516,0.991786003112793,"Plaine"
"FB230006605",26,833502,NA,NA,NA,NA,NA,NA,NA,NA,NA,NA,NA,402,33.818407960199,0.843199004975123,37.4829999999999,"Pin sylvestre",3398.742014,8.45458212437811,37.66,9.64,"Famille Amélioration","futaie régulière",130.770248413086,0.768752455711365,"Plaine"
"FB230006615",24,833512,307.9,3109.79,10.1,307.9,1727.32,5.61000324780773,307.9,0,0,15.7100032478077,4837.11,401,23.2668329177057,0.390922693266834,18.303,"Pin sylvestre",7908.26,19.7213466334165,30.18,5.56,"Famille Amélioration","futaie régulière",128.077697753906,0.606274366378784,"Plaine"
"FB230007220",18,853501,1626.8,16174.1,9.9422793213671,1626.8,9338,5.74010327022375,1626.8,0,0,15.6823825915909,25512.1,852,38.1220657276995,1.33833802816902,102.783,"Epicéa commun",87805.31,103.057875586854,185.495,18.49,"Famille Amélioration","futaie régulière",151.615020751953,4.80061101913452,"Plaine"
"FB230007607",24,833513,1546,14748.84,9.54,1546,8673.06,5.61,1546,0,0,15.15,23421.9,2088,27.7873563218391,0.611634578544056,139.257000000003,"Pin sylvestre",67291.6400000006,32.2277969348662,29.7975,41.83,"Famille Régénération","futaie régulière",136.263168334961,0.772471785545349,"Plaine"
"FB230008026",94,833512,46,460,10,196,1450.88,7.40244897959184,196,160,0.816326530612245,18.2187755102041,2070.88,117,42.1367521367521,1.32231623931624,16.95,"Pin sylvestre",9627.86,82.2894017094017,23.685,6.84,"Famille coupes sanitaires","taillis sous futaie",128.200088500977,0.768792927265167,"Plaine"
"FB230008824",37,835510,562,5962.82,10.61,562,3990.2,7.1,562,0,0,17.71,9953.02,943,23.4093319194061,0.491255567338289,57.205,"Feuillu dur",18985.43,20.1330116648993,33.165,27.48,"Famille Régénération","futaie régulière",173.674865722656,2.09316301345825,"Plaine"
"FB230008981",32,853501,811.42,9088.39,11.2005989499889,811.42,5669.8,6.98750338912031,811.42,0,0,18.1881023391092,14758.19,433,34.2263279445727,1.22649884526559,46.0439999999999,"Charme",42635.008913,98.464223817552,31.84,20.47,"Famille Amélioration","futaie régulière",140.223907470703,5.80694150924683,"Plaine"
"FB230009128",25,833502,596.5,6830.61,11.4511483654652,627.3,5726.84,9.12934799936235,627.3,4105,6.54391838036027,27.1244147451878,16662.45,582,41.520618556701,1.24981271477663,88.6509999999998,"Chêne sessile ou pédonculé",190233.691663,326.862013166667,35.51,31.67,"Famille Régénération","futaie régulière",132.36083984375,0.930359840393066,"Plaine"
"FB230009161",97,833502,163.69,1964.28,12,163.69,1461.75,8.92998961451524,163.69,690,4.21528498991997,25.1452746044352,4116.03,226,37.9646017699115,0.953951327433629,28.495,"Chêne sessile ou pédonculé",31125.35317,137.722801637168,19.59,13.39,"Famille Amélioration","taillis sous futaie",123.880714416504,0.924965739250183,"Plaine"
"FB230009466",47,835509,214,2833.36,13.24,214,2144.28,10.02,214,0,0,23.26,4977.64,158,41.9936708860759,1.54316455696203,25.326,"Chêne sessile ou pédonculé",34671.568531,219.440307158228,18.2,20.87,"Famille Amélioration","Futaie sur souche ou TSF en conversion",182.862579345703,0.57014536857605,"Plaine"
"FB230009474",50,835509,415.174,5247.8,12.6400015415224,415.174,3915.09,9.42999802492449,415.174,0,0,22.0699995664468,9162.89,149,54.1610738255034,2.23231543624161,35.689,"Chêne sessile ou pédonculé",111398.955144,747.643994255033,111.98,4.9,"Famille Régénération","Futaie sur souche ou TSF en conversion",174.749847412109,0.75016176700592,"Plaine"
"FB230009499",27,833502,1123.8,13283.31,11.8199946609717,1123.8,7187.84,6.39601352553835,1123.8,0,0,18.2160081865101,20471.15,915,34.2841530054645,0.882348633879781,97.5879999999996,"Chêne sessile ou pédonculé",24560.69,26.8422841530055,48.38,27.97,"Famille Régénération","taillis sous futaie",138.951751708984,1.95334553718567,"Plaine"
"FB230009623",27,833502,280,3309.6,11.82,280,1960,7,280,0,0,18.82,5269.6,317,43.3438485804416,1.36944794952681,49.288,"Chêne sessile ou pédonculé",9470.42,29.875141955836,41.27,14.61,"Famille Régénération","taillis sous futaie",126.045959472656,0.587679743766785,"Plaine"
"FB230009882",47,835503,167.621,2219.3,13.2399878296872,167.621,1679.56,10.0199855626682,167.621,0,0,23.2599733923554,3898.86,261,28.6973180076628,0.850934865900382,20.976,"Chêne sessile ou pédonculé",43294.99763,165.88121697318,20.46,14.92,"Famille Amélioration","Futaie sur souche ou TSF en conversion",235.787689208984,1.8875435590744,"Plaine"
"FB230009885",56,835503,418,5647.18,13.51,418,3277.12,7.84,418,0,0,21.35,8924.3,447,45.6711409395973,1.88054809843401,76.1899999999999,"Chêne sessile ou pédonculé",8624.45,19.2940715883669,73.56,16.57,"Famille Régénération","Futaie sur souche ou TSF en conversion",258.247100830078,2.31752371788025,"Plaine"
"FB230011739",24,833513,2689,25653.06,9.54,2689,15085.29,5.61,2689,0,0,15.15,40738.35,2387,31.099706744868,0.757197737746128,193.946000000002,"Pin sylvestre",97128.7800000022,40.6907331378308,42.4371428571429,48.89,"Famille Régénération","futaie régulière",143.807846069336,0.699484407901764,"Plaine"
"FB230011878",11,853501,798.39,7859.58,9.84428662683651,1596.78,6414.5,4.01714700835431,1596.78,0,0,13.8614336351908,14274.08,525,49.552380952381,2.15902476190477,103.879,"Epicéa commun",45932.9,87.4912380952381,259.96,5,"Famille Régénération","futaie régulière",200.661911010742,3.32461595535278,"Plaine"
"FB230012556",57,853501,891.86,10566.22,11.8473975736102,891.86,6233.08,6.98885475298814,891.86,0,0,18.8362523265983,16799.3,244,51.0245901639344,2.4342868852459,53.1,"Hêtre",53530.349855,219.386679733606,55.54,14.85,"Famille Amélioration","futaie régulière",195.719207763672,4.13925838470459,"Plaine"
"FB230013613",11,853501,780.77,7734.69,9.90648974730074,1561.54,6306.28,4.03850045467936,1561.54,0,0,13.9449902019801,14040.97,525,49.552380952381,2.15902476190477,103.879,"Epicéa commun",51222.92,97.5674666666667,259.96,5,"Famille Régénération","futaie régulière",200.661911010742,3.32461595535278,"Plaine"
"FB230013825",11,853501,1220.47,15614.44,12.793792555327,1220.47,9060.3,7.42361549239227,1220.47,0,0,20.2174080477193,24674.74,473,34.0380549682875,1.43190486257928,56.9579999999999,"Erable sycomore",62927.51,133.039133192389,60.59,14.22,"Famille Amélioration","futaie régulière",165.723083496094,3.99509859085083,"Plaine"
"FB230013834",11,853501,692.03,8959.29,12.946389607387,692.03,5077.63,7.33729751600364,692.03,0,0,20.2836871233906,14036.92,448,31.9084821428571,0.944517857142856,39.227,"Hêtre",29236.36,65.2597321428571,41.66,12.83,"Famille Irréguliers","futaie régulière",158.994842529297,7.72789525985718,"Plaine"
"FB230013835",11,853501,874.03,11305.33,12.9347161996728,874.03,6418.79,7.3439012390879,874.03,0,0,20.2786174387607,17724.12,566,33.1448763250883,0.982911660777384,52.3899999999998,"Hêtre",36203.07,63.9630212014134,55.08,13.44,"Famille Amélioration","futaie régulière",170.31608581543,2.19851636886597,"Plaine"
"FB230013885",11,853501,595,4135.25,6.95,595,2299.68,3.86500840336135,595,0,0,10.8150084033613,6434.93,426,23.7206572769953,0.36018779342723,20.1089999999999,"Hêtre",11606.43,27.2451408450704,28.4,6.5,"Famille Amélioration","futaie régulière",84.8621826171875,8.30637168884277,"Plaine"
"FB230013895",11,853501,378.87,3740.69,9.87328107266345,378.87,2676.06,7.06326708369626,378.87,0,0,16.9365481563597,6416.75,231,38.4848484848485,1.27382683982684,28.066,"Mélèze divers",17312.36,74.9452813852814,51.155,7.5,"Famille Amélioration","futaie régulière",157.940353393555,5.20270872116089,"Plaine"
"FB230013899",11,853501,988.76,7876.93,7.96647315829928,587.99,4391.29,7.46830728413749,587.99,0,0,15.4347804424368,12268.22,262,39.1793893129771,1.35041603053435,34.615,"Hêtre",34164.776235,130.399909293893,31.22,14.6,"Famille Amélioration","futaie régulière",140.001510620117,2.08928489685059,"Plaine"
"FB230014333",24,833512,474.7,5269.17,11.1,474.7,2663.07,5.61000631978091,474.7,0,0,16.7100063197809,7932.24,1630,21.4110429447853,0.268408588957055,61.851,"Pin maritime",13582.73,8.33296319018405,35.09,13.21,"Famille Amélioration","futaie régulière",125.680397033691,0.804283201694489,"Plaine"
"FB230014347",24,833512,190,1919,10.1,190,1172.3,6.17,190,0,0,16.27,3091.3,478,20.5543933054393,0.283079497907951,17.5749999999999,"Chêne sessile ou pédonculé",NA,NA,21.08,7.31,"Famille Amélioration","futaie régulière",129.964752197266,0.71029406785965,"Plaine"
"FB230014412",25,833512,254.2,3174.96,12.4900078678206,254.2,1779.4,7,254.2,0,0,19.4900078678206,4954.36,491,25.9368635437882,0.450560081466395,29.899,"Chêne sessile ou pédonculé",5423.68,11.0461914460285,19.77,13,"Famille Coupes d'Emprise","taillis sous futaie",136.928573608398,1.53341388702393,"Plaine"
"FB230014468",97,833512,42.2,461.67,10.9400473933649,42.2,443.1,10.5,42.2,0,0,21.4400473933649,904.77,327,16.7737003058104,0.239724770642202,10.648,"Feuillu dur",5082.434099,15.5426119235474,20.27,5.66,"Famille Coupes d'Emprise","taillis sous futaie",132.689971923828,1.31726551055908,"Plaine"
"FB230014478",97,833512,98.6,1078.68,10.9399594320487,98.6,1133.9,11.5,98.6,420,4.25963488843813,26.6995943204868,2632.58,779,21.1424903722721,0.336309370988445,35.5419999999999,"Feuillu dur",8579.496968,11.0134749268293,20.16,18.09,"Famille Irréguliers","taillis sous futaie",130.490234375,1.13960146903992,"Plaine"
"FB230014922",1,883505,9785.45,112254.85,11.471608357306,3500,15750,4.5,3500,5220,1.49142857142857,17.4630369287346,133224.85,5634,38.7220447284345,1.21907064252751,714.131000000005,"Epicéa commun",525448.65,93.2638711395101,331.49,25.4,"Famille Régénération","futaie régulière",953.905029296875,6.77325105667114,"Montagne"
"FB230015072",24,833512,710,6908.3,9.73,710,4473,6.3,710,0,0,16.03,11381.3,1159,27.3943054357204,0.49807592752373,71.2589999999992,"Pin sylvestre",23635.3700000002,20.3928990509061,30.13,20.64,"Famille Amélioration","futaie régulière",132.247543334961,0.823525428771973,"Plaine"
"FB230015093",27,833512,202.4,2392.37,11.8200098814229,202.4,1356.08,6.7,202.4,0,0,18.5200098814229,3748.45,199,30.3768844221106,0.806653266331658,18.941,"Chêne sessile ou pédonculé",NA,NA,62.2,3.98,"Famille Régénération","taillis sous futaie",130.299209594727,0.345485121011734,"Plaine"
"FB230015131",100,833512,381.1,4954.3,13,381.11,2667.77,7,381.11,0,0,20,7622.07,236,45.4237288135593,1.61481779661017,43.111,"Chêne sessile ou pédonculé",4413.2,18.7,18.12,31.65,"Famille Amélioration","Futaie sur souche ou TSF en conversion",139.357925415039,1.10991930961609,"Plaine"
"FB230015144",25,833512,726.2,8784.68,12.0967777471771,726.2,5083.4,7,726.2,0,0,19.0967777471771,13868.08,1251,19.9320543565148,0.349921662669864,56.341,"Feuillu dur",20502.59,16.3889608313349,28.33,21.31,"Famille Coupes d'Emprise","Futaie sur souche ou TSF en conversion",134.269668579102,1.36138069629669,"Plaine"
"FB230015202",70,834503,2900,29000,10,2900,17400,6,2900,0,0,16,46400,1477,30.7142857142857,0.709972241029113,120.279,"Epicéa commun",152550.16,103.283791469194,236.793333333333,14.75,"Famille Régénération","futaie régulière",811.071960449219,10.1245136260986,"Montagne"
"FB230015673",11,853501,136.02,1690.5,12.4283193647993,136.02,1037.88,7.63034847816498,136.02,0,0,20.0586678429643,2728.38,81,66.9753086419753,5.05222222222222,29.713,"Hêtre",24026.845206,296.627718592593,62.42,9,"Famille Régénération","futaie régulière",109.253456115723,4.39739990234375,"Plaine"
"FB230015700",11,853501,393.56,4738.46,12.0399939018193,393.56,3089.45,7.85001016363451,393.56,0,0,19.8900040654538,7827.91,241,62.8215767634855,4.68005394190871,77.272,"Chêne sessile ou pédonculé",33861.1,140.502489626556,83.28,18.59,"Famille Régénération","futaie régulière",167.794357299805,3.08110427856445,"Plaine"
"FB230015701",11,853501,428.16,5155.05,12.0400084080717,428.16,3361.06,7.85000934230194,428.16,0,0,19.8900177503737,8516.11,241,62.8215767634855,4.68005394190871,77.272,"Chêne sessile ou pédonculé",118805.461232,492.968718804979,83.28,18.59,"Famille Régénération","futaie régulière",167.794357299805,3.08110427856445,"Plaine"
"FB230015923",23,835510,26.484,318.87,12.0400996828274,26.46,252.43,9.5400604686319,26.46,0,0,21.5801601514593,571.3,40,27.625,0.819475,3.14,"Hêtre",7691.56791,192.28919775,2.35,19.75,"Famille Amélioration","futaie régulière",279.965759277344,2.32000970840454,"Plaine"
"FB230016106",101,844009,1415.723,14072.06,9.93983992631327,1272.781,8909.47,7.00000235704336,1272.781,2259.68,1.77538791041035,18.715230193767,25241.21,148,67.7027027027027,5.07466216216217,54.783,"Sapin pectiné",56681.76,382.984864864865,330.85,2.5,"Famille Régénération","futaie régulière",693.761840820312,6.54773664474487,"Montagne"
"FB230016391",11,853501,1177.85,14715.36,12.49340747973,1177.85,8944.03,7.59352209534321,1177.85,0,0,20.0869295750732,23659.39,235,57.8085106382979,3.92950638297872,66.356,"Hêtre",67628.13,287.779276595745,69.46,18.02,"Famille Amélioration","futaie régulière",166.640930175781,0.536853730678558,"Plaine"
"FB230016410",32,853501,1230.94,7118.16,5.78270265000731,1140.94,4197.49,3.67897523094992,1140.94,0,0,9.46167788095723,11315.65,725,26.7103448275862,0.533976551724137,44.2779999999999,"Hêtre",25674.23,35.4127310344828,38.51,11.85,"Famille Amélioration","futaie régulière",81.6308135986328,10.7561750411987,"Plaine"
"FB230016511",11,853501,847.6,10552,12.4492685228882,1695.2,6707.8,3.9569372345446,1695.2,0,0,16.4062057574328,17259.8,697,29.8278335724534,0.681589670014349,53.5549999999997,"Hêtre",38116.48,54.6864849354376,62.64,9.46,"Famille Amélioration","futaie régulière",200.561798095703,3.61610245704651,"Plaine"
"FB230017280",25,833512,642.71,8027.45,12.4900032674145,642.71,4016.94,6.25000388977922,642.71,0,0,18.7400071571938,12044.39,659,21.6767830045524,0.485713201820941,38.197,"Feuillu dur",5934.25,9.00493171471927,27.43,18.42,"Famille Coupes d'Emprise","Futaie sur souche ou TSF en conversion",143.134353637695,1.16285037994385,"Plaine"
"FB230017433",102,832507,NA,NA,NA,NA,NA,NA,NA,NA,NA,NA,NA,706,31.1898016997167,0.824283286118982,64.2569999999999,"Chêne sessile ou pédonculé",55800.31,79.0372662889519,55.07,15.6,"Famille Amélioration","futaie régulière",144.505859375,5.25986909866333,"Plaine"
"FB230017874",52,835503,830,11454,13.8,830,5644,6.8,830,0,0,20.6,17098,559,25.2057245080501,0.52525044722719,29.081,"Chêne sessile ou pédonculé",29528.39,52.823595706619,15.92,21.24,"Famille Amélioration","futaie régulière",265.449859619141,2.66094708442688,"Plaine"
"FB230017876",23,835503,246.638,3265.49,13.2400116770327,246.638,2471.31,10.0199888095103,246.638,0,0,23.260000486543,5736.8,214,35.4439252336449,1.36361214953271,25.38,"Chêne sessile ou pédonculé",61643.151632,288.052110429906,23.96,17.63,"Famille Amélioration","futaie régulière",246.757217407227,1.6798152923584,"Plaine"
"FB230017907",57,853501,500.5,5518.72,11.0264135864136,812.06,2934.74,3.61394478240524,812.06,0,0,14.6403583688188,8453.46,270,33.962962962963,0.870859259259259,26.641,"Hêtre",19519.01,72.2926296296296,46.35,6.27,"Famille Amélioration","futaie régulière",183.740432739258,7.91639089584351,"Plaine"
"FB230017939",33,853501,1385.88,7557.14,5.4529540797183,1385.88,5398.02,3.89501255519958,1385.88,0,0,9.34796663491789,12955.16,229,44.5414847161572,1.84617903930131,39.815,"Hêtre",48715.417615,212.73108128821,56.77,10.37,"Famille Amélioration","futaie régulière",161.26432800293,8.80151844024658,"Plaine"
"FB230018000",11,853501,1143.15,14693.64,12.8536412544286,1143.15,8854.06,7.7453177623234,1143.15,0,0,20.598959016752,23547.7,239,53.7866108786611,3.37018828451882,58.156,"Hêtre",68153.79,285.16230125523,70.58,15.28,"Famille Amélioration","futaie régulière",170.607360839844,3.38622331619263,"Plaine"
"FB230018001",11,853501,892.95,11453.77,12.826888403606,892.95,6929.54,7.76027773111596,892.95,0,0,20.587166134722,18383.31,217,55.7834101382488,3.63280184331797,56.05,"Hêtre",53591.81,246.966866359447,83.92,12.66,"Famille Amélioration","futaie régulière",166.129486083984,2.23097705841064,"Plaine"
"FB230018004",11,853501,187.69,2470,13.1599978688263,187.69,1289.43,6.86999840161969,187.69,0,0,20.029996270446,3759.43,220,25.4318181818182,0.587572727272727,12.058,"Chêne rouge",7383.33,33.5605909090909,66.89,2.43,"Famille Amélioration","futaie régulière",161.390960693359,1.34589755535126,"Plaine"
"FB230018060",24,833513,1134,10818.36,9.54,1134,6361.74,5.61,1134,0,0,15.15,17180.1,1201,28.8717735220649,0.654001665278931,88.1670000000004,"Pin sylvestre",55677.8600000002,46.3595836802666,34.1266666666667,25.43,"Famille Régénération","futaie régulière",141.91520690918,0.962982058525085,"Plaine"
"FB230018260",57,853501,317.9,3737.02,11.7553318653665,317.9,2278.04,7.16590122680088,317.9,0,0,18.9212330921673,6015.06,58,60.7758620689655,3.28360344827586,17.238,"Hêtre",20663.86,356.273448275862,36.71,7.44,"Famille Amélioration","futaie régulière",205.421981811523,1.81213700771332,"Plaine"
"FB230018379",101,844009,717.792,7895.71,10.9999972136775,717.792,5742.34,8.000005572645,717.792,1435.58,1.999994427355,20.9999972136775,15073.63,218,64.5642201834862,4.79900458715597,76.403,"Sapin pectiné",69804.84,320.205688073394,78.99,14.57,"Famille Amélioration","futaie régulière",847.437194824219,13.24573802948,"Montagne"
"FB230019186",32,853501,73.58,846.87,11.5095134547431,73.58,537.49,7.30483827126937,73.58,0,0,18.8143517260125,1384.36,48,67.5,5.15870833333334,17.851,"Hêtre",9555.29692,199.068685833333,50.18,6.82,"Famille Régénération","futaie régulière",166.261520385742,2.87547206878662,"Plaine"
"FB230020997",57,853501,765.64,9325.97,12.1806201347892,765.64,5383.41,7.03125489786323,765.64,0,0,19.2118750326524,14709.38,178,53.7640449438202,2.62388202247191,42.941,"Hêtre",43128.36,242.294157303371,47.49,16.17,"Famille Amélioration","futaie régulière",187.940536499023,4.26942253112793,"Plaine"
"FB230020998",41,853501,426.65,4525.21,10.6063752490332,426.65,2826.25,6.62428219852338,426.65,0,0,17.2306574475565,7351.46,100,56.9,2.86401,26.71,"Hêtre",25468.21,254.6821,51.65,7.96,"Famille Régénération","futaie régulière",181.429336547852,6.36307287216187,"Plaine"
"FB230020999",33,853501,1009.28,10745.03,10.6462329581484,1009.28,7357.65,7.28999881103361,1009.28,0,0,17.936231769182,18102.68,487,35.3285420944559,0.990078028747433,52.0869999999998,"Hêtre",48386.275961,99.3558027946613,44.93,14.01,"Famille Amélioration","futaie irrégulière",232.700012207031,1.02700924873352,"Plaine"
"FB230021077",32,853501,562.23,6474.98,11.5166035252477,562.23,4111.14,7.31220319086495,562.23,0,0,18.8288067161126,10586.12,127,56.5354330708661,3.75872440944882,33.759,"Hêtre",33472.42,263.562362204724,63.99,10.07,"Famille Amélioration","futaie régulière",129.037338256836,8.11908340454102,"Plaine"
"FB230021140",91,835509,504,6239.52,12.38,630,5770.8,9.16,630,600,0.952380952380952,22.492380952381,12610.32,238,55.3991596638655,2.64505042016807,59.721,"Chêne sessile ou pédonculé",80787.83423,339.444681638655,96.71,10.06,"Famille Régénération","taillis sous futaie",166.153244018555,0.848856210708618,"Plaine"
"FB230021141",103,835509,400,5628,14.07,394,3014.1,7.65,394,0,0,21.72,8642.1,238,55.3991596638655,2.64505042016807,59.721,"Chêne sessile ou pédonculé",NA,NA,96.71,10.06,"Famille Régénération","taillis sous futaie",166.153244018555,0.848856210708618,"Plaine"
"FB230022939",44,833513,906.98,11600.88,12.7906679309356,925.43,7071.26,7.64105334817328,925.43,4120,4.45198448288904,24.8837057619979,22792.14,714,37.0378151260504,1.14671568627451,87.3729999999994,"Chêne sessile ou pédonculé",131783.860109,184.571232645658,64.54,17.29,"Famille Régénération","taillis sous futaie",148.080444335938,0.484298259019852,"Plaine"
"FB230022954",105,833513,218,2071,9.5,218,1220.8,5.6,218,0,0,15.1,3291.8,142,39.4014084507042,1.27476056338028,17.804,"Pin sylvestre",8051.58,56.7012676056338,39.24,4.87,"Famille Régénération","futaie régulière",153.542251586914,0.942285716533661,"Plaine"
"FB230022971",44,833513,NA,NA,NA,NA,NA,NA,NA,NA,NA,NA,NA,229,40.7860262008734,1.35928820960699,31.445,"Pin sylvestre",18030.354829,78.7351739257642,22.84,16.3,"Famille Régénération","futaie régulière",142.372985839844,0.973677814006805,"Plaine"
"FB230022976",55,833513,415.5,4483.4,10.7903730445247,420.2,3155.95,7.51059019514517,420.2,0,0,18.3009632396698,7639.35,170,49.6176470588235,1.91582352941176,33.568,"Pin sylvestre",28717.79,168.928176470588,209.07,1.64,"Famille Régénération","futaie régulière",154.672637939453,0.559711158275604,"Plaine"
"FB230023021",25,833513,360,3441.6,9.56,360,2926.8,8.13,360,0,0,17.69,6368.4,197,47.258883248731,1.9798578680203,36.281,"Pin sylvestre",23624.48,119.921218274112,33.66,12.33,"Famille Régénération","futaie régulière",143.791259765625,0.930902779102325,"Plaine"
"FB230023294",107,832507,3633.8,26005.27,7.15649457867797,3633.8,20385.62,5.61000055038802,3633.8,0,0,12.766495129066,46390.89,1582,42.1396965865992,1.30310619469027,247.302,"Tsuga hétérophylle",168032.3,106.215107458913,118.326666666667,23.37,"Famille Amélioration","futaie régulière",107.018173217773,4.27495718002319,"Plaine"
"FB230023306",108,832503,1290,13301.97,10.3116046511628,1290,9404.1,7.29,1290,0,0,17.6016046511628,22706.07,784,30.969387755102,0.998802295918366,68.9749999999996,"Douglas",88786.99,113.248711734694,49.1533333333333,17.4,"Famille Régénération","futaie régulière",110.750389099121,2.66396880149841,"Plaine"
"FB230023443",6,832006,960.101,24002.53,25.0000052077854,NA,NA,NA,NA,0,0,NA,NA,225,53.2222222222222,2.64999111111111,50.914,"Chêne sessile ou pédonculé",271476.46,1206.56204444445,43.19,18.86,"Famille coupes sanitaires","futaie régulière",103.508674621582,2.29263997077942,"Plaine"
"FB230024253",18,853501,1024.12,10359.84,10.1158457993204,1024.12,5745.31,5.60999687536617,1024.12,0,0,15.7258426746866,16105.15,870,30.1551724137931,0.680933333333333,67.8849999999996,"Douglas",45576.11,52.3863333333333,110.1,10.82,"Famille Amélioration","futaie régulière",202.790100097656,3.00750207901001,"Plaine"
"FB230024276",11,853501,3058.31,29396.09,9.61187387805684,3058.31,20802.24,6.8018742377326,3058.31,0,0,16.4137481157894,50198.33,1124,50.4982206405694,2.25138612099644,241.005999999999,"Epicéa de sitka",112813.18,100.367597864769,235.44,12.64,"Famille Amélioration","futaie régulière",219.0380859375,2.04819107055664,"Plaine"
"FB230024688",30,853501,22.94,350.98,15.2999128160418,22.94,175.49,7.64995640802092,22.94,0,0,22.9498692240628,526.47,147,53.1632653061224,2.5322380952381,34.063,"Hêtre",4036.354405,27.4581932312925,41.96,12.36,"Famille Amélioration","futaie régulière",187.154907226562,6.21733951568604,"Plaine"
"FB230025545",30,853501,14.98,229.19,15.2997329773031,14.98,114.6,7.6502002670227,14.98,0,0,22.9499332443258,343.79,117,48.1623931623932,2.38488034188034,25.281,"Hêtre",2318.29,19.8144444444444,57.99,7.07,"Famille Régénération","futaie régulière",217.151763916016,0.724814593791962,"Plaine"
"FB230026359",83,832001,47.517,557.85,11.7400088389419,47.52,422.45,8.88994107744108,47.52,0,0,20.6299499163829,980.3,18,57.7777777777778,2.57833333333333,4.912,"Chêne sessile ou pédonculé",9549.01,530.500555555556,4.07,18.83,"Famille Coupes d'Emprise","taillis sous futaie",101.11678314209,1.5900022983551,"Plaine"
"FB230027132",24,833512,709.5,7165.95,10.1,709.5,3980.3,5.61000704721635,709.5,0,0,15.7100070472163,11146.25,4309,14.9466233464841,0.128776978417266,83.1920000000004,"Pin laricio",22357.85,5.18864005569738,40.695,13.44,"Famille Amélioration","futaie régulière",129.115493774414,1.30157852172852,"Plaine"
"FB230027166",54,850510,2754.67,33146.94,12.0329985079883,2754.67,25252.13,9.16702545132448,2754.67,0,0,21.2000239593127,58399.07,968,49.0134297520661,2.10055991735537,189.501,"Epicéa de sitka",164020.95,169.443130165289,510.92,4.02,"Famille Régénération","futaie régulière",151.421997070312,1.84266746044159,"Plaine"
"FB230028145",109,883509,2820,30215.58,10.7147446808511,2844,19197,6.75,2844,0,0,17.4647446808511,49412.58,1695,37.0560471976401,1.22357522123893,196.858,"Epicéa commun",100488.71,59.2853746312684,71.036,33.49,"Famille Régénération","futaie régulière",1447.09497070312,8.52919673919678,"Montagne"
"FB230028149",110,883509,375.166,4314.41,11.5000026654867,355.166,4084.41,11.5000028155848,355.166,0,0,23.0000054810716,8398.82,253,43.8142292490119,2.05645059288537,42.816,"Epicéa commun",20017.78,79.1216600790514,56.38,13.75,"Famille Régénération","futaie régulière",1410.08740234375,10.2856340408325,"Montagne"
"FB230028351",11,853501,345.79,4412.24,12.7598831660835,345.79,2573.65,7.44281211139709,345.79,0,0,20.2026952774806,6985.89,164,37.8353658536585,1.46328048780488,19.991,"Charme",15911.11,97.0189634146341,48,6.5,"Famille Irréguliers","futaie régulière",98.4334182739258,6.28171348571777,"Plaine"
"FB230028616",45,880509,314.89,4093.57,13,314.89,3463.79,11,314.89,0,0,24,7557.36,100,59.95,3.02835,29.658,"Chêne sessile ou pédonculé",50056.669397,500.56669397,50.55,9.43,"Famille Régénération","futaie régulière",256.171020507812,1.78927719593048,"Plaine"
"FB230028619",45,880509,171.574,2230.46,12.9999883432222,171.574,1887.31,10.9999766864443,171.574,0,0,23.9999650296665,4117.77,407,29.4963144963145,0.855427518427515,35.3909999999999,"Feuillu dur",55812.688906,137.131913773956,64.27,7.51,"Famille Régénération","futaie régulière",262.152740478516,2.03541278839111,"Plaine"
"FB230028631",21,880509,47.846,622,13.0000418007775,47.846,622,13.0000418007775,47.846,0,0,26.000083601555,1244,682,24.0909090909091,0.475346041055716,34.7789999999999,"Chêne sessile ou pédonculé",4410.52,6.46703812316715,30.79,13.06,"Famille Amélioration","Non déterminé",269.721984863281,1.10705828666687,"Plaine"
"FB230029637",24,833502,1057.7,10458.21,9.88769027134348,1057.7,5933.7,5.61000283634301,1057.7,0,0,15.4976931076865,16391.91,2884,19.4920249653259,0.238004507628294,93.5220000000001,"Pin sylvestre",27828.43,9.64924757281552,23.4466666666667,27.27,"Famille Amélioration","futaie régulière",129.923568725586,1.41700911521912,"Plaine"
"FB230029671",47,835503,211.919,2805.81,13.2400115138331,211.919,2123.43,10.0200076444302,211.919,0,0,23.2600191582633,4929.24,608,26.8996710526316,0.685858552631578,40.7389999999998,"Hêtre",33283.045893,54.7418517976974,19.835,27.7,"Famille Amélioration","Futaie sur souche ou TSF en conversion",276.861541748047,2.2376446723938,"Plaine"
"FB230029675",31,835503,400,6188,15.47,562,4968.08,8.84,562,0,0,24.31,11156.08,608,26.8996710526316,0.685858552631578,40.7389999999998,"Hêtre",14768.03,24.2895230263158,19.835,27.7,"Famille Amélioration","Futaie sur souche ou TSF en conversion",276.861541748047,2.2376446723938,"Plaine"
"FB230030088",47,835503,194.77,2652.77,13.6200133490784,194.77,1990.55,10.2200030805566,194.77,0,0,23.840016429635,4643.32,1047,24.7134670487106,0.548888252148997,58.8489999999996,"Hêtre",44529.526589,42.5305889102197,37.54,21.22,"Famille Amélioration","Futaie sur souche ou TSF en conversion",269.608612060547,3.57918667793274,"Plaine"
"FB230030115",52,835503,915,13395.6,14.64,915,6569.7,7.18,915,0,0,21.82,19965.3,1047,24.7134670487106,0.548888252148997,58.8489999999996,"Hêtre",4391.3,4.19417382999045,37.54,21.22,"Famille Amélioration","Futaie sur souche ou TSF en conversion",269.608612060547,3.57918667793274,"Plaine"
"FB230030247",113,853501,1983.62,18923.73,9.53999758018169,1983.62,14460.59,7.29000010082576,1983.62,0,0,16.8299976810075,33384.32,763,49.5543905635649,2.19889515072084,154.174,"Sapin pectiné",93325.76,122.314233289646,320.2,6,"Famille Régénération","futaie régulière",128.360778808594,5.2516450881958,"Plaine"
"FB230030249",113,853501,1506.72,14466.51,9.60132605925454,1506.72,10983.99,7.29000079643198,1506.72,0,0,16.8913268556865,25450.5,1005,46.6318407960199,1.98943880597015,183.229999999999,"Sapin pectiné",69580.8,69.2346268656716,323.61,7.12,"Famille Régénération","futaie régulière",125.56770324707,5.54959726333618,"Plaine"
"FB230030395",18,853501,768.78,7764.68,10.1000026015245,768.78,4312.86,5.61000546320144,768.78,0,0,15.7100080647259,12077.54,478,32.5313807531381,0.921778242677825,42.168,"Epicéa commun",29720.72,62.1772384937238,107.45,4.56,"Famille Amélioration","futaie régulière",197.11848449707,3.85384464263916,"Plaine"
"FB230030796",47,835509,1005.666,12108.22,12.0400013523377,1005.666,9594.05,9.53999638050804,1005.666,0,0,21.5799977328457,21702.27,837,34.778972520908,1.35569414575867,103.100000000001,"Feuillu dur",311551.350616999,372.223835862604,77.68,20.92,"Famille Régénération","Futaie sur souche ou TSF en conversion",174.527114868164,0.862795829772949,"Plaine"
"FB230030797",114,835509,580,8160.6,14.07,580,4518.2,7.79,580,0,0,21.86,12678.8,837,34.778972520908,1.35569414575867,103.100000000001,"Feuillu dur",19343.54,23.1105615292712,77.68,20.92,"Famille Régénération","Futaie sur souche ou TSF en conversion",174.527114868164,0.862795829772949,"Plaine"
"FB230030984",48,835510,13,184.99,14.23,12.476,112.03,8.97964091054825,12.476,0,0,23.2096409105483,297.02,8,51.25,1.6285,1.718,"Chêne sessile ou pédonculé",993.26,124.1575,1.04,19.47,"Famille Coupes Produits Accidentels","futaie régulière",177.126739501953,0.826705157756805,"Plaine"
"FB230031054",11,853501,964.65,12854.17,13.3252163997305,1929.3,8181.96,4.24089566163894,1929.3,0,0,17.5661120613694,21036.13,1069,24.5229186155285,0.556342376052388,57.8679999999997,"Hêtre",43414.17,40.6119457436857,46.31,15.42,"Famille Irréguliers","futaie régulière",153.546875,6.13787889480591,"Plaine"
"FB230031158",48,835510,32,455.36,14.23,33.016,296.48,8.97988853889024,33.016,0,0,23.2098885388902,751.84,11,67.2727272727273,2.86427272727273,3.949,"Chêne sessile ou pédonculé",7267.470659,660.679150818182,278.3,0.2,"Famille Coupes Produits Accidentels","taillis sous futaie",165.228820800781,1.77485108375549,"Plaine"
"FB230032329",57,853501,1779.21,21109.25,11.8643948718813,1779.21,12376.48,6.95616593881554,1779.21,0,0,18.8205608106969,33485.73,296,59.0033783783784,3.2618918918919,91.8089999999998,"Hêtre",134563.162612,454.605279094595,68.82,20.2,"Famille Régénération","futaie régulière",211.502807617188,2.58692502975464,"Plaine"
"FB230032331",33,853501,678.28,7109.1,10.4810697646989,678.28,4944.67,7.29001297399304,678.28,0,0,17.771082738692,12053.77,91,65.2747252747253,3.66874725274725,32.289,"Hêtre",46600.2575,512.090741758242,67.63,7.8,"Famille Régénération","futaie régulière",136.778594970703,1.3180342912674,"Plaine"
"FB230032332",33,853501,323.93,3442.1,10.6260611860587,323.93,2410.04,7.44000246966937,323.93,0,0,18.0660636557281,5852.14,68,59.0441176470588,3.13767647058824,19.185,"Hêtre",14684.69,215.951323529412,45.55,6.83,"Famille Amélioration","futaie régulière",100.961288452148,1.76581239700317,"Plaine"
"FB230032342",115,853501,NA,NA,NA,NA,NA,NA,NA,NA,NA,NA,NA,131,21.3740458015267,0.273893129770992,5.096,"Hêtre",1034.515366,7.89706386259542,43.75,1,"Famille Amélioration","futaie régulière",90.272834777832,6.88519763946533,"Plaine"
"FB230033830",38,835509,1391.25,22399.13,16.1000035938904,1391.25,9738.75,7,1391.25,0,0,23.1000035938904,32137.88,1803,24.7670549084859,0.508881863560732,91.112,"Chêne sessile ou pédonculé",647.62,0.359190238491403,33.425,31.53,"Famille Amélioration","futaie régulière",175.715866088867,0.882798135280609,"Plaine"
"FB230033849",53,844009,562.847,6675.37,11.8600081372025,562.847,4429.61,7.87000730216204,562.847,1125.69,1.99999289327295,21.7300083326375,12230.67,95,63.2631578947368,4.45517894736843,31.213,"Sapin pectiné",41100.63,432.638210526316,232.78,2,"Famille Régénération","futaie régulière",703.082153320312,3.94021463394165,"Montagne"
"FB230034346",24,833512,707.7,7147.77,10.1,707.7,3970.2,5.61000423908436,707.7,0,0,15.7100042390844,11117.97,1669,20.7849011384062,0.245765727980827,61.364,"Pin sylvestre",18159.45,10.8804373876573,17.325,24.7,"Famille Amélioration","futaie régulière",133.422149658203,1.03133606910706,"Plaine"
"FB230034482",11,853501,2360.45,23738.85,10.0569171132623,4720.9,18746.21,3.97089749835836,4720.9,0,0,14.0278146116207,42485.06,1509,39.8210735586481,1.4452451954937,217.182000000001,"Epicéa de sitka",118590.96,78.5891053677933,150.126666666667,16.94,"Famille Amélioration","futaie régulière",221.465560913086,1.78149282932281,"Plaine"
"FB230034517",11,853501,1245.14,15817.49,12.7033827521403,1245.14,9307.11,7.47474982732865,1245.14,0,0,20.178132579469,25124.6,453,41.6004415011038,1.93204194260485,68.6409999999998,"Hêtre",75983.827632,167.734718834437,55.33,20.45,"Famille Amélioration","futaie régulière",206.160385131836,2.02467799186707,"Plaine"
"FB230034848",116,832001,678.44,5427.52,8,NA,NA,NA,NA,0,0,NA,NA,880,35.5056818181818,1.18383295454546,100.877,"Pin sylvestre",41433.17,47.0831477272727,129.585,10.66,"Famille Régénération","futaie régulière",43.6875038146973,1.09968268871307,"Plaine"
"FB230034863",117,832001,4383.188,36230.46,8.26577824177288,4202.608,25215.65,6.00000047589497,4202.608,0,0,14.2657787176678,61446.11,3437,30.6139074774513,0.821682862961887,287.984000000003,"Pin maritime",192798,56.0948501600234,62.8075,61.09,"Famille Amélioration","futaie régulière",39.1941833496094,0.599653899669647,"Plaine"
"FB230035078",118,879012,1805.26,20832.7,11.5399997784253,1500,22575,15.05,1500,0,0,26.5899997784253,43407.7,811,47.5277435265105,2.26647965474723,161.226,"Sapin pectiné",71297.84,87.9134895191122,43.034,44.65,"Famille Irréguliers","futaie irrégulière",1381.43188476562,27.4168071746826,"Montagne"
"FB230035279",113,853501,217.45,2350.79,10.8107151069211,217.45,1585.21,7.28999770062083,217.45,0,0,18.100712807542,3936,105,38.6666666666667,1.27725714285714,13.753,"Frêne commun",9608.37,91.5082857142857,36.1,4.5,"Famille coupes sanitaires","futaie régulière",46.3251304626465,5.47791290283203,"Plaine"
"FB230035287",11,853501,2452.84,17277.44,7.04385120921055,2452.84,9651.92,3.93499779847034,2452.84,0,0,10.9788490076809,26929.36,2251,20.8018658374056,0.29120479786761,85.7350000000003,"Hêtre",48070.76,21.3552909817859,49.97,16.65,"Famille Amélioration","futaie régulière",187.793655395508,6.75819683074951,"Plaine"
"FB230035535",33,853501,109.55,1137.07,10.3794614331356,109.55,815.05,7.43998174349612,109.55,0,0,17.8194431766317,1952.12,53,44.5283018867925,1.88928301886792,8.723,"Sapin pectiné",6752.02,127.396603773585,29.88,3.83,"Famille Irréguliers","futaie régulière",115.879104614258,1.79235827922821,"Plaine"
"FB230035542",33,853501,1095.58,12093.87,11.038783110316,1095.58,8151.11,7.4399952536556,1095.58,0,0,18.4787783639716,20244.98,915,25.8360655737705,0.492639344262293,55.4139999999998,"Hêtre",48580.62,53.0935737704918,38.64,15.06,"Famille Amélioration","futaie régulière",111.797775268555,1.17230486869812,"Plaine"
"FB230037875",23,835503,NA,NA,NA,NA,NA,NA,NA,NA,NA,NA,NA,16,41.25,1.88225,2.98,"Charme",24647.664955,1540.4790596875,44.91,1.35,"Famille Coupes Produits Accidentels","Futaie sur souche ou TSF en conversion",219.68147277832,4.19071865081787,"Plaine"
"FB230037899",24,833512,1953.8,18639.25,9.53999897635377,1953.8,11472.16,5.87171665472413,1953.8,0,0,15.4117156310779,30111.41,1977,30.7789580171978,0.657808801213967,153.739000000001,"Pin sylvestre",69748.070000001,35.2797521497223,27.055,51.11,"Famille Amélioration","futaie régulière",121.727058410645,0.829026639461517,"Plaine"
"FB230038654",23,835503,755.178,9092.34,12.0399958685237,755.178,7204.4,9.5400024894793,755.178,0,0,21.579998358003,16296.74,447,45.6711409395973,1.88054809843401,76.1899999999999,"Chêne sessile ou pédonculé",124307.694768,278.093276885906,73.56,16.57,"Famille Régénération","Futaie sur souche ou TSF en conversion",258.247100830078,2.31752371788025,"Plaine"
"FB230039851",26,833502,NA,NA,NA,NA,NA,NA,NA,NA,NA,NA,NA,31,67.4193548387097,2.93732258064516,11.47,"Chêne sessile ou pédonculé",54989,1773.83870967742,161.96,1,"Famille Coupes Produits Accidentels","futaie régulière",123.556167602539,1.1935544013977,"Plaine"
"FB230040067",24,833513,620,6032.6,9.73,620,3906,6.3,620,0,0,16.03,9938.6,544,27.7113970588235,0.561998161764704,34.399,"Pin sylvestre",23723.7700000001,43.6098713235296,38.04,8.74,"Famille Amélioration","futaie régulière",141.246490478516,0.55627316236496,"Plaine"
"FB230040804",33,853501,1592.64,18000.56,11.3023407675306,1592.64,11849.25,7.4400052742616,1592.64,0,0,18.7423460417922,29849.81,1383,26.0267534345625,0.475609544468549,80.4589999999995,"Hêtre",69266.68,50.0843673174259,55.975,14.85,"Famille Amélioration","futaie irrégulière",199.332366943359,5.55961799621582,"Plaine"
"FB230040814",33,853501,564.17,6183.79,10.9608628604853,564.17,4231.28,7.50000886257688,564.17,0,0,18.4608717230622,10415.07,417,36.4388489208633,1.21745083932854,51.6439999999999,"Hêtre",27471.55,65.8790167865707,116.51,6.33,"Famille Coupes d'Emprise","futaie régulière",221.344604492188,0.624051809310913,"Plaine"
"FB230040826",33,853501,1018.35,11440.02,11.2338783325968,1018.35,7637.63,7.50000490990328,1018.35,0,0,18.7338832425001,19077.65,265,47.377358490566,1.96572452830189,50.928,"Hêtre",62285.4274099999,235.039348716981,47.31,15.37,"Famille Amélioration","futaie régulière",208.133605957031,5.47307538986206,"Plaine"
"FB230041385",11,853501,1974.6,10751.87,5.44508761268105,1974.6,7977.55,4.04008406765927,1974.6,0,0,9.48517168034032,18729.42,309,45.9061488673139,1.74954045307444,53.6189999999999,"Douglas",59002.32,190.946019417476,82.16,7.5,"Famille Amélioration","futaie régulière",142.78059387207,4.55115509033203,"Plaine"
"FB230041564",72,853501,560.73,7526.95,13.423483673069,560.73,4476.61,7.98353931482175,560.73,0,0,21.4070229878908,12003.56,131,57.9389312977099,3.47865648854962,39.034,"Hêtre",39590.751362,302.219476045802,51.5666666666667,16.92,"Famille Amélioration","futaie régulière",159.20051574707,1.39639532566071,"Plaine"
"FB230041758",32,853501,716.95,8632.08,12.0400027895948,716.95,5628.06,7.85000348699351,716.95,0,0,19.8900062765883,14260.14,251,56.3745019920319,3.6933266932271,66.49,"Hêtre",53870.33,214.622828685259,76.84,15.22,"Famille Amélioration","futaie régulière",157.639221191406,4.95051956176758,"Plaine"
"FB230041762",32,853501,600.45,6870.88,11.4428845032892,600.45,4236.87,7.05615788158881,600.45,0,0,18.499042384878,11107.75,288,36.6145833333333,1.12995833333333,33.563,"Charme",28676.4,99.5708333333334,75.57,5.47,"Famille Amélioration","futaie régulière",174.426391601562,2.42293620109558,"Plaine"
"FB230043072",24,833512,3640.9,36458.59,10.0136202587272,3640.9,20659.37,5.67424812546348,3640.9,0,0,15.6878683841907,57117.96,4340,27.5668202764977,0.526344930875557,287.885000000008,"Pin sylvestre",134243.650000002,30.9317165898623,25.68625,97.88,"Famille Amélioration","futaie régulière",130.007247924805,0.554031372070312,"Plaine"
"FB230043591",11,853501,1543.9,19344.96,12.5299306949932,1543.9,11691.74,7.57286093658916,1543.9,0,0,20.1027916315824,31036.7,237,62.9957805907173,4.39448101265823,76.3509999999999,"Hêtre",89814.94,378.965991561181,62.41,22.78,"Famille Régénération","futaie régulière",155.373306274414,3.61329531669617,"Plaine"
"FB230043592",11,853501,784.49,10086.51,12.8574105469796,784.49,6074.47,7.74320896378539,784.49,0,0,20.600619510765,16160.98,209,53.8516746411483,2.88974641148325,49.076,"Hêtre",45875.441303,219.49971915311,55.13,14.62,"Famille Amélioration","futaie régulière",155.703887939453,4.1636757850647,"Plaine"
"FB230043612",11,853501,257.99,3276.47,12.6999883716423,257.99,2118.1,8.21000813985038,257.99,0,0,20.9099965114927,5394.57,230,71.2173913043478,6.05214782608695,94.819,"Hêtre",58472.84957,254.22978073913,118.25,16.47,"Famille Régénération","futaie régulière",157.051864624023,2.47684526443481,"Plaine"
"FB230043617",11,853501,1102.06,14223.25,12.9060577464022,1102.06,8503.53,7.71603179500209,1102.06,0,0,20.6220895414043,22726.78,129,72.9457364341085,6.08629457364342,55.5680000000001,"Hêtre",67973.09,526.923178294574,75.19,14.46,"Famille Régénération","futaie régulière",189.230834960938,1.23007392883301,"Plaine"
"FB230043624",30,853501,12.08,184.82,15.2996688741722,12.08,92.41,7.64983443708609,12.08,0,0,22.9495033112583,277.23,77,67.987012987013,5.18272727272727,29.391,"Hêtre",3671.375102,47.6801961298701,91.64,6,"Famille Régénération","futaie régulière",173.735305786133,1.59846484661102,"Plaine"
"FB230043629",11,853501,112.67,1394.85,12.3799591728055,112.67,902.49,8.01002928907429,112.67,0,0,20.3899884618798,2297.34,88,50.1704545454545,3.022,18.175,"Hêtre",7472.07,84.9098863636364,39.76,8.8,"Famille Amélioration","futaie régulière",160.207763671875,5.97410774230957,"Plaine"
"FB230043635",32,853501,149.56,1800.7,12.0399839529286,149.56,1174.05,7.85002674511902,149.56,0,0,19.8900106980476,2974.75,122,42.9918032786885,1.95809836065574,18.712,"Hêtre",17353.590164,142.242542327869,30.57,10.11,"Famille Amélioration","futaie régulière",170.49201965332,3.36557269096375,"Plaine"
"FB230043638",30,853501,27.45,419.99,15.3001821493625,27.45,209.99,7.64990892531876,27.45,0,0,22.9500910746812,629.98,71,55.3521126760563,3.76974647887324,18.604,"Hêtre",8656.956203,121.928960605634,47.27,7.6,"Famille Régénération","futaie régulière",159.956436157227,3.64957904815674,"Plaine"
"FB230043642",11,853501,643.29,8151.55,12.6716566400846,643.29,4819.97,7.49268603584697,643.29,0,0,20.1643426759315,12971.52,58,73.6206896551724,6.20551724137931,25.422,"Chêne sessile ou pédonculé",55201.667843,951.752893844828,86.01,5.7,"Famille Régénération","futaie régulière",136.20881652832,2.00996541976929,"Plaine"
"FB230043653",11,853501,259.54,3296.16,12.7000077059413,259.54,2130.82,8.20998689989982,259.54,0,0,20.9099946058411,5426.98,291,64.6735395189003,5.23637800687285,100.6,"Hêtre",57368.04844,197.141059931271,169.89,12.14,"Famille Régénération","futaie régulière",153.290893554688,3.12146544456482,"Plaine"
"FB230043788",30,853501,140.09,2143.38,15.3000214148048,140.09,1071.69,7.65001070740238,140.09,0,0,22.9500321222072,3215.07,228,47.7631578947368,2.07502192982456,43.8410000000001,"Hêtre",13933.59,61.1122368421053,32.365,17.77,"Famille Amélioration","futaie régulière",158.650009155273,8.42479038238525,"Plaine"
"FB230045111",53,844009,164.058,2093.38,12.7599995123676,164.058,1435.51,8.75001523851321,164.058,328.12,2.00002438162113,23.5100391325019,3857.01,255,59.5490196078431,3.83224705882353,73.555,"Sapin pectiné",68221.9199999999,267.53694117647,155.023333333333,8,"Famille Régénération","futaie régulière",707.178283691406,6.19291830062866,"Montagne"
"FB230045481",11,853501,171.73,2268.31,13.2085832411343,171.73,1296.04,7.54696325627439,171.73,0,0,20.7555464974087,3564.35,140,35.75,1.35761428571429,16.767,"Erable sycomore",7270.86,51.9347142857143,304.81,0.8,"Famille Régénération","futaie régulière",141.483535766602,4.34591054916382,"Plaine"
"FB230045486",11,853501,1422.33,18416.5,12.9481203377557,1422.33,10941.3,7.6925186138238,1422.33,0,0,20.6406389515794,29357.8,305,51.7377049180328,2.79497377049181,71.5830000000001,"Hêtre",82901.33,271.807639344262,62.51,19.12,"Famille Amélioration","futaie régulière",144.569046020508,5.04465913772583,"Plaine"
"FB230046328",91,835509,143,1947.66,13.62,143,1431.43,10.01,143,0,0,23.63,3379.09,94,52.5,1.8611914893617,21.393,"Chêne sessile ou pédonculé",10775.352029,114.63140456383,26.02,11,"Famille Régénération","Futaie sur souche ou TSF en conversion",157.301574707031,1.08310520648956,"Plaine"
"FB230046336",38,835509,340.28,5818.79,17.1000058775126,340.28,2518.07,7.39999412248736,340.28,0,0,24.5,8336.86,909,17.3157315731573,0.209210121012101,23.009,"Chêne sessile ou pédonculé",5731.53,6.30531353135313,27.83,7,"Famille Amélioration","futaie régulière",175.959014892578,1.59595608711243,"Plaine"
"FB230048594",81,833502,516.3,5994.24,11.6099941894248,516.3,3252.69,6.3,516.3,0,0,17.9099941894248,9246.93,1436,19.5926183844011,0.310563370473538,57.4309999999999,"Charme",18763.8,13.066713091922,31.77,17.09,"Famille Amélioration","futaie régulière",135.964279174805,2.03471088409424,"Plaine"
"FB230050020",30,853501,39.18,599.45,15.2998979070955,39.18,299.73,7.65007656967841,39.18,0,0,22.9499744767739,899.18,39,59.6153846153846,3.41117948717949,11.847,"Hêtre",12896.376577,330.676322487179,46.02,4.25,"Famille Amélioration","futaie régulière",112.378196716309,10.5083103179932,"Plaine"
"FB230050459",11,853501,1515.9,19548.55,12.8956725377663,1515.9,10208.57,6.73432944125602,1515.9,0,0,19.6300019790224,29757.12,2346,22.2953964194373,0.39978687127025,99.9300000000016,"Hêtre",62049.19,26.4489300937766,48.2625,24.01,"Famille Amélioration","futaie régulière",176.228713989258,2.54874157905579,"Plaine"
"FB230050466",11,853501,1681.42,21588.47,12.8394273887547,1681.42,11417.8,6.79056987546241,1681.42,0,0,19.6299972642172,33006.27,1278,30.669014084507,0.820233959311423,102.223,"Hêtre",79783.73,62.4285837245696,42.505,30.28,"Famille Amélioration","futaie régulière",196.623809814453,1.72371768951416,"Plaine"
"FB230052410",30,853501,16.41,251.07,15.2998171846435,16.41,125.54,7.65021328458257,16.41,0,0,22.9500304692261,376.61,123,60.5691056910569,3.68704065040651,37.973,"Hêtre",1705.558766,13.8663314308943,53.88,11.53,"Famille Régénération","futaie régulière",106.01180267334,11.5663757324219,"Plaine"
"FB230052536",64,833502,2079.4,23892.31,11.4900019236318,2109.6,14387.47,6.81999905195298,2109.6,0,0,18.3100009755848,38279.78,1470,25.5646258503401,0.528727891156465,95.2439999999997,"Chêne sessile ou pédonculé",73525.09,50.0170680272109,30.935,35,"Famille Coupes d'Emprise","futaie régulière",130.37077331543,1.72397303581238,"Plaine"
"FB230052662",48,835509,597.727,8511.63,14.2399958509487,597.727,6138.66,10.2700062068469,597.727,0,0,24.5100020577956,14650.29,459,45.0871459694989,1.26283224400872,79.612,"Chêne sessile ou pédonculé",68955.617622,150.230103751634,24.425,35.8,"Famille Amélioration","taillis sous futaie",162.962890625,0.471131801605225,"Plaine"
"FB230052666",47,835509,566.673,7650.09,13.5000079410877,566.676,5406.09,9.54000169408974,566.676,0,0,23.0400096351775,13056.18,385,47.6233766233766,1.6460025974026,72.9259999999999,"Chêne sessile ou pédonculé",106553.051378,276.761172410389,62.715,20.93,"Famille Régénération","taillis sous futaie",158.833587646484,0.963275134563446,"Plaine"
"FB230052667",114,835509,600,8442,14.07,380,2907,7.65,380,0,0,21.72,11349,385,47.6233766233766,1.6460025974026,72.9259999999999,"Chêne sessile ou pédonculé",NA,NA,62.715,20.93,"Famille Régénération","taillis sous futaie",158.833587646484,0.963275134563446,"Plaine"
"FB230053301",107,832503,2707,25877.01,9.55929442186923,2707,15184.18,5.60922792759512,2707,0,0,15.1685223494644,41061.19,7059,20.0722481937952,0.290257968550788,269.207000000001,"Epicéa de sitka",110993.16,15.7236379090523,67.8245454545455,59.98,"Famille Amélioration","futaie régulière",152.482727050781,4.75413656234741,"Plaine"
"FB230054231",83,832006,396.196,4651.34,11.7399973750366,396.196,3961.96,10,396.196,0,0,21.7399973750366,8613.3,641,33.2683307332293,1.11607488299532,72.1029999999999,"Feuillu dur",78726.89,122.818861154446,36.3266666666667,33.16,"Famille Régénération","futaie régulière",77.1056671142578,7.42262983322144,"Plaine"
"FB230054475",21,880509,817.119,9767.87,11.9540360706335,817.119,9767.87,11.9540360706335,817.119,0,0,23.9080721412671,19535.74,1350,26.7074074074074,0.561545925925922,86.0960000000004,"Feuillu dur",87415.658529,64.7523396511111,29.85,32.43,"Famille Irréguliers","futaie irrégulière",265.529815673828,2.22533869743347,"Plaine"
"FB230054599",2,884505,2000,29250,14.625,2000,56000,28,2000,6100,3.05,45.675,91350,721,55.4091539528433,3.28694174757283,183.778999999999,"Epicéa commun",135804.3,188.355478502081,218.755,12.5,"Famille coupes sanitaires","futaie irrégulière",1022.54595947266,29.0412502288818,"Montagne"
"FB230054915",4,883505,118,1248.44,10.58,118,660.8,5.6,118,0,0,16.18,1909.24,94,37.0212765957447,0.961085106382978,10.437,"Epicéa commun",4194,44.6170212765957,236.36,0.5,"Famille Coupes Produits Accidentels","futaie régulière",896.158630371094,18.8726806640625,"Montagne"
"FB230055143",125,832009,388.085,4657.02,12,388,4787.92,12.34,388,0,0,24.34,9444.94,268,44.8694029850746,1.75760820895522,46.7359999999999,"Chêne sessile ou pédonculé",84805.863247,316.439788235075,81.2825,10.87,"Famille Régénération","futaie régulière",39.5218162536621,1.0066112279892,"Plaine"
"FB230055858",21,880509,154.35,2083.73,13.5000323939099,154.35,2083.73,13.5000323939099,154.35,0,0,27.0000647878199,4167.46,668,29.3787425149701,0.649552395209582,51.3169999999998,"Feuillu dur",13305.411471,19.9182806452096,29.38,19.37,"Famille Irréguliers","futaie irrégulière",262.545074462891,3.02153396606445,"Plaine"
"FB230056136",25,833512,287.1,2960.26,10.3109021246952,287.1,2408.97,8.39070010449321,287.1,0,0,18.7016022291884,5369.23,1251,19.9320543565148,0.349921662669864,56.341,"Feuillu dur",72269.866658,57.7696775843325,28.33,21.31,"Famille Coupes d'Emprise","Futaie sur souche ou TSF en conversion",134.269668579102,1.36138069629669,"Plaine"
"FB230056137",25,833512,225.4,2484.59,11.0230257320319,225.4,1994.58,8.84906832298137,225.4,2877.5,12.7661934338953,32.6382874889086,7356.67,659,21.6767830045524,0.485713201820941,38.197,"Feuillu dur",116504.663534,176.790081235205,27.43,18.42,"Famille Coupes d'Emprise","Futaie sur souche ou TSF en conversion",143.134353637695,1.16285037994385,"Plaine"
"FB230056454",28,833512,382,3820,10,382,2483,6.5,382,0,0,16.5,6303,398,33.2035175879397,0.741650753768844,36.161,"Pin maritime",11723.4,29.4557788944724,41.72,7.81,"Famille Amélioration","futaie régulière",131.441314697266,0.859724164009094,"Plaine"
"FB230056485",52,835503,454,6265.2,13.8,454,3087.2,6.8,454,0,0,20.6,9352.4,599,21.4357262103506,0.394619365609349,23.4180000000001,"Chêne sessile ou pédonculé",14514.49,24.2312020033389,10.375,25.42,"Famille Amélioration","futaie régulière",251.823272705078,2.54188942909241,"Plaine"
"FB230056803",26,833502,426.95,5371.03,12.5799976578054,426.95,3897.39,9.12844595385876,426.95,805,1.8854666822813,23.5939102939454,10073.42,317,43.3438485804416,1.36944794952681,49.288,"Chêne sessile ou pédonculé",71630.8184,225.96472681388,41.27,14.61,"Famille Régénération","taillis sous futaie",126.045959472656,0.587679743766785,"Plaine"
"FB230057027",126,879017,60.336,965.38,16.0000662954124,60.336,965.38,16.0000662954124,60.336,0,0,32.0001325908247,1930.76,646,23.2198142414861,0.319913312693498,30.766,"Chêne sessile ou pédonculé",20191.73,31.2565479876161,20.3233333333333,13,"Famille Amélioration","taillis sous futaie",552.300170898438,15.43212890625,"Plaine"
"FB230057028",127,879001,903.38,10425.01,11.5400053133786,1487,17918.35,12.05,1487,1310,0.880968392737055,24.4709737061157,29653.36,1414,33.6386138613861,0.997958274398863,146.269000000001,"Hêtre",92668.45,65.5363861386139,76.88,28.51,"Famille Irréguliers","futaie irrégulière",607.107299804688,23.345121383667,"Montagne"
"FB230057046",81,833502,1067.8,12450.55,11.6600018730099,1067.8,8542.4,8,1067.8,0,0,19.6600018730099,20992.95,1603,19.4884591391142,0.306676232064879,67.5779999999999,"Charme",28530.21,17.7980099812851,30.485,22.08,"Famille Amélioration","taillis sous futaie",116.500190734863,0.936874508857727,"Plaine"
"FB230057066",55,833512,100,1424,14.24,92.8,580,6.25,92.8,0,0,20.49,2004,67,47.089552238806,1.50659701492537,12.674,"Chêne sessile ou pédonculé",3154.11,47.0762686567164,30.11,5.65,"Famille Régénération","taillis sous futaie",127.913238525391,0.924216628074646,"Plaine"
"FB230057067",55,833512,88.4,1170.42,13.2400452488688,88.4,799.14,9.04004524886878,88.4,0,0,22.2800904977376,1969.56,67,47.089552238806,1.50659701492537,12.674,"Chêne sessile ou pédonculé",18681.01637,278.821139850746,30.11,5.65,"Famille Régénération","taillis sous futaie",127.913238525391,0.924216628074646,"Plaine"
"FB230057651",33,853501,891.52,9339.31,10.4757156317301,891.52,6499.18,7.28999910265614,891.52,0,0,17.7657147343862,15838.49,232,48.2327586206897,2.10628879310345,47.299,"Hêtre",55764.25504,240.363168275862,47.21,13.81,"Famille Amélioration","futaie régulière",217.771423339844,0.38709157705307,"Plaine"
"FB230058145",44,833513,274.5,3266.55,11.9,316.7,2524.88,7.97246605620461,316.7,687.5,2.17082412377644,22.0432901799811,6478.93,361,43.8504155124654,1.60390304709141,61.0229999999999,"Pin sylvestre",61126.478495,169.325425193906,31.76,23.33,"Famille Amélioration","taillis sous futaie",151.257369995117,1.47133791446686,"Plaine"
"FB230058471",24,833513,195,1969.5,10.1,195,1093.95,5.61,195,0,0,15.71,3063.45,1757,13.7990893568583,0.105991462720546,28.724,"Pin laricio",5667.6,3.22572566875356,26.69,7.14,"Famille Amélioration","futaie régulière",142.643096923828,0.962289214134216,"Plaine"
"FB230058480",24,833513,2954,28360.92,9.60085308056872,2954,17436.72,5.90274881516588,2954,0,0,15.5036018957346,45797.64,7792,19.9525154004107,0.356282597535936,314.860999999993,"Pin laricio",120700.870000001,15.4903580595484,36.4025,83.68,"Famille Amélioration","futaie régulière",152.918487548828,1.40180158615112,"Plaine"
"FB230058958",30,853501,65.29,998.94,15.3000459488436,65.29,499.47,7.65002297442181,65.29,0,0,22.9500689232654,1498.41,149,66.5771812080537,5.11372483221476,54.615,"Hêtre",20077.693439,134.749620395973,66.26,15.78,"Famille Régénération","futaie régulière",130.533767700195,2.79695439338684,"Plaine"
"FB230058961",30,853501,58.63,897.04,15.3000170561146,58.63,448.52,7.65000852805731,58.63,0,0,22.9500255841719,1345.56,107,63.5981308411215,4.67636448598131,36.485,"Hêtre",18752.058328,175.252881570093,91.2,7.5,"Famille Régénération","futaie régulière",119.129119873047,3.86932802200317,"Plaine"
"FB230059066",27,833502,870.2,10285.76,11.8199954033556,870.2,6091.4,7,870.2,0,0,18.8199954033555,16377.16,681,45.3010279001468,1.47289427312775,113.484,"Chêne sessile ou pédonculé",3200,4.69897209985316,58.3333333333333,25,"Famille Amélioration","taillis sous futaie",135.482986450195,1.69975984096527,"Plaine"
"FB230059545",47,835509,NA,NA,NA,NA,NA,NA,NA,NA,NA,NA,NA,9,53.3333333333333,2.31688888888889,2.174,"Chêne sessile ou pédonculé",945.7,105.077777777778,1.075,31.61,"Famille Coupes Produits Accidentels","Futaie sur souche ou TSF en conversion",174.516159057617,1.16824507713318,"Plaine"
"FB230059587",22,833512,565,7243.3,12.82,775,6002.5,7.74516129032258,775,910,1.1741935483871,21.7393548387097,14155.8,694,25.1080691642651,0.506276657060518,45.4749999999999,"Charme",107245.734866,154.532759172911,31.73,20.43,"Famille Irréguliers","taillis sous futaie",125.575614929199,0.833508849143982,"Plaine"
"FB230060046",26,833502,275.4,3199.75,11.6185548293391,275.3,2762.09,10.0330185252452,275.3,1712.5,6.22048674173629,27.8720600963206,7674.34,1683,20.1307189542484,0.324234105763518,75.0660000000001,"Charme",87951.539255,52.2587874361259,36.7533333333333,23.72,"Famille Amélioration","taillis sous futaie",117.214088439941,0.94327849149704,"Plaine"
"FB230060770",22,833512,137.7,1781.84,12.9400145243282,137.7,1229.66,8.92999273783588,137.7,150,1.08932461873638,22.9593318809005,3161.5,199,30.3768844221106,0.806653266331658,18.941,"Chêne sessile ou pédonculé",21336.293998,107.217557778895,62.2,3.98,"Famille Régénération","taillis sous futaie",130.299209594727,0.345485121011734,"Plaine"
"FB230060772",22,833512,NA,NA,NA,NA,NA,NA,NA,NA,NA,NA,NA,168,19.5833333333333,0.291482142857143,6.607,"Chêne sessile ou pédonculé",2129.84,12.677619047619,19.52,3.23,"Famille Amélioration","futaie régulière",130.454940795898,0.340409100055695,"Plaine"
"FB230061085",117,832009,1073.512,9052.12,8.4322485449627,1073.512,6612.84,6.1600056636535,1073.512,0,0,14.5922542086162,15664.96,427,47.4473067915691,2.02831615925059,79.432,"Pin maritime",39262.38,91.9493676814988,319.32,3,"Famille Régénération","futaie régulière",43.2891006469727,1.05389404296875,"Plaine"
"FB230061132",117,832009,3125.638,31084.59,9.94503842095598,3125.638,18753.83,6.00000063986936,3125.638,0,0,15.9450390608253,49838.42,1388,33.328530259366,0.944089337175798,130.276000000001,"Pin maritime",130347.81,93.9105259365994,46.67,31.71,"Famille Amélioration","futaie régulière",42.3738555908203,0.548297703266144,"Plaine"
"FB230061302",55,833513,61.36,807.5,13.1600391134289,61.36,605.01,9.86000651890482,61.36,0,0,23.0200456323338,1412.51,688,26.6787790697674,0.575760174418603,45.1199999999998,"Chêne sessile ou pédonculé",28741.669988,41.775683122093,67.04,7.06,"Famille Amélioration","taillis sous futaie",135.931106567383,0.880445718765259,"Plaine"
"FB230061921",32,853501,1345.58,7841.23,5.82739785074094,2018.37,5678.63,2.81347324821514,2018.37,0,0,8.64087109895609,13519.86,407,34.9017199017199,1.12102211302212,43.2269999999999,"Charme",34329.74,84.3482555282555,31.82,18.7,"Famille Amélioration","futaie régulière",159.025482177734,9.84302711486816,"Plaine"
"FB230062161",27,833502,1490.65,20952.98,14.0562707543689,1632.83,12672.99,7.76136523704244,1632.83,632.5,0.387364269397304,22.2050002608086,34258.47,802,38.8029925187032,1.06315835411471,104.177,"Chêne sessile ou pédonculé",172125.592136,214.620439072319,20.72,42.45,"Famille Amélioration","futaie régulière",129.697799682617,0.669930458068848,"Plaine"
"FB230062234",24,833513,2409,22981.86,9.54,2409,13514.49,5.61,2409,0,0,15.15,36496.35,4049,26.8164979007162,0.5167110397629,246.828000000003,"Pin sylvestre",81515.6799999993,20.1322993331685,44.795,57.33,"Famille Amélioration","futaie régulière",139.522171020508,0.90245532989502,"Plaine"
"FB230062280",26,833502,NA,NA,NA,NA,NA,NA,NA,NA,NA,NA,NA,702,31.7094017094017,0.758301994301995,60.4059999999998,"Pin sylvestre",29758.318935,42.3907677136753,16.45,22.95,"Famille Amélioration","futaie régulière",136.328369140625,1.50942802429199,"Plaine"
"FB230062319",48,835509,NA,NA,NA,NA,NA,NA,NA,NA,NA,NA,NA,4,60,2.3145,1.175,"Chêne sessile ou pédonculé",1281.28175,320.3204375,2.78,5.56,"Famille Coupes Produits Accidentels","taillis sous futaie",160.540008544922,1.16919434070587,"Plaine"
"FB230062369",114,835509,293.146,3921.99,13.3789647479413,143.146,1606.1,11.2200131334442,143.146,0,0,24.5989778813855,5528.09,63,53.7301587301587,2.41342857142857,14.772,"Chêne sessile ou pédonculé",44133.082389,700.525117285714,9.46,24.8,"Famille Coupes Produits Accidentels","Futaie sur souche ou TSF en conversion",174.692916870117,2.57752776145935,"Plaine"
"FB230062371",48,835509,107.347,1570.49,14.6300315798299,107.347,983.3,9.16001378706438,107.347,0,0,23.7900453668943,2553.79,49,49.6938775510204,1.97083673469388,9.71299999999999,"Chêne sessile ou pédonculé",12068.693847,246.299874428572,2.44,58.48,"Famille Coupes Produits Accidentels","futaie régulière",171.868988037109,1.02790093421936,"Plaine"
"FB230062373",129,835509,168.027,2352.38,14.0000119028489,168.027,1885.26,11.219982502812,168.027,0,0,25.219994405661,4237.64,88,54.8863636363636,2.29889772727273,21.748,"Chêne sessile ou pédonculé",33094.125941,376.069612965909,8.795,43.93,"Famille Coupes Produits Accidentels","taillis sous futaie",174.410263061523,0.640407979488373,"Plaine"
"FB230062375",129,835509,196.109,2745.53,14.0000203968201,196.109,2200.34,11.219984804369,196.109,0,0,25.2200052011891,4945.87,94,58.5106382978723,2.78578723404255,26.297,"Chêne sessile ou pédonculé",35780.710765,380.645859202128,10.245,44.02,"Famille Coupes Produits Accidentels","Futaie sur souche ou TSF en conversion",175.9775390625,0.674594402313232,"Plaine"
"FB230062678",30,853501,23.26,355.88,15.3000859845228,23.26,177.94,7.65004299226139,23.26,0,0,22.9501289767842,533.82,209,44.066985645933,1.671,33.9890000000001,"Hêtre",2705.320954,12.9441193971292,49.98,9.54,"Famille Amélioration","futaie régulière",135.415466308594,5.06547594070435,"Plaine"
"FB230063182",25,833502,1475.28,17142.74,11.619990781411,1345.28,9793.79,7.28011269029496,1345.28,1720,1.27854424357755,20.1786477152835,28656.53,1440,17.8993055555556,0.273399305555556,55.988,"Charme",118133.3037,82.0370164583334,27.87,23.06,"Famille Irréguliers","taillis sous futaie",124.616638183594,0.726877927780151,"Plaine"
"FB230063264",26,833512,NA,NA,NA,NA,NA,NA,NA,NA,NA,NA,NA,236,45.4237288135593,1.61481779661017,43.111,"Chêne sessile ou pédonculé",114843.06236,486.62314559322,18.12,31.65,"Famille Amélioration","Futaie sur souche ou TSF en conversion",139.357925415039,1.10991930961609,"Plaine"
"FB230063271",27,833502,858.09,10102.62,11.7733804146418,843.56,5674.86,6.72727488264024,843.56,990,1.1735976101285,19.6742529074106,16767.48,1405,17.8362989323843,0.257731672597865,54.149,"Charme",80339.718098,57.1812940199288,28.29,19.05,"Famille Coupes d'Emprise","taillis sous futaie",131.954696655273,0.632310450077057,"Plaine"
"FB230063301",113,853501,312.29,3931.73,12.589996477633,418.23,2429.37,5.80869378093394,418.23,0,0,18.3986902585669,6361.1,827,18.8391777509069,0.247227327690447,24.039,"Pin sylvestre",13444.76,16.2572672309553,42.2366666666667,4.24,"Famille Amélioration","futaie régulière",149.927719116211,6.71527624130249,"Plaine"
"FB230063590",30,853501,3.95,60.44,15.3012658227848,3.95,30.22,7.6506329113924,3.95,0,0,22.9518987341772,90.66,103,56.7961165048544,2.89534951456311,27.168,"Hêtre",398.72,3.87106796116505,47.19,9.03,"Famille Amélioration","futaie régulière",169.398651123047,8.92403507232666,"Plaine"
"FB230063596",57,853501,587.05,6915.99,11.7809215569372,587.05,4177.85,7.11668512051784,587.05,0,0,18.8976066774551,11093.84,117,55.5128205128205,2.83364102564103,30.611,"Hêtre",38391.46,328.132136752137,39.96,11.81,"Famille Amélioration","futaie régulière",188.390686035156,3.75820875167847,"Plaine"
"FB230063626",24,833513,1374,13186.36,9.5970596797671,1374,7786.54,5.6670596797671,1374,0,0,15.2641193595342,20972.9,2114,27.232734153264,0.606782403027436,144.991000000001,"Pin laricio",49534.4199999995,23.4316083254492,35.6066666666667,40.42,"Famille Amélioration","futaie régulière",135.806640625,0.78304523229599,"Plaine"
"FB230063816",11,853501,37.29,448.97,12.0399570930544,37.29,292.73,7.85009385894342,37.29,0,0,19.8900509519979,741.7,54,34.0740740740741,1.13812962962963,6.131,"Charme",2867.73,53.1061111111111,156.8,0.5,"Famille Coupes Produits Accidentels","futaie régulière",126.608367919922,10.8239870071411,"Plaine"
"FB230063988",33,853501,938.18,9918.48,10.5720437442708,1652.44,6965.04,4.21500326789475,1652.44,0,0,14.7870470121656,16883.52,775,27.9290322580645,0.555723870967744,51.5169999999998,"Hêtre",20142.43,25.9902322580645,46.73,11.85,"Famille Amélioration","futaie régulière",128.564819335938,6.46981382369995,"Plaine"
"FB230063990",33,853501,110.2,1194.57,10.8400181488203,110.2,803.36,7.29001814882033,110.2,0,0,18.1300362976407,1997.93,107,28.1308411214953,0.602364485981309,7.071,"Chêne sessile ou pédonculé",4575.2,42.7588785046729,47.37,1.69,"Famille Amélioration","futaie régulière",111.853538513184,9.20231056213379,"Plaine"
"FB230064725",55,833513,150.89,1741.85,11.5438398833587,150.89,1397.93,9.26456358936974,150.89,0,0,20.8084034727285,3139.78,1698,18.1272084805654,0.232724970553591,53.9939999999996,"Charme",20551.812703,12.1035410500589,32.58,14.18,"Famille Amélioration","taillis sous futaie",142.964752197266,1.14163148403168,"Plaine"
"FB230064732",55,833513,219.79,2195.07,9.98712407297875,219.76,1725.92,7.85365853658536,219.76,0,0,17.8407826095641,3920.99,1524,17.0603674540682,0.244925196850394,48.976,"Charme",26054.272907,17.095979597769,32.91,12.33,"Famille Amélioration","taillis sous futaie",146.977600097656,1.11030340194702,"Plaine"
"FB230064897",89,883503,675,6750,10,675,4050,6,675,2700,4,20,13500,369,35.2710027100271,1.05064227642276,39.904,"Epicéa commun",30985.95,83.9727642276423,646.64,0.75,"Famille Coupes Produits Accidentels","futaie régulière",1187.68481445312,24.232084274292,"Montagne"
"FB230065996",25,833512,592.8,7404.07,12.4899966261808,592.8,4112.03,6.93662280701754,592.8,0,0,19.4266194331984,11516.1,4582,15.4604975993016,0.16223134002619,110.600000000001,"Feuillu dur",7403.09,1.61568965517241,32.695,21.43,"Famille Irréguliers","taillis sous futaie",138.345886230469,1.24311459064484,"Plaine"
"FB230066128",25,833512,399.2,4306.28,10.7872745490982,118.2,937.61,7.9324027072758,118.2,0,0,18.719677256374,5243.89,5073,16.4744726986004,0.190137788290954,140.499000000002,"Feuillu dur",114294.274372,22.5299180705696,30.11,34.43,"Famille Irréguliers","taillis sous futaie",137.936050415039,1.3270571231842,"Plaine"
"FB230066946",116,832009,685.009,8220.11,12.0000029196697,684.916,7301.21,10.6600079425798,684.916,0,0,22.6600108622495,15521.32,282,54.6631205673759,2.73170212765957,70.932,"Chêne sessile ou pédonculé",295334.108412,1047.28407238298,91.0425,11.75,"Famille Régénération","futaie régulière",45.882926940918,0.60522323846817,"Plaine"
"FB230067430",130,853501,55.84,2512.8,45,81.78,531.57,6.5,81.78,0,0,51.5,3044.37,306,23.8725490196078,0.386300653594771,15.675,"Erable sycomore",3145.56,10.2796078431373,46.97,3,"Famille Amélioration","futaie régulière",145.572265625,1.16466891765594,"Plaine"
"FB230067539",41,853501,557.85,5939.46,10.6470556601237,557.85,3679.88,6.59654028860805,557.85,0,0,17.2435959487317,9619.34,106,61.3207547169811,3.39154716981132,32.514,"Hêtre",50346.334134,474.965416358491,41.05,12.8,"Famille Régénération","futaie régulière",161.431716918945,6.82524967193604,"Plaine"
"FB230067549",30,853501,69.58,1064.57,15.2999425122162,69.58,532.29,7.65004311583788,69.58,0,0,22.949985628054,1596.86,99,68.5858585858586,5.40994949494949,38.449,"Hêtre",18558.440548,187.458995434343,51.84,14.27,"Famille Régénération","futaie régulière",151.597183227539,2.92603397369385,"Plaine"
"FB230067565",11,853501,243.37,3131.47,12.8671159140404,243.37,1920.01,7.88926326170029,243.37,0,0,20.7563791757406,5051.48,42,62.7380952380952,4.33433333333334,13.201,"Hêtre",17756.62,422.776666666667,82.18,3,"Famille Régénération","futaie régulière",167.307235717773,1.90048325061798,"Plaine"
"FB230067864",132,853501,65,825.5,12.7,130,591.5,4.55,130,0,0,17.25,1417,13,81.9230769230769,7.23,6.913,"Hêtre",4682.24,360.172307692308,43.86,3,"Famille coupes sanitaires","futaie régulière",166.670181274414,2.84858226776123,"Plaine"
"FB230067869",11,853501,542.41,6974.58,12.8585018712782,542.41,4199.66,7.74259324127505,542.41,0,0,20.6010951125532,11174.24,135,51.1111111111111,3.18097777777778,30.503,"Hêtre",30132.62,223.204592592593,64.55,8.82,"Famille Régénération","futaie régulière",153.844375610352,3.6135904788971,"Plaine"
"FB230068664",25,833512,238,2513.28,10.56,238,2208.64,9.28,238,0,0,19.84,4721.92,187,43.8235294117647,1.32298395721925,29.8680000000001,"Pin sylvestre",13760.14,73.5836363636364,19.55,13.92,"Famille Régénération","taillis sous futaie",129.189529418945,0.867665946483612,"Plaine"
"FB230068674",24,833512,2580.3,25501.42,9.88312211758322,2580.3,15360.84,5.95312173003139,2580.3,0,0,15.8362438476146,40862.26,8609,18.0758508537577,0.208049599256594,251.16700000001,"Pin sylvestre",68899.26,8.00316645371123,25.174,73.91,"Famille Amélioration","futaie régulière",130.985610961914,0.754541873931885,"Plaine"
"FB230068713",25,833512,474.1,5702.56,12.0281797089222,476.7,3924.03,8.23165512901196,476.7,2877.5,6.03629116844976,26.2961260063839,12504.09,111,49.7297297297297,1.91078378378378,23.907,"Chêne sessile ou pédonculé",49167.26213,442.948307477478,28.09,12.77,"Famille Régénération","futaie régulière",130.52165222168,1.92213451862335,"Plaine"
"FB230068757",27,833502,549.9,7118.25,12.9446262956901,575.4,5253.79,9.13067431352103,575.4,5797.5,10.0755995828989,32.15090019211,18169.54,915,34.2841530054645,0.882348633879781,97.5879999999996,"Chêne sessile ou pédonculé",102469.165969,111.988159528962,48.38,27.97,"Famille Régénération","taillis sous futaie",138.951751708984,1.95334553718567,"Plaine"
"FB230069124",33,853501,658.42,7014.06,10.6528659518241,658.42,4898.64,7.43999270982048,658.42,0,0,18.0928586616445,11912.7,71,73.3802816901408,4.30585915492958,30.947,"Hêtre",37616.83,529.814507042253,49.86,8.94,"Famille Régénération","futaie régulière",213.278167724609,1.24794852733612,"Plaine"
"FB230069125",33,853501,289.58,3064.63,10.583016782927,289.58,2154.48,7.44001657573037,289.58,0,0,18.0230333586574,5219.11,51,66.8627450980392,4.08225490196079,18.621,"Hêtre",17414.59,341.462549019608,37.89,8,"Famille Régénération","futaie régulière",219.170394897461,0.25981929898262,"Plaine"
"FB230069126",41,853501,657.44,7177.66,10.9175894378194,657.44,4438.79,6.75162752494524,657.44,0,0,17.6692169627647,11616.45,113,58.5398230088496,3.39946902654867,32.421,"Hêtre",38264.47,338.623628318584,61.81,8.82,"Famille Amélioration","futaie régulière",199.829437255859,4.30569696426392,"Plaine"
"FB230069285",47,835503,340,4821.2,14.18,340,3308.2,9.73,340,0,0,23.91,8129.4,186,49.5161290322581,2.21732795698924,36.8730000000001,"Chêne sessile ou pédonculé",58159.985184,312.688092387097,93.14,6.57,"Famille Régénération","Futaie sur souche ou TSF en conversion",299.016754150391,2.81805086135864,"Plaine"
"FB230069605",24,833512,547.7,5850.57,10.6820704765383,547.7,3072.6,5.61000547745116,547.7,0,0,16.2920759539894,8923.17,591,31.404399323181,0.65105076142132,48.2929999999998,"Pin sylvestre",40027.0399999999,67.7276480541454,20.9566666666667,16.44,"Famille Amélioration","futaie régulière",134.612442016602,0.7161745429039,"Plaine"
"FB230070378",70,834503,7677,70097,9.13078025270288,7677,47857,6.23381529243194,7677,0,0,15.3645955451348,117954,6100,31.6081967213115,0.861641147540952,538.228999999999,"Epicéa commun",394352.21,64.6479032786885,105.155833333333,56.97,"Famille Régénération","futaie régulière",846.787414550781,8.44094944000244,"Montagne"
"FB230070884",30,853501,24.26,371.18,15.3000824402308,24.26,185.59,7.65004122011542,24.26,0,0,22.9501236603463,556.77,163,62.0858895705521,4.42179141104294,50.356,"Hêtre",6464.358908,39.658643607362,80.69,12.32,"Famille Régénération","futaie régulière",151.040802001953,3.20993709564209,"Plaine"
"FB230071269",48,835509,144.808,2118.54,14.6299928180763,144.808,1658.05,11.4499889508867,144.808,0,0,26.079981768963,3776.59,53,52.8301886792453,2.49337735849057,12.03,"Chêne sessile ou pédonculé",17427.197164,328.815040830189,14.05,15.36,"Famille Coupes Produits Accidentels","Futaie sur souche ou TSF en conversion",179.050796508789,1.22022271156311,"Plaine"
"FB230071361",53,844009,1100.208,14904.84,13.547292875529,1100.208,10528.97,9.56998131262452,1100.208,1100.21,1.00000181783808,24.1172760059916,26534.02,88,65.8522727272727,4.81031818181818,30.989,"Sapin pectiné",NA,NA,11.818,42.53,"Famille coupes sanitaires","futaie régulière",703.63427734375,6.35773324966431,"Montagne"
"FB230071365",57,853501,1041.92,12652.88,12.1438114250614,1041.92,7405.85,7.10788736179361,1041.92,0,0,19.251698786855,20058.73,200,53.025,2.765945,51.895,"Hêtre",63980.0186,319.900093,89.07,8.9,"Famille Régénération","futaie régulière",221.020629882812,0.930027723312378,"Plaine"
"FB230071608",11,853501,208.25,2680.95,12.8737094837935,208.25,1610.62,7.73406962785114,208.25,0,0,20.6077791116447,4291.57,37,61.4864864864865,4.17805405405405,11.286,"Hêtre",12137.14,328.030810810811,68.54,3,"Famille coupes sanitaires","futaie régulière",161.4111328125,1.62916028499603,"Plaine"
"FB230071688",25,833512,298.3,3747.53,12.5629567549447,301.5,2380.83,7.89661691542288,301.5,0,0,20.4595736703676,6128.36,1023,26.6862170087977,0.615069403714565,75.7390000000003,"Feuillu dur",5746.63,5.61742913000977,30.355,29.47,"Famille Irréguliers","futaie régulière",130.749328613281,1.15594816207886,"Plaine"
"FB230071689",25,833512,185.5,1725.15,9.3,192,1530.24,7.97,192,0,0,17.27,3255.39,1023,26.6862170087977,0.615069403714565,75.7390000000003,"Feuillu dur",12559.55,12.2771749755621,30.355,29.47,"Famille Irréguliers","futaie régulière",130.749328613281,1.15594816207886,"Plaine"
"FB230071774",41,853501,249.01,2560.97,10.2846070438938,498.02,1787.71,3.5896349544195,498.02,0,0,13.8742419983133,4348.68,53,58.3018867924528,3.03552830188679,14.66,"Hêtre",14039.63912,264.898851320755,27.41,8.34,"Famille Régénération","futaie régulière",201.060928344727,3.88941860198975,"Plaine"
"FB230071775",33,853501,735.21,8257.31,11.2312264523061,735.21,5514.08,7.50000680077801,735.21,0,0,18.7312332530841,13771.39,199,45.9547738693467,1.86320100502513,37.337,"Hêtre",38126.507624,191.590490572864,33.31,15.59,"Famille Irréguliers","futaie régulière",206.213348388672,4.29293727874756,"Plaine"
"FB230071785",57,853501,680.7,8330.29,12.2378287057441,680.7,4705.11,6.91216394887616,680.7,0,0,19.1499926546202,13035.4,135,54.6296296296296,2.69952592592593,33.931,"Hêtre",48213.98864,357.140656592593,107.78,4.85,"Famille Régénération","futaie régulière",173.072372436523,8.6119794845581,"Plaine"
"FB230071788",33,853501,223.94,1295.45,5.78480843082969,223.94,945.02,4.21996963472359,223.94,0,0,10.0047780655533,2240.47,18,65.2777777777778,3.64177777777778,6.1,"Hêtre",6850.68,380.593333333333,53.13,1.78,"Famille Régénération","futaie régulière",164.659561157227,12.1241140365601,"Plaine"
"FB230071820",105,833502,216,2328.48,10.78,216,1354.32,6.27,216,0,0,17.05,3682.8,446,26.1322869955157,0.596535874439462,30.885,"Chêne sessile ou pédonculé",4931.25,11.0566143497758,20.88,14.03,"Famille Coupes d'Emprise","futaie régulière",134.123962402344,0.982081294059753,"Plaine"
"FB230071891",33,853501,427.59,4661.82,10.9025468322458,427.59,3176.99,7.42999134685096,427.59,0,0,18.3325381790968,7838.81,197,45.2791878172589,1.67594416243655,34.138,"Hêtre",23486.157205,119.219072106599,45.17,10.08,"Famille Amélioration","futaie régulière",212.69287109375,1.09883904457092,"Plaine"
"FB230072351",11,853501,499.29,6475.87,12.9701576238258,499.29,3834.65,7.68020589236716,499.29,0,0,20.650363516193,10310.52,77,65.9090909090909,4.9202987012987,27.605,"Hêtre",25537.34,331.653766233766,45.79,11.4,"Famille Régénération","futaie régulière",165.473159790039,2.86333990097046,"Plaine"
"FB230072364",11,853501,378.5,4806.95,12.7,378.5,3107.49,8.21001321003963,378.5,0,0,20.9100132100396,7914.44,103,68.252427184466,5.40125242718447,38.853,"Chêne sessile ou pédonculé",72498.950831,703.873309038835,80.85,9.4,"Famille Régénération","futaie régulière",160.241256713867,2.58982968330383,"Plaine"
"FB230072366",11,853501,336.97,4337.23,12.8712645042585,336.97,2606.62,7.73546606522836,336.97,0,0,20.6067305694869,6943.85,37,75.5405405405405,6.49216216216217,17.022,"Hêtre",27778.520967,750.770836945946,107.26,3.09,"Famille Régénération","futaie régulière",170.965744018555,2.21089816093445,"Plaine"
"FB230072373",32,853501,330.67,4093.69,12.3799860888499,330.67,2648.67,8.01000997973811,330.67,0,0,20.389996068588,6742.36,143,64.020979020979,4.91087412587413,47.133,"Hêtre",28182,197.076923076923,58.92,16.42,"Famille Amélioration","futaie régulière",152.962875366211,4.13674592971802,"Plaine"
"FB230072377",32,853501,446.29,5525.07,12.3799995518609,446.29,3574.78,8.00999350198301,446.29,0,0,20.3899930538439,9099.85,103,58.8834951456311,4.169786407767,29.047,"Hêtre",35121.92,340.989514563107,48.31,12.15,"Famille Amélioration","futaie régulière",137.808135986328,7.20864343643188,"Plaine"
"FB230072908",24,833502,1997,19812.31,9.92103655483225,1997,11475.51,5.74637456184276,1997,0,0,15.667411116675,31287.82,2873,26.5297598329273,0.503518621649842,175.298000000005,"Pin laricio",68243.9199999995,23.7535398538112,30.6625,62.99,"Famille Amélioration","futaie régulière",140.105972290039,1.42084670066833,"Plaine"
"FB230074175",133,883515,278,3356.88,12.0751079136691,278,3336,12,278,0,0,24.0751079136691,6692.88,80,47.4375,2.2568375,15.671,"Epicéa commun",18396,229.95,37.89,5.47,"Famille Irréguliers","futaie irrégulière",922.289245605469,12.6302099227905,"Montagne"
"FB230074356",24,833513,265,2528.1,9.54,265,1486.65,5.61,265,0,0,15.15,4014.75,159,39.2452830188679,1.25594968553459,19.66,"Pin sylvestre",12016.97,75.5784276729562,40.96,5.59,"Famille Régénération","futaie régulière",134.269088745117,0.583345293998718,"Plaine"
"FB230075437",51,833513,613.1,7295.89,11.9,312,1956.24,6.27,312,2637.5,8.45352564102564,26.6235256410256,11889.63,390,32.025641025641,0.997158974358975,41.3429999999999,"Chêne sessile ou pédonculé",109124.661978,279.806825584615,34.175,18.21,"Famille Amélioration","taillis sous futaie",152.175567626953,0.969873428344727,"Plaine"
"FB230075443",51,833513,362.14,4225.87,11.6691610979179,390.14,2821.32,7.23155790229148,390.14,0,0,18.9007190002094,7047.19,270,31.8703703703704,0.962937037037037,29.023,"Chêne sessile ou pédonculé",63083.517736,233.642658281481,60.54,6.26,"Famille Amélioration","taillis sous futaie",146.702606201172,0.488573789596558,"Plaine"
"FB230075682",6,832009,1246.298,30913.73,24.8044448438495,NA,NA,NA,NA,0,0,NA,NA,1287,37.3310023310023,1.323445998446,166.501999999999,"Chêne sessile ou pédonculé",269928.16,209.73439005439,65.27,42.25,"Famille Régénération","futaie régulière",39.5580673217773,0.925034701824188,"Plaine"
"FB230075859",24,833513,818,7987.4,9.76454767726161,818,4772.66,5.83454767726161,818,0,0,15.5990953545232,12760.06,1482,24.4062078272605,0.443432523616734,78.487,"Pin sylvestre",25092.2900000001,16.9313697705804,26.1133333333333,25.2,"Famille Amélioration","futaie régulière",142.460632324219,0.666112303733826,"Plaine"
"FB230076279",33,853501,319.63,3237.85,10.1299940556268,319.63,2378.05,7.4400087601289,319.63,0,0,17.5700028157557,5615.9,138,60,3.0805652173913,43.495,"Hêtre",30371.045788,220.080041942029,50.155,11.93,"Famille Amélioration","futaie régulière",210.340927124023,1.2149316072464,"Plaine"
"FB230077318",24,833513,550,5247,9.54,550,3085.5,5.61,550,0,0,15.15,8332.5,1110,23.5945945945946,0.502688288288288,61.4439999999995,"Pin sylvestre",21171.6200000001,19.0735315315316,21.99,26.9,"Famille Amélioration","futaie régulière",146.891708374023,1.50679624080658,"Plaine"
"FB240000837",11,853501,1555.98,20443.57,13.1387100091261,1555.98,10722.72,6.89129680330081,1555.98,0,0,20.0300068124269,31166.29,1961,24.1356450790413,0.42905099439062,99.2149999999998,"Hêtre",66313.02,33.8159204487506,50.17,20.01,"Famille Amélioration","futaie régulière",161.414932250977,2.31413817405701,"Plaine"
"FB240000843",11,853501,751.63,9961.69,13.2534491704695,233.55,1898.76,8.12999357739242,233.55,0,0,21.3834427478619,11860.45,394,39.6954314720812,1.41431979695431,53.0519999999999,"Hêtre",70696.57,179.432918781726,37.1,19.14,"Famille Amélioration","futaie régulière",86.679313659668,8.17639541625977,"Plaine"
"FB240001057",123,835509,114.166,1552.66,13.6000210220206,114.166,1045.76,9.15999509486187,114.166,0,0,22.7600161168824,2598.42,37,60.6756756756757,3.18116216216216,11.157,"Chêne sessile ou pédonculé",12163.02534,328.730414594595,17.97,10.45,"Famille Coupes Produits Accidentels","Futaie sur souche ou TSF en conversion",175.427764892578,1.14495491981506,"Plaine"
"FB240001059",123,835509,474,6446.4,13.6,474,4341.84,9.16,474,0,0,22.76,10788.24,1039,23.3830606352262,0.642805582290666,66.3090000000004,"Feuillu dur",67010.350052,64.495043360924,101.65,9.44,"Famille Régénération","Futaie sur souche ou TSF en conversion",172.356811523438,1.2053827047348,"Plaine"
"FB240001061",91,835509,496.68,6764.78,13.61999677861,500,5040,10.08,500,0,0,23.69999677861,11804.78,2226,23.4928122192273,0.537701707097936,137.099000000004,"Feuillu dur",115373.223545,51.8298398674753,101.12,17.2,"Famille Régénération","Futaie sur souche ou TSF en conversion",168.155227661133,1.46475160121918,"Plaine"
"FB240001224",39,835509,1879.317,27463.73,14.6136761387249,854.26,6535.09,7.6500011706038,854.26,20762.84,24.3050593496125,46.5687366589412,54761.66,4282,26.0450723960766,0.639261326482908,327.007999999976,"Feuillu dur",281810.616088,65.812848222326,19.8576923076923,586.97,"Famille Coupes Produits Accidentels","Futaie sur souche ou TSF en conversion",165.954452514648,1.63637840747833,"Plaine"
"FB240001225",37,835509,1455,16447.2,11.3039175257732,NA,NA,NA,NA,0,0,NA,NA,2827,28.5532366466219,0.831019455252903,262.138000000002,"Feuillu dur",NA,NA,21.1646153846154,576.32,"Famille Coupes Produits Accidentels","Futaie sur souche ou TSF en conversion",165.954452514648,1.63637840747833,"Plaine"
"FB240001226",129,835509,1352.849,17193.4,12.7090310892051,793.862,6073.04,7.64999458344145,793.862,6330,7.97367804479872,28.3327037174452,29596.44,2152,32.7648698884758,1.04525975836428,242.304000000002,"Feuillu dur",210638.527411,97.8803566036246,18.4269230769231,583.84,"Famille Coupes Produits Accidentels","Futaie sur souche ou TSF en conversion",165.954452514648,1.63637840747833,"Plaine"
"FB240001525",139,884508,NA,NA,NA,NA,NA,NA,NA,NA,NA,NA,NA,145,54.5172413793103,2.89524827586207,36.429,"Sapin pectiné",23569.3,162.546896551724,116.88,4.2,"Famille Irréguliers","futaie irrégulière",1299.60461425781,44.8893432617188,"Montagne"
"FB240003619",30,853501,39.33,613.55,15.6000508517671,39.33,306.77,7.7998982964658,39.33,0,0,23.3999491482329,920.32,112,64.4642857142857,4.65716964285714,37.171,"Hêtre",11116.578244,99.2551628928571,65.06,10.97,"Famille Régénération","taillis sous futaie",151.947616577148,3.27903699874878,"Plaine"
"FB240004275",33,853501,1274.14,13415.75,10.5292589511357,1772.88,9978.35,5.62832791841523,1772.88,0,0,16.1575868695509,23394.1,191,67.303664921466,4.05115706806282,69.97,"Hêtre",80436.33,421.132617801047,51.77,16.29,"Famille Irréguliers","futaie régulière",205.445205688477,5.04331064224243,"Plaine"
"FB240004299",42,833502,NA,NA,NA,NA,NA,NA,NA,NA,NA,NA,NA,79,33.2911392405063,1.08520253164557,10.929,"Chêne sessile ou pédonculé",37292.141958,472.052429848101,195.2,1.12,"Famille Coupes Produits Accidentels","futaie régulière",139.0888671875,1.41334891319275,"Plaine"
"FB240004557",38,835509,671.139,11677.82,17.400002086006,671.139,4697.97,6.99999552998708,671.139,0,0,24.3999976159931,16375.79,864,24.8900462962963,0.523520833333333,44.337,"Chêne sessile ou pédonculé",13680.75,15.8342013888889,23.86,22.05,"Famille Amélioration","futaie régulière",180.344512939453,0.597363233566284,"Plaine"
"FB240004589",113,853501,270.32,2630.21,9.72998668245043,270.32,2011.18,7.43999704054454,270.32,0,0,17.169983722995,4641.39,89,49.8314606741573,2.51573033707865,18.221,"Epicéa de sitka",13828.61,155.377640449438,51.4,4.98,"Famille coupes sanitaires","futaie régulière",193.365753173828,1.97142446041107,"Plaine"
"FB240004593",33,853501,987.51,10868.61,11.0060758878391,987.51,7406.33,7.50000506323987,987.51,0,0,18.506080951079,18274.94,215,54.4651162790698,2.91349767441861,54.057,"Hêtre",73352.580975,341.174795232558,60.63,16.4,"Famille Amélioration","futaie régulière",207.621292114258,0.372256338596344,"Plaine"
"FB240004597",33,853501,592.07,6259.12,10.5715878190079,592.07,4405,7.43999864880842,592.07,0,0,18.0115864678163,10664.12,90,67.4444444444444,4.08643333333333,34.837,"Hêtre",35846.45,398.293888888889,47.44,11.25,"Famille Régénération","futaie régulière",200.783569335938,4.59275007247925,"Plaine"
"FB240004598",41,853501,955.57,10403.1,10.8868005483638,955.57,6471.57,6.77247088125412,955.57,0,0,17.6592714296179,16874.67,159,64.0566037735849,3.81772955974842,55.4210000000001,"Hêtre",60634.81,381.351006289308,79.5,11,"Famille Régénération","futaie régulière",205.115280151367,3.63657164573669,"Plaine"
"FB240004684",132,853501,571.77,7534.83,13.1780785980377,571.77,4643.87,8.12191965300733,571.77,0,0,21.299998251045,12178.7,89,65.3370786516854,4.67694382022473,30.46,"Hêtre",32217.43,361.993595505618,69.18,8.23,"Famille Régénération","futaie régulière",212.578948974609,1.85852611064911,"Plaine"
"FB240004691",11,853501,747.92,9603.56,12.8403572574607,747.92,5798.43,7.75274093485934,747.92,0,0,20.59309819232,15401.99,156,57.7884615384615,3.77647435897436,42.849,"Hêtre",42706.31,273.758397435897,61.07,13.06,"Famille Amélioration","futaie régulière",142.089553833008,3.54082989692688,"Plaine"
"FB240004693",132,853501,363.41,4750.8,13.0728378415564,363.41,2938.96,8.08717426598057,363.41,0,0,21.1600121075369,7689.76,125,43.36,2.087984,20.298,"Hêtre",21479.84,171.83872,70.44,4.8,"Famille Amélioration","futaie régulière",121.388580322266,7.22801828384399,"Plaine"
"FB240004697",132,853501,619.79,8141.75,13.1363042320786,619.79,5059.78,8.16370060827054,619.79,0,0,21.3000048403492,13201.53,207,47.7053140096618,2.20439130434783,38.579,"Hêtre",34783.429935,168.035893405797,46.3,13.01,"Famille Amélioration","futaie régulière",175.136795043945,0.505816042423248,"Plaine"
"FB240005957",81,833502,504.7,5884.8,11.6599960372499,504.7,3255.32,6.45000990687537,504.7,1760,3.48722013077075,21.597226074896,10900.12,1264,19.9643987341772,0.310802215189873,55.0940000000001,"Charme",16180.38,12.8009335443038,30.86,52.29,"Famille Coupes d'Emprise","futaie régulière",130.228408813477,1.29814422130585,"Plaine"
"FB240008804",11,853501,180,1828.77,10.1598333333333,180,1313.96,7.29977777777778,180,0,0,17.4596111111111,3142.73,56,52.8571428571429,2.38517857142857,12.728,"Epicéa commun",11279.18,201.413928571428,14.41,10.82,"Famille coupes sanitaires","futaie régulière",196.739288330078,5.41943597793579,"Plaine"
"FB240008843",113,853501,785.52,3010.09,3.83197117832773,785.52,2340.85,2.98000050921682,785.52,0,0,6.81197168754456,5350.94,154,34.025974025974,0.931227272727273,14.671,"Epicéa commun",10776.75,69.9788961038961,45.95,3.52,"Famille Amélioration","futaie régulière",73.9644546508789,8.63976192474365,"Plaine"
"FB240008877",113,853501,959.36,9334.57,9.72999708138759,959.36,7137.64,7.44000166777852,959.36,0,0,17.1699987491661,16472.21,771,32.1206225680934,0.846025940337225,65.3089999999994,"Epicéa commun",41936.43,54.3922568093385,59.67,12.24,"Famille Amélioration","futaie régulière",220.173492431641,0.256767928600311,"Plaine"
"FB240008951",52,835503,1669,24434.16,14.64,1669,11983.42,7.18,1669,0,0,21.82,36417.58,1631,24.0833844267321,0.49766339668916,78.1659999999996,"Chêne sessile ou pédonculé",24123.01,14.7903188228081,28.72,32.64,"Famille Amélioration","futaie régulière",248.910552978516,1.19885468482971,"Plaine"
"FB240009219",132,853501,250.07,3280.08,13.1166473387452,250.07,2011.41,8.04338785140161,250.07,0,0,21.1600351901468,5291.49,48,58.75,3.706,13.836,"Hêtre",15048.806589,313.5168039375,120.54,2,"Famille Régénération","futaie régulière",173.562240600586,0.764607787132263,"Plaine"
"FB240009289",18,853501,1752.94,13367.54,7.62578297032414,876.47,5024.02,5.73210720275651,876.47,438,0.499731879014684,13.8576220520953,18829.56,794,27.1725440806045,0.767866498740555,50.2689999999998,"Hêtre",36689.2,46.2080604534005,55.96,12.35,"Famille Amélioration","futaie régulière",161.600372314453,0.64774227142334,"Plaine"
"FB240009822",33,853501,561.67,6627.71,11.8000071216195,561.67,4212.53,7.50000890202432,561.67,0,0,19.3000160236438,10840.24,619,25.702746365105,0.426329563812601,34.511,"Hêtre",22320.68,36.0592568659128,51.495,6.43,"Famille Amélioration","futaie régulière",190.315460205078,1.89548969268799,"Plaine"
"FB240010037",11,853501,502.91,6577.89,13.0796563997534,502.91,4020.7,7.99486985742976,502.91,0,0,21.0745262571832,10598.59,97,58.2474226804124,3.86175257731959,26.538,"Hêtre",27945.631315,288.099291907217,100.59,5,"Famille Régénération","futaie régulière",161.197082519531,2.81349444389343,"Plaine"
"FB240010052",72,853501,746.27,10185.58,13.6486526324253,746.27,6388.87,8.5610703900733,746.27,0,0,22.2097230224986,16574.45,151,70.3973509933775,5.60504635761589,60.717,"Hêtre",66214.47,438.50642384106,94.9133333333333,14.12,"Famille Régénération","futaie régulière",162.707595825195,2.01238131523132,"Plaine"
"FB240010630",127,879012,1322.34,16688.27,12.6202565149659,1319.9,19864.5,15.0500037881658,1319.9,0,0,27.6702603031317,36552.77,511,55.6066536203522,3.17544618395303,140.958,"Sapin pectiné",75709.2300000001,148.158962818004,42.3075,40.3,"Famille Irréguliers","futaie régulière",1464.66137695312,31.2388076782227,"Montagne"
"FB240011200",120,879012,118.091,1362.77,11.5399988144736,NA,NA,NA,NA,0,0,NA,NA,104,32.2596153846154,0.849875,10.212,"Sapin pectiné",NA,NA,241,0.4,"Famille Coupes d'Emprise","futaie irrégulière",1408.77124023438,30.6134300231934,"Montagne"
"FB240011249",70,834503,88.45,884.5,10,88.45,619.15,7,88.45,0,0,17,1503.65,557,31.4991023339318,0.91224236983842,48.825,"Douglas",22400.47,40.2162836624776,42.16,13,"Famille Amélioration","futaie régulière",740.158325195312,15.4379692077637,"Montagne"
"FB240011951",143,884508,NA,NA,NA,NA,NA,NA,NA,NA,NA,NA,NA,88,44.0909090909091,1.63470454545455,13.791,"Epicéa commun",9997.67,113.609886363636,88.58,2,"Famille Coupes Produits Accidentels","futaie régulière",1046.59460449219,27.798583984375,"Montagne"
"FB240012268",33,853501,452.82,4754.61,10.5,452.82,3396.15,7.5,452.82,0,0,18,8150.76,273,47.7838827838828,2.07328571428571,55.279,"Hêtre",35012.600463,128.251283747253,47.5,16.79,"Famille Amélioration","futaie régulière",210.422241210938,0.40648278594017,"Plaine"
"FB240012302",11,853501,2112.6,11334.1,5.36500047335037,1056.3,7256.78,6.86999905329925,1056.3,0,0,12.2349995266496,18590.88,574,32.691637630662,0.96502613240418,52.0409999999997,"Epicéa commun",41122.27,71.6415853658537,68.2433333333333,7.86,"Famille Amélioration","futaie régulière",189.660308837891,4.88465261459351,"Plaine"
"FB240012303",11,853501,381.05,3775.16,9.90725626558194,381.05,2685.36,7.04726413856449,381.05,0,0,16.9545204041464,6460.52,257,34.8832684824903,1.11561089494163,26.969,"Epicéa commun",18278.99,71.1244747081712,104.983333333333,3.09,"Famille Amélioration","futaie régulière",202.383911132812,3.99791121482849,"Plaine"
"FB240012306",11,853501,206.8,2025.63,9.79511605415861,206.8,1434.18,6.93510638297872,206.8,0,0,16.7302224371373,3459.81,203,34.5566502463054,1.33546305418719,23.114,"Epicéa commun",8854.25,43.6169950738916,129.76,2.4,"Famille Amélioration","futaie régulière",208.444763183594,0.325122475624084,"Plaine"
"FB240012307",33,853501,282.46,1562.82,5.53288961268852,282.46,1129.85,4.00003540324294,282.46,0,0,9.53292501593146,2692.67,203,34.5566502463054,1.33546305418719,23.114,"Epicéa commun",17174.360405,84.6027606157636,129.76,2.4,"Famille Amélioration","futaie régulière",208.444763183594,0.325122475624084,"Plaine"
"FB240012309",11,853501,1607.39,15816.95,9.84014458221092,3214.78,12827.21,3.99007397084715,3214.78,0,0,13.8302185530581,28644.16,510,49.0588235294118,2.1235568627451,101.054,"Epicéa commun",78310.15,153.54931372549,89.87,15.62,"Famille Amélioration","futaie régulière",216.966186523438,1.23725378513336,"Plaine"
"FB240012311",113,853501,718.48,6990.81,9.72999944326912,718.48,5345.49,7.43999832980737,718.48,0,0,17.1699977730765,12336.3,442,34.106334841629,0.90120814479638,42.12,"Douglas",36882.5,83.4445701357466,57.25,7.74,"Famille Amélioration","futaie régulière",124.375473022461,1.06041300296783,"Plaine"
"FB240012313",33,853501,81.51,856.76,10.5111029321556,81.51,606.44,7.4400687032266,81.51,0,0,17.9511716353822,1463.2,40,40.5,1.4668,5.484,"Epicéa commun",3486.23,87.15575,132.66,0.5,"Famille Irréguliers","futaie régulière",199.376419067383,3.87291884422302,"Plaine"
"FB240012323",11,853501,1088.34,11533,10.5968723009354,1088.34,7772.93,7.14200525571053,1088.34,0,0,17.7388775566459,19305.93,511,42.9354207436399,1.61019373776908,79.8239999999997,"Epicéa commun",60737.2,118.859491193738,111.96,8.56,"Famille Amélioration","futaie régulière",194.62532043457,6.07456064224243,"Plaine"
"FB240012626",113,853501,1741.89,16948.59,9.73000017222672,1741.89,12959.66,7.4399990814575,1741.89,0,0,17.1699992536842,29908.25,603,46.4676616915423,2.14519402985075,109.13,"Sapin de vancouver (grandis)",85273.54,141.415489220564,256.473333333333,8.05,"Famille coupes sanitaires","futaie régulière",119.910331726074,6.53314876556396,"Plaine"
"FB240013230",30,853501,12.79,199.52,15.5996872556685,12.79,99.76,7.79984362783425,12.79,0,0,23.3995308835027,299.28,119,71.9747899159664,4.94966386554622,49.471,"Hêtre",4227.26,35.5231932773109,101.47,8.01,"Famille Régénération","futaie régulière",185.716934204102,2.93273591995239,"Plaine"
"FB240015580",145,833513,235,3290,14,235,1473.45,6.27,235,0,0,20.27,4763.45,1177,21.9838572642311,0.428927782497877,66.066,"Charme",8709.06,7.39937128292268,50.76,15,"Famille Régénération","Non déterminé",149.781997680664,1.20968282222748,"Plaine"
"FB240015581",145,833513,827,10961,13.2539298669891,827,6567.28,7.94108827085852,827,2225,2.69044740024184,23.8854655380895,19753.28,1177,21.9838572642311,0.428927782497877,66.066,"Charme",84042.9725560001,71.4043946949874,50.76,15,"Famille Régénération","Non déterminé",149.781997680664,1.20968282222748,"Plaine"
"FB240016862",33,853501,NA,NA,NA,NA,NA,NA,NA,NA,NA,NA,NA,680,26.8455882352941,0.524170588235294,42.7449999999999,"Hêtre",3860.664634,5.67744799117647,39.48,11.4,"Famille Amélioration","futaie régulière",106.475311279297,5.11165618896484,"Plaine"
"FB240016902",33,853501,856.63,10017.35,11.6939051866033,856.63,6364.76,7.42999894937137,856.63,0,0,19.1239041359747,16382.11,839,26.4660309892729,0.501679380214542,51.0359999999998,"Hêtre",34034.7,40.5657926102503,42.135,13.18,"Famille Amélioration","futaie régulière",103.912673950195,5.67599248886108,"Plaine"
"FB240017174",11,853501,60.21,745.4,12.3800033217074,60.21,482.28,8.00996512207274,60.21,0,0,20.3899684437801,1227.68,26,55.9615384615385,3.084,6.602,"Chêne sessile ou pédonculé",15711.336489,604.282172653846,204.96,0.5,"Famille Coupes d'Emprise","futaie régulière",126.125198364258,4.29206418991089,"Plaine"
"FB240017190",11,853501,706.07,9357.03,13.2522696049967,706.07,5575.87,7.89704986757687,706.07,0,0,21.1493194725735,14932.9,402,49.0174129353234,2.52708706467662,87.1830000000001,"Hêtre",36132.47,89.8817661691542,71.64,17.61,"Famille Amélioration","futaie régulière",198.675430297852,2.33133769035339,"Plaine"
"FB240017333",11,853501,1049.68,9614.27,9.15923900617331,610.47,4543.73,7.44300293216702,610.47,0,0,16.6022419383403,14158,1122,22.3395721925134,0.290038324420674,47.3859999999995,"Hêtre",27306.98,24.3377718360071,28.62,13.3,"Famille Amélioration","futaie régulière",179.669769287109,0.86113429069519,"Plaine"
"FB240019115",150,833502,143.3,1791.25,12.5,143.3,1074.75,7.5,143.3,0,0,20,2866,1436,19.5926183844011,0.310563370473538,57.4309999999999,"Charme",NA,NA,31.77,17.09,"Famille Amélioration","futaie régulière",135.964279174805,2.03471088409424,"Plaine"
"FB240021688",105,833512,281,2925.21,10.41,NA,NA,NA,NA,0,0,NA,NA,784,22.5765306122449,0.337420918367349,33.167,"Pin laricio",7677.12,9.79224489795918,30.75,9.23,"Famille Amélioration","futaie régulière",116.984085083008,1.02007651329041,"Plaine"
"FB240021702",28,833512,751.3,7513,10,751.3,4883.45,6.5,751.3,0,0,16.5,12396.45,821,32.0401948842875,0.716979293544462,69.9459999999997,"Pin maritime",18202.88,22.1715956151035,32.79,19.66,"Famille Amélioration","futaie régulière",122.438377380371,0.780654430389404,"Plaine"
"FB240021703",24,833512,209.1,2300.1,11,209.1,1568.25,7.5,209.1,0,0,18.5,3868.35,298,27.8355704697987,0.522503355704699,19.401,"Pin maritime",5895.51,19.7835906040268,40.45,4.2,"Famille Amélioration","futaie régulière",129.655822753906,0.690101206302643,"Plaine"
"FB240021755",24,833512,1445.6,14889.68,10.3,1445.6,8672.86,5.99948810182623,1445.6,0,0,16.2994881018262,23562.54,5480,14.9744525547445,0.119262591240875,103.813000000005,"Chêne sessile ou pédonculé",15768.58,2.87747810218978,23.32,28.17,"Famille Amélioration","futaie régulière",144.716583251953,1.22328042984009,"Plaine"
"FB240021770",27,833512,32,414.08,12.94,32,285.76,8.93,32,0,0,21.87,699.84,20,54,1.8907,4.75,"Chêne sessile ou pédonculé",4882.909201,244.14546005,39.11,1.5,"Famille Régénération","taillis sous futaie",128.106857299805,0.618287205696106,"Plaine"
"FB240021771",27,833512,32.3,414.09,12.8201238390093,NA,NA,NA,NA,0,0,NA,NA,20,54,1.8907,4.75,"Chêne sessile ou pédonculé",NA,NA,39.11,1.5,"Famille Régénération","taillis sous futaie",128.106857299805,0.618287205696106,"Plaine"
"FB240021971",151,844009,285.357,3833,13.4322970875079,273.357,2460.21,8.99998902534049,273.357,820.07,2.99999634178016,25.4322824546286,7113.28,138,62.8623188405797,4.15297101449276,44.705,"Sapin pectiné",38006,275.405797101449,57.47,10.97,"Famille coupes sanitaires","futaie régulière",722.513244628906,6.27414417266846,"Montagne"
"FB240022836",45,880509,239,3226.5,13.5,239,2629,11,239,0,0,24.5,5855.5,186,42.6075268817204,1.50376344086021,29.459,"Chêne sessile ou pédonculé",59414.92963,319.435105537634,19.305,21.54,"Famille Irréguliers","futaie irrégulière",259.024597167969,0.354563862085342,"Plaine"
"FB240022847",21,880509,72.4,951.34,13.1400552486188,72.4,951.34,13.1400552486188,72.4,0,0,26.2801104972376,1902.68,163,32.8527607361963,0.797349693251533,14.814,"Chêne sessile ou pédonculé",7580.928585,46.5087643251534,19.47,9.35,"Famille Amélioration","futaie régulière",260.245147705078,0.598560988903046,"Plaine"
"FB240022854",45,880509,182,2457,13.5,182,2184,12,182,0,0,25.5,4641,57,60.7017543859649,3.13033333333333,17.587,"Chêne sessile ou pédonculé",46616.339216,817.830512561404,36.3,7.73,"Famille Amélioration","futaie régulière",252.591583251953,1.45709657669067,"Plaine"
"FB240022875",27,833502,708.64,9084.76,12.819993226462,508.64,3418.06,6.71999842717836,508.64,240,0.471846492607738,20.0118381462481,12742.82,2136,16.7158239700375,0.194762172284644,63.3149999999998,"Charme",16550.88,7.7485393258427,22.405,24.19,"Famille Coupes d'Emprise","taillis sous futaie",123.679710388184,0.687163293361664,"Plaine"
"FB240023525",105,833502,938,9637.6,10.2746268656716,938,5909.4,6.3,938,0,0,16.5746268656716,15547,813,29.2066420664207,0.65972939729397,59.0999999999996,"Pin sylvestre",21193.5,26.0682656826568,28.94,19.84,"Famille Amélioration","futaie régulière",132.005493164062,0.944356501102448,"Plaine"
"FB240024008",57,853501,600.43,7649.24,12.7396032843129,600.43,4948.51,8.24161017937145,600.43,0,0,20.9812134636844,12597.75,131,51.6030534351145,2.45601526717557,29.928,"Hêtre",36795.476352,280.881498870229,59.13,7.73,"Famille Amélioration","futaie régulière",130.076873779297,4.15171384811401,"Plaine"
"FB240024194",27,833502,545.5,7058.77,12.94,545.5,5416.82,9.93000916590284,545.5,3637.5,6.66819431714024,29.5382034830431,16113.09,538,49.2843866171004,1.50976951672862,106.64,"Chêne sessile ou pédonculé",148172.12794,275.412877211896,122.04,11.16,"Famille Régénération","taillis sous futaie",133.807174682617,0.535592913627625,"Plaine"
"FB240024195",27,833502,724,8557.68,11.82,NA,NA,NA,NA,0,0,NA,NA,538,49.2843866171004,1.50976951672862,106.64,"Chêne sessile ou pédonculé",24618.38,45.7590706319703,122.04,11.16,"Famille Régénération","taillis sous futaie",133.807174682617,0.535592913627625,"Plaine"
"FB240024218",28,833502,996,9642,9.68072289156627,996,5976,6,996,0,0,15.6807228915663,15618,871,34.0183696900115,0.848572904707234,83.432,"Pin maritime",20417.93,23.4419402985075,44.29,18.39,"Famille Amélioration","futaie régulière",128.500625610352,0.351038813591003,"Plaine"
"FB240024241",97,833502,480,8520,17.75,69,483,7,69,0,0,24.75,9003,1406,17.6778093883357,0.205628022759602,45.639,"Charme",3392.64,2.41297297297297,23.49,16.19,"Famille Coupes d'Emprise","taillis sous futaie",124.342575073242,0.318381458520889,"Plaine"
"FB240024265",24,833502,262.1,2550.23,9.72998855398703,262.1,1499.21,5.71999236932469,262.1,0,0,15.4499809233117,4049.44,200,35.875,1.009555,20.679,"Pin sylvestre",2494.75,12.47375,30.62,7,"Famille Amélioration","futaie régulière",135.144256591797,1.35282909870148,"Plaine"
"FB240024269",145,833502,218.4,3157.6,14.4578754578755,118.4,1175.71,9.92998310810811,118.4,201.25,1.69974662162162,26.0876051876052,4534.56,37,66.0810810810811,2.96308108108108,12.936,"Chêne sessile ou pédonculé",21603.446984,583.876945513513,153.18,1,"Famille Coupes Produits Accidentels","futaie par parquet",112.020484924316,0.20036081969738,"Plaine"
"FB240024529",33,853501,707.94,3988.46,5.63389552786959,707.94,2810.53,3.97001158290251,707.94,0,0,9.6039071107721,6798.99,88,50.3977272727273,2.17567045454545,18.301,"Hêtre",14297.06,162.466590909091,43.78,6.09,"Famille Amélioration","futaie régulière",92.5245895385742,10.1994094848633,"Plaine"
"FB240024531",11,853501,717.07,7191.4,10.0288674745841,717.07,5140.58,7.16886775349687,717.07,0,0,17.1977352280809,12331.98,324,41.2191358024691,1.53697222222222,46.0219999999998,"Epicéa commun",38775.97,119.678919753086,81.98,6.87,"Famille Amélioration","futaie régulière",212.554260253906,0.745085895061493,"Plaine"
"FB240024557",48,835509,261.95,3242.94,12.3799961824776,261.95,2622.12,10.0100019087612,261.95,0,0,22.3899980912388,5865.06,638,24.9451410658307,0.577217868338556,41.9229999999999,"Feuillu dur",33928.021942,53.1787177774295,66.02,7.76,"Famille Régénération","taillis sous futaie",177.927444458008,0.657774090766907,"Plaine"
"FB240024560",39,835509,529.426,7861.98,14.8500073664686,529.426,5924.28,11.1900057798446,529.426,0,0,26.0400131463132,13786.26,907,27.6460859977949,0.752727673649401,74.0720000000009,"Feuillu dur",123359.715241,136.008506329658,63.98,15.45,"Famille Régénération","Futaie sur souche ou TSF en conversion",181.178298950195,0.612873017787933,"Plaine"
"FB240024561",114,835509,994.222,14152.66,14.2349093059699,994.222,7605.8,7.65000170987969,994.222,0,0,21.8849110158496,21758.46,907,27.6460859977949,0.752727673649401,74.0720000000009,"Feuillu dur",NA,NA,63.98,15.45,"Famille Régénération","Futaie sur souche ou TSF en conversion",181.178298950195,0.612873017787933,"Plaine"
"FB240024580",24,833513,370,3600.1,9.73,370,2116.4,5.72,370,0,0,15.45,5716.5,489,42.4028629856851,1.38066666666667,73.5879999999998,"Chêne sessile ou pédonculé",3919.65,8.01564417177914,55.03,17.49,"Famille Régénération","taillis sous futaie",145.883712768555,3.44097089767456,"Plaine"
"FB240024581",44,833513,704.8,9360.43,13.2809733257662,704.8,5639.87,8.00208569807037,704.8,2357.5,3.34492054483541,24.627979568672,17357.8,489,42.4028629856851,1.38066666666667,73.5879999999998,"Chêne sessile ou pédonculé",107579.76606,219.999521595092,55.03,17.49,"Famille Régénération","taillis sous futaie",145.883712768555,3.44097089767456,"Plaine"
"FB240024591",24,833513,1156,11247.88,9.73,1156,6612.32,5.72,1156,0,0,15.45,17860.2,1389,25.0323974082073,0.460917206623468,73.5080000000001,"Pin sylvestre",18864.2,13.5811375089993,26.08,26.39,"Famille Amélioration","futaie régulière",148.014739990234,1.20076870918274,"Plaine"
"FB240024595",24,833513,327,3368.1,10.3,327,1870.44,5.72,327,0,0,16.02,5238.54,722,19.8753462603878,0.225020775623269,23.184,"Pin sylvestre",19034.8500000001,26.3640581717452,33.99,4.97,"Famille Amélioration","futaie régulière",139.432876586914,1.05746233463287,"Plaine"
"FB240024596",24,833513,218,2121.14,9.73,218,1246.96,5.72,218,0,0,15.45,3368.1,211,36.5165876777251,1.0672654028436,22.769,"Pin sylvestre",2213.53,10.490663507109,24.61,9.7,"Famille Amélioration","futaie régulière",137.371459960938,1.06827664375305,"Plaine"
"FB240024677",24,833513,1653,16083.69,9.73,1653,9455.16,5.72,1653,0,0,15.45,25538.85,1103,34.4197642792384,0.92801450589302,106.331,"Pin sylvestre",64713.1599999991,58.6701359927462,44.75,24.37,"Famille Amélioration","futaie régulière",147.521057128906,0.623724579811096,"Plaine"
"FB240024682",44,833513,500,3125,6.25,100.18,905.63,9.04002794969056,100.18,0,0,15.2900279496906,4030.63,1869,17.6324237560193,0.226548421615838,59.5309999999999,"Charme",23471.267176,12.5581953857678,25.01,22.47,"Famille Irréguliers","taillis sous futaie",139.154632568359,2.2053120136261,"Plaine"
"FB240024683",55,833513,500,7120,14.24,NA,NA,NA,NA,0,0,NA,NA,1869,17.6324237560193,0.226548421615838,59.5309999999999,"Charme",11322,6.0577849117175,25.01,22.47,"Famille Irréguliers","taillis sous futaie",139.154632568359,2.2053120136261,"Plaine"
"FB240024706",152,833513,368,5152,14,368,2576,7,368,0,0,21,7728,1144,20.5725524475524,0.352544580419581,49.2539999999999,"Charme",9433.26,8.24585664335664,23.71,20.03,"Famille Irréguliers","taillis sous futaie",142.059432983398,1.05006086826324,"Plaine"
"FB240024730",24,833513,718,6986.14,9.73,718,4106.96,5.72,718,0,0,15.45,11093.1,425,40.7411764705882,1.37409176470588,56.746,"Pin sylvestre",33919.5700000001,79.8107529411768,113.78,5.41,"Famille Régénération","futaie régulière",138.497329711914,0.479436248540878,"Plaine"
"FB240024752",24,833513,495,5270.35,10.6471717171717,495,2831.4,5.72,495,0,0,16.3671717171717,8101.75,266,44.2105263157895,1.50325563909774,42.427,"Pin maritime",13098.64,49.2430075187969,35.18,12.63,"Famille Régénération","futaie régulière",139.409957885742,0.734695672988892,"Plaine"
"FB240024762",24,833513,434,4222.82,9.73,434,2734.2,6.3,434,0,0,16.03,6957.02,205,43.5609756097561,1.59833170731707,31.148,"Pin sylvestre",18929.77,92.3403414634147,37.17,9.28,"Famille Régénération","futaie régulière",145.160781860352,0.627358675003052,"Plaine"
"FB240024763",24,833513,800,7624,9.53,800,4480,5.6,800,0,0,15.13,12104,314,43.6146496815287,2.03932802547771,48.2749999999999,"Résineux blancs",34210.96,108.952101910828,52.34,12.85,"Famille Régénération","futaie régulière",143.305572509766,1.08392941951752,"Plaine"
"FB240025058",107,832503,1355,14881.62,10.9827453874539,1355,7716.82,5.69507011070111,1355,0,0,16.677815498155,22598.44,1176,33.2568027210884,0.869940476190473,108.650000000001,"Chêne sessile ou pédonculé",58484.96,49.7321088435375,77,17.72,"Famille Coupes Produits Accidentels","futaie régulière",107.076118469238,9.70285606384277,"Plaine"
"FB240025119",41,853501,600.22,6350.33,10.5800039985339,600.22,4189.54,6.98000733064543,600.22,0,0,17.5600113291793,10539.87,349,55.6160458452722,2.61624068767909,93.424,"Hêtre",43523.28,124.708538681948,65.44,24.23,"Famille Régénération","futaie régulière",200.071914672852,2.81304717063904,"Plaine"
"FB240026459",3,884505,1815.58,87147.84,48,NA,NA,NA,NA,0,0,NA,NA,534,53.6142322097378,2.85045880149813,126.066,"Epicéa commun",64581.0799999999,120.938352059925,158.12,11,"Famille coupes sanitaires","futaie irrégulière",1224.85888671875,30.2170562744141,"Montagne"
"FB240026620",113,853501,1101.75,10720.03,9.73000226911731,2203.5,9298.77,4.22,2203.5,0,0,13.9500022691173,20018.8,747,32.2289156626506,0.954969210174033,65.4359999999996,"Epicéa de sitka",50245.17,67.2626104417671,86.585,9.26,"Famille Amélioration","futaie régulière",219.309280395508,1.28310644626617,"Plaine"
"FB240026621",113,853501,138.96,1352.08,9.72999424294761,138.96,1033.86,7.43998272884283,138.96,0,0,17.1699769717904,2385.94,55,47.0909090909091,1.99067272727273,10.023,"Epicéa commun",7965.3,144.823636363636,99.82,1.25,"Famille Amélioration","futaie régulière",217.151336669922,0.93631100654602,"Plaine"
"FB240026794",4,883509,1440.363,17413.86,12.0899106683524,555,4995,9,555,2500,4.5045045045045,25.5944151728569,24908.86,967,34.8862461220269,1.22481282316442,107.287,"Epicéa commun",64182.87,66.3731851085833,249.11,5.34,"Famille Régénération","futaie régulière",1313.72778320312,9.49043464660645,"Montagne"
"FB240026800",41,853501,1240.64,12745.63,10.273431454733,1240.64,7674.52,6.18593629094661,1240.64,0,0,16.4593677456797,20420.15,364,46.4697802197802,1.95482967032967,67.303,"Hêtre",85848.3254279999,235.847047879121,66.205,17.12,"Famille Amélioration","futaie régulière",209.107482910156,3.35009288787842,"Plaine"
"FB240026830",33,853501,2314.5,13540.86,5.85044718081659,2314.5,9258.01,4.0000043205876,2314.5,0,0,9.85045150140419,22798.87,446,43.3408071748879,1.75913901345292,73.0059999999998,"Hêtre",76662.495476,171.889003309417,54.78,19.78,"Famille Amélioration","futaie régulière",185.011016845703,6.66051816940308,"Plaine"
"FB240026842",33,853501,594.26,6605.26,11.1151011341837,594.26,4456.95,7.5,594.26,0,0,18.6151011341837,11062.21,136,55.0367647058824,2.79966176470588,35.548,"Hêtre",37649.179725,276.832203860294,50.29,10.81,"Famille Amélioration","futaie régulière",216.115905761719,2.2260844707489,"Plaine"
"FB240027639",32,853501,676.6,8032.38,11.8716819391073,676.6,5069.5,7.49261010937038,676.6,0,0,19.3642920484777,13101.88,227,49.5594713656388,2.47056828193832,45.517,"Hêtre",40793.1,179.705286343612,44.49,16.63,"Famille Amélioration","futaie régulière",207.502990722656,1.62132465839386,"Plaine"
"FB240029105",41,853501,1043.9,10903.26,10.444736085832,1043.9,6350.22,6.08316888590861,1043.9,0,0,16.5279049717406,17253.48,596,34.3791946308725,0.953468120805371,60.7299999999997,"Hêtre",46054.69,77.2729697986577,57.93,12.78,"Famille Amélioration","futaie régulière",213.132888793945,0.503219783306122,"Plaine"
"FB240030004",11,853501,585.76,6916.89,11.8084027588091,585.76,4175.75,7.12877287626332,585.76,0,0,18.9371756350724,11092.64,327,36.5902140672783,1.33234862385321,39.456,"Hêtre",36777.13,112.468287461774,39.22,13.59,"Famille Irréguliers","futaie irrégulière",135.12141418457,7.82095146179199,"Plaine"
"FB240030014",153,853501,1171.8,18045.72,15.4,1171.8,10077.48,8.6,1171.8,0,0,24,28123.2,175,64.4,4.60488,59.324,"Hêtre",79546.161835,454.5494962,64.77,17,"Famille Irréguliers","futaie régulière",149.31819152832,3.02016615867615,"Plaine"
"FB240031614",24,833512,800.9,8249.27,10.3,800.9,4581.15,5.72000249719066,800.9,0,0,16.0200024971907,12830.42,6404,14.6494378513429,0.124770455965021,119.182000000001,"Pin laricio",23660.72,3.69467832604622,58.185,13.81,"Famille Amélioration","futaie régulière",130.186706542969,0.714006900787354,"Plaine"
"FB240034941",24,833512,296.5,3053.95,10.3,296.5,1695.98,5.72,296.5,0,0,16.02,4749.93,491,24.5621181262729,0.423458248472507,23.901,"Pin laricio",47002.5,95.7281059063137,26.92,8.37,"Famille Amélioration","futaie régulière",134.939956665039,1.10045671463013,"Plaine"
"FB240035540",132,853501,469.71,6210.99,13.2230312320368,469.71,3793.83,8.07696238104362,469.71,0,0,21.2999936130804,10004.82,564,21.5070921985816,0.56738475177305,30.344,"Erable sycomore",22749.63,40.3362234042553,32.435,10.99,"Famille Amélioration","futaie régulière",119.535614013672,9.90171909332275,"Plaine"
"FB240035546",105,833512,681.9,6478.05,9.5,681.9,3818.64,5.6,681.9,0,0,15.1,10296.69,816,28.6029411764706,0.56255269607843,55.5429999999995,"Pin sylvestre",24456.2500000002,29.9708946078434,47.315,14.18,"Famille Amélioration","futaie régulière",129.446746826172,0.742453455924988,"Plaine"
"FB240035558",24,833512,177.3,1748.05,9.85927805978567,177.3,1080.38,6.09351381838692,177.3,0,0,15.9527918781726,2828.43,308,27.6948051948052,0.508519480519482,19.391,"Pin laricio",3288.72,10.6776623376623,28.97,5.88,"Famille Amélioration","futaie régulière",143.045593261719,1.36915707588196,"Plaine"
"FB240035721",55,833512,84,1196.16,14.24,84,759.36,9.04,84,420,5,28.28,2375.52,28,72.3214285714286,3.13114285714286,11.692,"Chêne sessile ou pédonculé",32661.819479,1166.49355282143,19.19,6.8,"Famille Régénération","taillis sous futaie",127.598365783691,1.23484241962433,"Plaine"
"FB240035722",55,833512,151.7,2160.21,14.2400131839156,151.7,1061.9,7,151.7,0,0,21.2400131839156,3222.11,28,72.3214285714286,3.13114285714286,11.692,"Chêne sessile ou pédonculé",5157.39,184.1925,19.19,6.8,"Famille Régénération","taillis sous futaie",127.598365783691,1.23484241962433,"Plaine"
"FB240036025",11,853501,433.84,5646.08,13.0141987829615,433.84,3435.92,7.91978609625668,433.84,0,0,20.9339848792181,9082,49,73.9795918367347,5.95404081632653,21.898,"Hêtre",26785.54,546.643673469388,68.04,5.93,"Famille Régénération","futaie régulière",210.552658081055,7.97135639190674,"Plaine"
"FB240036028",132,853501,758.79,9944.83,13.1061690322751,758.79,6217.4,8.193834921388,758.79,0,0,21.3000039536631,16162.23,177,57.3446327683616,3.71595480225989,48.924,"Hêtre",47455.08,268.10779661017,73.24,12.13,"Famille Amélioration","futaie régulière",138.435821533203,4.6437406539917,"Plaine"
"FB240036030",132,853501,1054.94,13838.37,13.1176844180712,1054.94,8484.16,8.04231520276035,1054.94,0,0,21.1599996208315,22322.53,209,56.1244019138756,3.61762679425837,57.018,"Hêtre",55286.36,264.528038277512,91.27,11.06,"Famille Amélioration","futaie régulière",138.641937255859,4.76527404785156,"Plaine"
"FB240036034",153,853501,219.34,3377.83,15.3999726452084,219.34,1886.33,8.60002735479165,219.34,0,0,24,5264.16,57,52.8947368421053,2.75922807017544,12.961,"Hêtre",15038.991559,263.841957175439,84.93,2.5,"Famille Régénération","futaie régulière",168.550308227539,3.52472496032715,"Plaine"
"FB240036036",11,853501,442.42,5780.22,13.0650061027982,442.42,3540.76,8.00316441390534,442.42,0,0,21.0681705167036,9320.98,79,63.6075949367089,4.92001265822785,26.17,"Hêtre",26815.821483,339.440778265823,70.13,7.57,"Famille Régénération","futaie régulière",159.956436157227,3.64957904815674,"Plaine"
"FB240036037",72,853501,691.63,9872.8,14.2746844411029,691.63,5882.14,8.504749649379,691.63,0,0,22.7794340904819,15754.94,111,64.6396396396396,5.01381981981982,37.677,"Hêtre",43212.043226,389.297686720721,48.85,15.95,"Famille Régénération","futaie régulière",165.725997924805,1.86178851127625,"Plaine"
"FB240036111",32,853501,579.27,6962.61,12.0196281526749,579.27,4427.48,7.64320610423464,579.27,0,0,19.6628342569096,11390.09,129,61.5891472868217,4.63321705426357,39.608,"Hêtre",56036.944325,434.394917248062,79.39,10.25,"Famille Régénération","futaie régulière",166.553924560547,2.06740474700928,"Plaine"
"FB240036116",4,883509,450,2475,5.5,NA,NA,NA,NA,0,0,NA,NA,701,30.0784593437946,0.670718972895868,54.2429999999998,"Epicéa commun",29590.41,42.2117118402283,385.13,1.57,"Famille Régénération","futaie régulière",1001.01300048828,10.9915857315063,"Montagne"
"FB240036287",100,833502,363.7,4909.95,13.5,363.7,2545.9,7,363.7,0,0,20.5,7455.85,1263,19.9643705463183,0.310899445764053,55.0630000000001,"Charme",NA,NA,46.285,28.37,"Famille Coupes d'Emprise","futaie régulière",130.228408813477,1.29814422130585,"Plaine"
"FB240036495",154,844009,NA,NA,NA,NA,NA,NA,NA,NA,NA,NA,NA,1733,31.8753606462781,0.873179457588002,152.550000000002,"Epicéa commun",95662.73,55.2006520484708,21.438,954.67,"Famille Coupes Produits Accidentels","futaie irrégulière",710.703552246094,4.61725854873657,"Montagne"
"FB240037590",81,833502,198,2336,11.7979797979798,200.6,1915.28,9.54775672981057,200.6,0,0,21.3457365277904,4251.28,1263,19.9643705463183,0.310899445764053,55.0630000000001,"Charme",40023.477294,31.6892140095012,46.285,28.37,"Famille Coupes d'Emprise","futaie régulière",130.228408813477,1.29814422130585,"Plaine"
"FB240038368",11,853501,1565.96,8715.42,5.56554445835143,782.98,5655.66,7.22324963600603,782.98,0,0,12.7887940943575,14371.08,587,49.8892674616695,2.22793867120954,120.504,"Epicéa de sitka",46916.02,79.9250766609881,331.405,4.64,"Famille Régénération","futaie régulière",195.716018676758,1.80228900909424,"Plaine"
"FB240038424",113,853501,166.36,1618.68,9.72998316903102,166.36,1237.72,7.44000961769656,166.36,0,0,17.1699927867276,2856.4,65,41.9230769230769,1.56743076923077,9.241,"Epicéa commun",6458.53,99.362,48.0633333333333,2.7,"Famille Amélioration","futaie régulière",204.042709350586,3.19277143478394,"Plaine"
"FB240038603",32,853501,19.93,246.73,12.3798294029102,19.93,159.64,8.01003512293025,19.93,0,0,20.3898645258404,406.37,7,56.4285714285714,3.21985714285714,1.835,"Hêtre",1361.88,194.554285714286,61.08,0.5,"Famille Coupes d'Emprise","futaie régulière",163.290817260742,6.84598636627197,"Plaine"
"FB240038831",155,834503,2765,30691.5,11.1,2765,14516.25,5.25,2765,0,0,16.35,45207.75,5336,21.7157046476762,0.356133808095952,221.974000000001,"Douglas",106389.67,19.9380940779611,51.6961538461538,38.27,"Famille Amélioration","futaie régulière",815.781372070312,9.5346794128418,"Montagne"
"FB240038915",41,853501,557.77,5729.65,10.2724241174678,557.77,3450.67,6.18654642594618,557.77,0,0,16.458970543414,9180.32,130,44.4615384615385,2.33043076923077,29.317,"Hêtre",29708.57,228.527461538461,40.88,10.42,"Famille Amélioration","futaie régulière",128.601318359375,6.45658159255981,"Plaine"
"FB240039146",31,835509,176.58,2594.04,14.6904519198097,207.669,2078.76,10.0099677852737,207.669,0,0,24.7004197050834,4672.8,297,33.7542087542088,0.905461279461282,32.301,"Chêne sessile ou pédonculé",15326.929724,51.605823986532,28.77,13.42,"Famille Régénération","taillis sous futaie",161.617034912109,0.654830515384674,"Plaine"
"FB240039185",48,835509,64.353,876.49,13.620033254083,64.353,720.11,11.1899989122496,64.353,0,0,24.8100321663326,1596.6,34,51.1764705882353,2.04902941176471,7.526,"Chêne sessile ou pédonculé",7784.182825,228.946553676471,63.67,1.71,"Famille Amélioration","Futaie sur souche ou TSF en conversion",160.557281494141,2.72542381286621,"Plaine"
"FB240039695",41,853501,759.83,7772.3,10.2289985917903,759.83,4652.14,6.12260637247805,759.83,0,0,16.3516049642683,12424.44,263,46.9201520912547,1.88502281368822,48.3860000000001,"Hêtre",41086.56,156.222661596958,52.24,13.31,"Famille Amélioration","futaie régulière",180.056030273438,3.42839026451111,"Plaine"
"FB240039853",41,853501,475.67,4902.94,10.3074400319549,475.67,2932.76,6.16553492967814,475.67,0,0,16.4729749616331,7835.7,158,47.1835443037975,1.77064556962025,29.761,"Chêne sessile ou pédonculé",23326.460932,147.635828683544,35.49,11.47,"Famille Amélioration","futaie régulière",136.11018371582,2.44100761413574,"Plaine"
"FB240039989",156,833502,277.8,3333.6,12,277.8,2437.05,8.77267818574514,277.8,1425,5.12958963282937,25.9022678185745,7195.65,1974,18.3206686930091,0.26830040526849,74.654,"Charme",66571.745874,33.7242886899696,23.5766666666667,23.62,"Famille Coupes d'Emprise","taillis sous futaie",125.598411560059,1.23217916488647,"Plaine"
"FB240040057",70,834503,5874.41,59180.51,10.0742900138056,5874.41,30244.87,5.14858002761128,5874.41,0,0,15.2228700414169,89425.38,3442,30.5723416618245,0.886746949447988,292.828000000003,"Douglas",283161.009999999,82.2664177803598,84.98,45.95,"Famille Amélioration","futaie régulière",819.848022460938,10.5406703948975,"Montagne"
"FB240040202",157,884511,772.691,11049.48,14.2999983175681,772.691,11049.48,14.2999983175681,772.691,1545.38,1.99999741164321,30.5999940467794,23644.34,165,62.969696969697,3.2807696969697,53.802,"Epicéa commun",60989.92,369.635878787879,85.91,9,"Famille Irréguliers","futaie irrégulière",1097.62145996094,12.7740345001221,"Montagne"
"FB240040542",100,833502,380.2,4942.6,13,380.2,2585.36,6.8,380.2,0,0,19.8,7527.96,1974,18.3206686930091,0.26830040526849,74.654,"Charme",NA,NA,23.5766666666667,23.62,"Famille Coupes d'Emprise","taillis sous futaie",125.598411560059,1.23217916488647,"Plaine"
"FB240041251",11,853501,359.46,4721.82,13.1358704723752,533.55,3036.47,5.69106925311592,533.55,0,0,18.8269397254912,7758.29,43,71.2790697674419,5.4376511627907,17.716,"Hêtre",30830.931456,716.998405953488,70.92,4.5,"Famille Régénération","futaie régulière",188.41276550293,4.1389651298523,"Plaine"
"FB240041252",11,853501,317.16,4146,13.0722663639803,448.35,2668.16,5.9510650161704,448.35,0,0,19.0233313801507,6814.16,39,70.2564102564103,5.49053846153846,15.708,"Hêtre",17853.63516,457.785516923077,35.03,8.44,"Famille Régénération","futaie régulière",182.359558105469,0.473376005887985,"Plaine"
"FB240041253",11,853501,602.89,7877.01,13.065418235499,847.68,5069.67,5.9806412797282,847.68,0,0,19.0460595152272,12946.68,93,67.4193548387097,5.36697849462366,34.21,"Hêtre",35137.612418,377.82378944086,47.45,14.46,"Famille Régénération","futaie régulière",189.230834960938,1.23007392883301,"Plaine"
"FB240041255",11,853501,304.13,4002.35,13.1599973695459,304.13,2089.37,6.86998980699043,304.13,0,0,20.0299871765363,6091.72,423,24.1962174940898,0.478699763593377,20.482,"Chêne sessile ou pédonculé",10660.14,25.2012765957447,53.96,4.5,"Famille Amélioration","futaie régulière",156.367248535156,4.45882225036621,"Plaine"
"FB240041257",11,853501,2083.26,14485.67,6.95336635849582,2083.26,8540.6,4.09963230705721,2083.26,0,0,11.052998665553,23026.27,300,36.1666666666667,1.26365,34.876,"Hêtre",26712.56,89.0418666666667,45.53,10.53,"Famille Amélioration","futaie régulière",141.099105834961,8.37236881256104,"Plaine"
"FB240041319",124,832006,1282.392,15659.65,12.2112817297675,1282.392,12798.58,9.98024005140394,1282.392,0,0,22.1915217811714,28458.23,985,39.4670050761421,1.37096142131979,137.092,"Chêne sessile ou pédonculé",237268.366967001,240.881590829442,30.808,55.09,"Famille Régénération","taillis sous futaie",92.7565383911133,2.18705368041992,"Plaine"
"FB240041364",11,853501,1293.37,12597.35,9.73994293976202,1293.37,8898.31,6.8799415480489,1293.37,0,0,16.6198844878109,21495.66,723,47.3374827109267,2.0236500691563,135.668,"Epicéa de sitka",55359.1,76.5686030428769,188.6575,8.67,"Famille Amélioration","futaie régulière",196.604751586914,1.83624291419983,"Plaine"
"FB240041432",37,835508,980,12779.2,13.04,980,7497,7.65,980,0,0,20.69,20276.2,1124,26.5435943060498,0.881713523131675,95.990000000001,"Feuillu dur",NA,NA,40.9175,41.78,"Famille Coupes Produits Accidentels","Futaie sur souche ou TSF en conversion",173.970626831055,1.17348849773407,"Plaine"
"FB240041436",38,835509,1680,28694.4,17.08,1680,11524.8,6.86,1680,0,0,23.94,40219.2,1954,24.6238485158649,0.51078505629478,97.3,"Chêne sessile ou pédonculé",NA,NA,33.81,34.03,"Famille Amélioration","futaie régulière",171.244857788086,1.74616158008575,"Plaine"
"FB240041463",11,853501,1205.2,15901.69,13.1942333222702,1205.2,9557.16,7.92993693992698,1205.2,0,0,21.1241702621971,25458.85,322,48.7577639751553,2.7161397515528,69.8,"Hêtre",65814.22,204.39198757764,46.67,25.78,"Famille Amélioration","futaie régulière",172.892440795898,1.91778516769409,"Plaine"
"FB240041464",11,853501,636.6,3524.23,5.53601947847942,318.3,2295.59,7.21203267357839,318.3,0,0,12.7480521520578,5819.82,122,47.7459016393443,2.24126229508197,23.088,"Mélèze divers",28318.310855,232.117302090164,52.31,5.81,"Famille Amélioration","futaie régulière",173.711502075195,1.72992670536041,"Plaine"
"FB240042758",41,853501,930.88,9487.61,10.192087057408,930.88,5720.02,6.14474475764868,930.88,0,0,16.3368318150567,15207.63,303,70.7095709570957,4.34471287128714,126.758,"Hêtre",50632.88,167.105214521452,96.28,20.2,"Famille Régénération","futaie régulière",211.502807617188,2.58692502975464,"Plaine"
"FB240042759",41,853501,687.17,6837.34,9.94999781713404,687.17,4322.3,6.29000101867078,687.17,0,0,16.2399988358048,11159.64,303,70.7095709570957,4.34471287128714,126.758,"Hêtre",70482.3762660001,232.615103188119,96.28,20.2,"Famille Régénération","futaie régulière",211.502807617188,2.58692502975464,"Plaine"
"FB240043403",11,853501,727.61,7382.05,10.1456137216366,727.61,5301.09,7.28562004370473,727.61,0,0,17.4312337653413,12683.14,402,49.0174129353234,2.52708706467662,87.1830000000001,"Hêtre",57110.924059,142.066975271144,71.64,17.61,"Famille Amélioration","futaie régulière",198.675430297852,2.33133769035339,"Plaine"
"FB240043481",41,853501,807.18,4361.18,5.40298322555068,807.18,2690.51,3.3332218340395,807.18,0,0,8.73620505959018,7051.69,231,38.030303030303,1.10172294372294,28.315,"Hêtre",22493.110642,97.3727733419913,37.7,9.36,"Famille Amélioration","futaie régulière",122.641075134277,7.83374691009521,"Plaine"
"FB240044256",30,853501,8.58,133.85,15.6002331002331,8.58,66.92,7.7995337995338,8.58,0,0,23.3997668997669,200.77,173,53.757225433526,2.67712138728323,42.003,"Hêtre",1621.18,9.37098265895954,50.66,13.01,"Famille Amélioration","futaie régulière",201.447967529297,3.4696900844574,"Plaine"
"FB240044730",105,833502,1748.5,16610.75,9.5,1748.5,9791.6,5.6,1748.5,0,0,15.1,26402.35,1653,28.145795523291,0.625981851179674,113.878,"Pin sylvestre",26540.93,16.0562189957653,15.09,59.95,"Famille Amélioration","futaie régulière",132.240249633789,0.848425686359406,"Plaine"
"FB240044784",132,853501,627.66,8175.57,13.0254755759488,627.66,5105.72,8.13453143421597,627.66,0,0,21.1600070101647,13281.29,147,58.0612244897959,3.53155782312925,40.402,"Hêtre",36145.02,245.884489795918,60.94,11.5,"Famille Régénération","futaie régulière",150.133972167969,7.63391780853271,"Plaine"
"FB240044788",11,853501,1245.96,16540.73,13.2754903849241,1245.96,9684.83,7.77298629169476,1245.96,0,0,21.0484766766188,26225.56,424,41.4268867924528,1.89879481132075,63.3539999999999,"Charme",58921.51,138.965825471698,49.88,20.96,"Famille Amélioration","futaie régulière",147.199020385742,4.58539772033691,"Plaine"
"FB240044791",132,853501,689.46,9050.86,13.1274620717663,689.46,5634.63,8.17252632494996,689.46,0,0,21.2999883967163,14685.49,102,65.4411764705882,5.1398137254902,36.401,"Hêtre",54855.515434,537.799170921569,50.53,14.3,"Famille Régénération","futaie régulière",145.499435424805,3.2768247127533,"Plaine"
"FB240044858",11,853501,126.33,1304.17,10.3235177709174,126.33,867.89,6.87002295575081,126.33,0,0,17.1935407266683,2172.06,219,22.4885844748858,0.397324200913242,9.21200000000001,"Douglas",9194.32,41.983196347032,28.25,3.54,"Famille Amélioration","futaie régulière",158.879913330078,3.09553027153015,"Plaine"
"FB240044860",11,853501,1170.11,15558.27,13.2964165762193,1170.11,9211.15,7.8720376716719,1170.11,0,0,21.1684542478912,24769.42,562,38.9857651245552,1.28724555160142,71.1709999999995,"Hêtre",58623.39,104.312081850534,35.375,26.63,"Famille Amélioration","futaie régulière",131.651824951172,2.4321653842926,"Plaine"
"FB240045743",70,834503,1722,15498,9,1722,8610,5,1722,1037.84,0.602694541231127,14.6026945412311,25145.84,1385,30.4873646209386,0.643822382671475,107.111,"Epicéa commun",82266.5000000009,59.398194945849,284.22,3.4,"Famille Régénération","futaie régulière",849.494812011719,9.49866390228271,"Montagne"
"FB240046335",78,880509,539,7607,14.113172541744,139,1826.46,13.14,139,0,0,27.253172541744,9433.46,209,55.8133971291866,3.06828708133971,57.496,"Chêne sessile ou pédonculé",209380.902569,1001.82250033014,39.875,24.34,"Famille Régénération","futaie régulière",251.031188964844,1.60794544219971,"Plaine"
"FB240047436",108,832503,623,6336.11,10.1703210272873,623,4541.67,7.29,623,0,0,17.4603210272873,10877.78,341,38.1524926686217,0.95134017595308,40.819,"Sapin pectiné",28800.95,84.4602639296188,21.4766666666667,18.26,"Famille Coupes Produits Accidentels","futaie régulière",103.999732971191,4.13598585128784,"Plaine"
"FB240047851",160,844009,490,3675,7.5,490,3430,7,490,312,0.636734693877551,15.1367346938776,7417,470,35.8404255319149,1.1946914893617,51.6919999999999,"Epicéa commun",14355.76,30.544170212766,26.5675,32.12,"Famille Coupes Produits Accidentels","futaie régulière",792.841186523438,7.17913150787354,"Montagne"
"FB240048671",30,853501,3.63,56.63,15.6005509641873,3.63,28.31,7.79889807162534,3.63,0,0,23.3994490358127,84.94,59,52.3728813559322,2.98771186440678,14.949,"Hêtre",159.41,2.70186440677966,45.43,5.27,"Famille Irréguliers","futaie régulière",162.065277099609,0.95192152261734,"Plaine"
"FB240048904",151,844009,536.952,6980.38,13.0000074494554,536.952,4295.62,8.00000744945545,536.952,1582.09,2.94642724116867,23.9464421400796,12858.09,320,47.0625,2.3210625,61.0539999999999,"Epicéa commun",47181.81,147.44315625,73.8,11.18,"Famille Amélioration","futaie jardinée",766.403076171875,6.30853271484375,"Montagne"
"FB240049171",11,853501,3138.26,30064.58,9.58001567747733,4846.53,22722.67,4.68844100830904,4846.53,0,0,14.2684566857864,52787.25,694,50,2.37638040345821,151.943,"Epicéa commun",151338.07,218.066383285303,85.68,25.27,"Famille Amélioration","futaie régulière",215.892776489258,3.63495421409607,"Plaine"
"FB240049259",113,853501,1684.38,16389.02,9.73000154359468,3368.76,14216.17,4.22000083116636,3368.76,0,0,13.950002374761,30605.19,523,54.8279158699809,2.87847036328872,126.872,"Epicéa de sitka",113391.73,216.810191204589,156.52,13.75,"Famille Amélioration","futaie régulière",153.765914916992,2.89672756195068,"Plaine"
"FB240049728",161,832006,1196.57,16911.47,14.1332893186358,1213.57,9004.69,7.42000049440906,1213.57,0,0,21.5532898130448,25916.16,2585,19.6711798839458,0.302600386847195,101.266,"Feuillu dur",44331.87,17.1496595744681,21.8566666666667,49.4,"Famille Amélioration","Futaie sur souche ou TSF en conversion",73.8404006958008,6.57034254074097,"Plaine"
"FB240049959",55,833513,169.5,2244.18,13.24,169.5,1532.28,9.04,169.5,360,2.12389380530973,24.4038938053097,4136.46,136,45.9191176470588,1.51241911764706,23.583,"Chêne sessile ou pédonculé",33020.325099,242.796508080882,22.35,15.18,"Famille Régénération","taillis sous futaie",144.279235839844,1.23622834682465,"Plaine"
"FB240050541",151,844009,88.847,1155.01,12.9999887446959,88.847,710.78,8.00004502121625,88.847,253.81,2.85670872398618,23.8567424898984,2119.6,40,51.625,2.586325,8.795,"Sapin pectiné",6995.68,174.892,49.06,2.4,"Famille Régénération","futaie régulière",839.316345214844,8.56534576416016,"Montagne"
"FB240051618",30,853501,25.86,403.42,15.600154679041,25.86,201.71,7.8000773395205,25.86,0,0,23.4002320185615,605.13,96,66.6145833333333,4.95375,33.984,"Hêtre",6266.379893,65.2747905520833,56.2,11.6,"Famille Régénération","futaie régulière",157.384963989258,3.00972723960876,"Plaine"
"FB240052829",113,853501,504.06,4948.92,9.81811689084633,504.06,3750.21,7.4400071420069,504.06,0,0,17.2581240328532,8699.13,139,56.6187050359712,3.12212949640288,36.84,"Epicéa de sitka",24608.44,177.039136690647,267.9,1.8,"Famille Régénération","futaie régulière",163.496353149414,0.304890334606171,"Plaine"
"FB240053152",70,834503,3593.846,29030.61,8.07786699819636,3593.846,18528.92,5.15573566591334,3593.846,211.6,0.0588784271780149,13.2924810912877,47771.13,1365,45.6446886446886,1.86668278388278,234.191999999999,"Epicéa de sitka",186911.629999999,136.931597069596,388.2775,7.07,"Famille Régénération","futaie régulière",840.293701171875,9.89184284210205,"Montagne"
"FB240053872",162,832009,1990.09,19662.09,9.88000040199187,1990.09,14117.85,7.09407614730992,1990.09,0,0,16.9740765493018,33779.94,4490,24.315144766147,0.538644766146993,260.959000000002,"Pin maritime",78161.4999999999,17.4079064587973,65.2566666666667,40.92,"Famille Amélioration","futaie régulière",51.5812683105469,0.763345897197723,"Plaine"
"FB240054464",163,879017,1000,12879,12.879,946.332,16087.64,16.9999957731536,946.332,0,0,29.8789957731536,28966.64,634,48.9668769716088,2.50993217665616,133.831,"Sapin pectiné",47541.55,74.9866719242902,81.57,21.5,"Famille Irréguliers","futaie irrégulière",1348.51098632812,27.7488384246826,"Montagne"
"FB240054469",128,879017,204,3060,15,204,2652,13,204,0,0,28,5712,201,27.9850746268657,0.602169154228855,13.291,"Douglas",10944.75,54.4514925373134,18.2,7,"Famille Amélioration","futaie régulière",493.465972900391,11.1146650314331,"Plaine"
"FB240054758",105,833502,1170.008,11115.08,9.50000341878004,1170.44,6554.47,5.6000051262773,1170.44,0,0,15.1000085450573,17669.55,1414,31.0219236209335,0.790960396039604,115.556,"Pin sylvestre",46402.5699999998,32.8165275813294,26.322,49.69,"Famille Amélioration","futaie régulière",135.494537353516,0.828352570533752,"Plaine"
"FB240055165",110,883509,127.877,1982.09,15.4999726299491,127.877,1406.65,11.0000234600436,127.877,0,0,26.4999960899927,3388.74,199,30.0753768844221,0.809326633165829,17.766,"Epicéa commun",5597.56,28.1284422110553,207.59,0.94,"Famille Régénération","futaie régulière",1420.97082519531,10.9422454833984,"Montagne"
"FB240055359",47,835509,NA,NA,NA,NA,NA,NA,NA,NA,NA,NA,NA,504,41.8452380952381,1.47146428571428,85.776,"Chêne sessile ou pédonculé",6478.94,12.8550396825397,8.415,490.21,"Famille Coupes Produits Accidentels","Futaie sur souche ou TSF en conversion",165.914840698242,1.61099207401276,"Plaine"
"FB240055773",81,833502,178.9,2050.3,11.460592509782,180.4,1885.57,10.4521618625277,180.4,0,0,21.9127543723097,3935.87,1436,19.5926183844011,0.310563370473538,57.4309999999999,"Charme",34911.460006,24.3116016754875,31.77,17.09,"Famille Amélioration","futaie régulière",135.964279174805,2.03471088409424,"Plaine"
"FB240055803",55,833502,173.4,2459.61,14.1846020761246,173.4,1964.68,11.3303344867359,173.4,0,0,25.5149365628604,4424.29,258,28.7790697674419,0.776418604651163,23.951,"Charme",47929.047775,185.771503003876,19.49,12.59,"Famille Amélioration","taillis sous futaie",141.275436401367,0.896025836467743,"Plaine"
"FB240056007",166,841522,177.1,1416.8,8,177.1,1239.7,7,177.1,0,0,15,2656.5,3949,42.4563180552039,1.75356976449734,650.581000000005,"Chêne sessile ou pédonculé",5369.12,1.35961509242846,1415.74,8.26,"Famille Coupes Produits Accidentels","Futaie sur souche ou TSF en conversion",256.299682617188,3.63141655921936,"Plaine"
"FB240056153",44,833513,1214,11455.97,9.43654859967051,1214,8306.58,6.84232289950577,1214,0,0,16.2788714991763,19762.55,741,37.7800269905533,1.20604183535763,92.1220000000002,"Pin sylvestre",64562.9999999999,87.1295546558703,16.622,61.02,"Famille Amélioration","futaie régulière",145.911376953125,0.746319711208344,"Plaine"
"FB240056270",137,835509,654.318,7851.82,12.0000061132355,654.318,5005.53,7.64999587356606,654.318,0,0,19.6500019868015,12857.35,3343,14.1011067903081,0.127715225845049,58.488,"Feuillu dur",NA,NA,24.23,18.75,"Famille Amélioration","futaie régulière",162.409088134766,0.71960461139679,"Plaine"
"FB240056762",44,833513,752,8049.92,10.7046808510638,850,6276.6,7.38423529411765,850,780,0.917647058823529,19.006563204005,15106.52,283,52.7031802120141,2.43576325088339,63.194,"Pin sylvestre",42184.58,149.062120141343,111.795,6.38,"Famille Régénération","futaie régulière",145.290313720703,1.31754505634308,"Plaine"
"FB240056766",155,834503,2013,16871.5,8.38127173373075,2279,14394.5,6.31614743308469,2279,0,0,14.6974191668154,31266,875,45.4685714285714,1.94443885714286,152.03,"Sapin de vancouver (grandis)",129569.77,148.079737142857,119.95,14.55,"Famille Amélioration","futaie régulière",852.966125488281,8.22042465209961,"Montagne"
"FB240057175",162,832009,2326.557,22986.38,9.87999864176979,2326.557,16686.08,7.17200567190058,2326.557,0,0,17.0520043136704,39672.46,2490,28.9277108433735,0.655206024096383,180.546000000001,"Pin maritime",99415.6299999982,39.9259558232925,37.7133333333333,53.6,"Famille Amélioration","futaie régulière",35.7475624084473,0.893801271915436,"Plaine"
"FB240057292",116,832009,774.906,9565.24,12.3437423377803,NA,NA,NA,NA,0,0,NA,NA,555,37.7477477477477,1.40362522522522,71.5939999999997,"Chêne sessile ou pédonculé",87363.1600000001,157.411099099099,84.62,13.17,"Famille Régénération","futaie régulière",38.5125732421875,0.508551120758057,"Plaine"
"FB240057304",125,832009,667.635,8238.61,12.339991162836,608,7654.72,12.59,608,0,0,24.929991162836,15893.33,398,45.1381909547739,1.88675376884422,69.8249999999998,"Chêne sessile ou pédonculé",126523.22957,317.897561733668,66.9125,19.7,"Famille Régénération","futaie régulière",39.4135513305664,1.11818313598633,"Plaine"
"FB240057321",116,832009,318.831,3934.38,12.34001712506,318.831,4014.08,12.5899928175115,318.831,0,0,24.9300099425715,7948.46,145,33.0344827586207,1.2837724137931,15.869,"Chêne sessile ou pédonculé",21800.458771,150.347991524138,24.24,9.66,"Famille Amélioration","futaie régulière",44.3113021850586,0.633984446525574,"Plaine"
"FB240057331",117,832006,1143.703,10251.09,8.96306995784745,1143.703,7045.21,6.15999958031062,1143.703,0,0,15.1230695381581,17296.3,2739,20.4709748083242,0.364287696239503,109.265,"Chêne sessile ou pédonculé",46072.64,16.8209711573567,25.67,39.98,"Famille Amélioration","futaie régulière",91.4848098754883,2.64811944961548,"Plaine"
"FB240057882",24,833513,1469,14678.69,9.99230088495575,1469,8679.92,5.9087270251872,1469,0,0,15.901027910143,23358.61,3203,21.3799562909772,0.350285045270058,128.512000000002,"Pin laricio",57987.7699999994,18.1042054324069,27.004,50.3,"Famille Amélioration","futaie régulière",140.553192138672,1.07814395427704,"Plaine"
"FB240058243",24,833512,832,7885.6,9.47788461538462,836,5964.88,7.13502392344498,836,0,0,16.6129085388296,13850.48,940,30.3723404255319,0.780612765957444,74.8789999999994,"Douglas",49484.78,52.6433829787234,31.565,25.86,"Famille Amélioration","futaie régulière",127.561538696289,1.25405263900757,"Plaine"
"FB240059564",132,853501,107.94,1432.49,13.2711691680563,107.94,866.63,8.02881230313137,107.94,0,0,21.2999814711877,2299.12,47,46.2765957446809,2.28082978723404,8.578,"Frêne commun",33560.32,714.049361702128,27.35,5,"Famille Coupes Produits Accidentels","futaie régulière",111.387405395508,6.15777111053467,"Plaine"
"FB240059602",162,832009,1810.67,18299.67,10.1065738096948,1893.732,13369.29,7.05975819176103,1893.732,0,0,17.1663320014558,31668.96,5123,25.9437829396838,0.586031036502043,331.227000000003,"Pin sylvestre",57795.96,11.2816630880344,41.5757142857143,103.12,"Famille Amélioration","futaie régulière",39.6152992248535,0.684854030609131,"Plaine"
"FB240059818",54,850506,2198.15,26765.94,12.1765757568865,2198.15,19686.39,8.95589018037895,2198.15,875,0.398062006687442,21.5305279439529,47327.33,825,48.9212121212121,1.97817575757576,162.454999999999,"Epicéa de sitka",123576.56,149.78976969697,425.44,3.9,"Famille Régénération","futaie régulière",153.33332824707,1.94868659973145,"Plaine"
"FB240060969",48,835509,195.857,2867.35,14.6400179722961,195.857,2195.56,11.2100154704708,195.857,0,0,25.8500334427669,5062.91,64,55.3125,2.58921875,15.817,"Chêne sessile ou pédonculé",12095.787404,188.9966781875,15.64,16.27,"Famille Coupes Produits Accidentels","Futaie sur souche ou TSF en conversion",178.116439819336,0.988879680633545,"Plaine"
"FB240061028",41,853501,961.7,9919.36,10.3144015805345,961.7,5925.39,6.16137048975772,961.7,0,0,16.4757720702922,15844.75,407,43.0712530712531,1.62307371007371,64.4359999999997,"Hêtre",56263.18841,138.238792162162,54.4975,20.92,"Famille Amélioration","futaie régulière",153.556579589844,6.33537149429321,"Plaine"
"FB240061429",117,832009,2988.517,25008.29,8.36812706770616,3078.689,18789.76,6.10316923859474,3078.689,0,0,14.4712963063009,43798.05,2889,34.0619591554171,1.07357840083074,302.894000000001,"Pin sylvestre",153140.23,53.0080408445828,144.748571428571,35.06,"Famille Régénération","futaie régulière",36.940113067627,0.590972602367401,"Plaine"
"FB240061534",24,833513,1264,12039.37,9.52481803797468,1254,8142.98,6.49360446570973,1254,0,0,16.0184225036844,20182.35,1324,33.0551359516616,0.88263217522659,127.535000000001,"Pin sylvestre",58630.4099999993,44.2827870090629,44.58,26.54,"Famille Amélioration","futaie régulière",146.50244140625,1.10410523414612,"Plaine"
"FB240061687",26,833502,NA,NA,NA,NA,NA,NA,NA,NA,NA,NA,NA,69,40.2898550724638,1.25501449275362,9.36,"Pin sylvestre",8481.478461,122.919977695652,115.03,1,"Famille Régénération","futaie régulière",120.009201049805,1.02822780609131,"Plaine"
"FB240061706",21,880509,452.502,4352.91,9.61964808995319,1157.672,13520.12,11.6787138325882,1157.672,1500,1.29570379174758,22.5940657142889,19373.03,2130,28.2535211267606,0.640650704225355,152.963000000003,"Feuillu dur",61113.125743,28.6916083300469,27.9483333333333,64.29,"Famille Amélioration","futaie régulière",263.765472412109,1.35470175743103,"Plaine"
"FB240062284",24,833513,380,3697.4,9.73,380,2394,6.3,380,0,0,16.03,6091.4,512,26.591796875,0.574623046875004,31.9829999999999,"Chêne sessile ou pédonculé",14511.97,28.3436914062501,34.5,9.34,"Famille Amélioration","futaie régulière",151.487655639648,1.28764522075653,"Plaine"
"FB240063008",168,841522,27,324,12,27,270,10,27,0,0,22,594,12,57.5,1.528,3.284,"Chêne sessile ou pédonculé",2142.91,178.575833333333,7.19,4.64,"Famille Coupes Produits Accidentels","Futaie sur souche ou TSF en conversion",234.434860229492,1.14743804931641,"Plaine"
"FB240063319",26,833502,NA,NA,NA,NA,NA,NA,NA,NA,NA,NA,NA,58,48.3620689655172,1.72268965517241,11.231,"Chêne sessile ou pédonculé",12706.751644,219.081924896552,31.05,4.75,"Famille Amélioration","taillis sous futaie",132.840118408203,1.17625057697296,"Plaine"
"FB240063993",70,883515,3053,27477,9,3053,18318,6,3053,0,0,15,45795,3431,26.5432818420286,0.552258816671522,216.840000000001,"Epicéa commun",135505.050000001,39.4943310988053,44.996,55.68,"Famille Coupes d'Emprise","futaie régulière",962.102844238281,4.86808061599731,"Montagne"
"FB240064123",4,834503,1734,48552,28,NA,NA,NA,NA,0,0,NA,NA,1518,34.631093544137,1.15754216073781,166.501,"Epicéa de sitka",123198.599999999,81.158498023715,492.623333333333,3.85,"Famille Régénération","futaie régulière",885.774963378906,5.44941186904907,"Montagne"
"FB240064178",24,833502,1784.318,17361.41,9.72999767978578,1784.318,11042.37,6.18856616365469,1784.318,0,0,15.9185638434405,28403.78,2003,28.589615576635,0.625055916125816,139.542000000002,"Pin laricio",62185.1599999992,31.0460109835243,30.3,40.29,"Famille Amélioration","futaie régulière",128.340774536133,0.876571178436279,"Plaine"
"FB240064524",27,833502,1160.05,13981.77,12.0527304857549,1110.05,8597.15,7.74483131390478,1110.05,1682.5,1.515697491104,21.3132592907637,24261.42,1068,27.8838951310861,0.666058988764045,83.6709999999995,"Chêne sessile ou pédonculé",59612.055505,55.8165313717228,29.02,31.56,"Famille Irréguliers","taillis sous futaie",133.953323364258,0.648300468921661,"Plaine"
"FB240064525",24,833502,313,3443,11,313,2191,7,313,0,0,18,5634,1068,27.8838951310861,0.666058988764045,83.6709999999995,"Chêne sessile ou pédonculé",11806.82,11.055074906367,29.02,31.56,"Famille Irréguliers","taillis sous futaie",133.953323364258,0.648300468921661,"Plaine"
"FB240064815",169,833513,230.6,2779.79,12.0545967042498,230.6,2306,10,230.6,2846.25,12.3428013876843,34.3973980919341,7932.04,2589,18.0030899961375,0.237118192352258,86.1199999999997,"Charme",87824.2273149999,33.922065397837,21.365,40.77,"Famille Irréguliers","taillis sous futaie",137.743927001953,2.71424984931946,"Plaine"
"FB240064842",44,833513,NA,NA,NA,NA,NA,NA,NA,NA,NA,NA,NA,80,52.875,2.2370875,19.27,"Chêne sessile ou pédonculé",34683.112244,433.53890305,104.84,2.6,"Famille Régénération","taillis sous futaie",128.876358032227,0.959698140621185,"Plaine"
"FB240064879",44,833513,NA,NA,NA,NA,NA,NA,NA,NA,NA,NA,NA,2735,19.0310786106033,0.275174040219377,100.380000000002,"Charme",49829.133861,18.2190617407678,63.7933333333333,32.59,"Famille Amélioration","taillis sous futaie",140.810531616211,1.15867161750793,"Plaine"
"FB240065224",27,833512,355,4948.7,13.94,355,3525.15,9.93,355,2610,7.35211267605634,31.2221126760563,11083.85,651,30.3456221198157,0.753568356374808,59.137,"Chêne sessile ou pédonculé",78522.0509519999,120.617589788018,34.73,20.52,"Famille Régénération","taillis sous futaie",128.716598510742,0.321666657924652,"Plaine"
"FB240065472",26,833502,NA,NA,NA,NA,NA,NA,NA,NA,NA,NA,NA,631,30.5150554675119,0.668423137876387,51.8509999999999,"Chêne sessile ou pédonculé",30004.218594,47.55026718542,19.97,28.37,"Famille Irréguliers","futaie régulière",129.413665771484,1.78156352043152,"Plaine"
"FB240065904",146,832503,715.237,10728.56,15.0000069906898,715.237,5885.36,8.22854522347138,715.237,0,0,23.2285522141612,16613.92,710,32.6619718309859,0.832840845070423,63.2129999999996,"Chêne sessile ou pédonculé",12214.89,17.2040704225352,31.215,24.99,"Famille Coupes Produits Accidentels","futaie régulière",159.055480957031,5.45808029174805,"Plaine"
"FB240066094",30,853501,9.59,149.6,15.599582898853,9.59,74.8,7.79979144942649,9.59,0,0,23.3993743482795,224.4,185,71.0810810810811,5.49757297297297,75.7530000000001,"Hêtre",1754.36,9.48302702702703,73.18,19.24,"Famille Régénération","futaie régulière",227.508193969727,0.68175333738327,"Plaine"
"FB240066521",170,853501,129.12,1678.56,13,204.9,1639.2,8,204.9,0,0,21,3317.76,112,36.0714285714286,1.0639375,12.419,"Hêtre",9379.44,83.745,24.595,5.09,"Famille Amélioration","futaie régulière",148.257247924805,3.78099966049194,"Plaine"
"FB240067130",24,833512,540.3,5451.63,10.0900055524709,540.3,3025.68,5.6,540.3,0,0,15.6900055524709,8477.31,1376,20.0254360465116,0.246053052325582,46.4949999999995,"Pin sylvestre",15893.51,11.5505159883721,28.14,12.66,"Famille Amélioration","futaie régulière",151.013229370117,1.23006749153137,"Plaine"
"FB240067132",24,833512,1202.6,12134.23,10.0899966738733,1202.6,6734.56,5.6,1202.6,0,0,15.6899966738733,18868.79,2584,19.7678018575851,0.231304566563466,82.7520000000002,"Pin sylvestre",35654.66,13.7982430340557,32.22,19.3,"Famille Amélioration","futaie régulière",134.824584960938,1.30447602272034,"Plaine"
"FB240067133",24,833512,1128.1,11382.53,10.0900008864462,1128.1,6960.38,6.17000265933871,1128.1,0,0,16.260003545785,18342.91,816,31.8504901960784,0.723475490196082,67.8969999999995,"Pin sylvestre",37761.8200000002,46.2767401960787,22.76,27.74,"Famille Amélioration","futaie régulière",158.941024780273,3.28831005096436,"Plaine"
"FB240067187",48,835509,146.88,2150.32,14.6399782135076,146.88,1646.52,11.2099673202614,146.88,0,0,25.8499455337691,3796.84,69,53.9855072463768,2.26710144927536,16.861,"Chêne sessile ou pédonculé",16188.119452,234.61042684058,5.155,43.93,"Famille Coupes Produits Accidentels","taillis sous futaie",174.410263061523,0.640407979488373,"Plaine"
"FB240067193",91,835509,498.559,7293.92,14.6300036705786,498.559,5588.85,11.2100072408682,498.559,0,0,25.8400109114468,12882.77,160,60.75,3.08035625,48.471,"Chêne sessile ou pédonculé",46629.388375,291.43367734375,19.92,39.57,"Famille Coupes Produits Accidentels","Futaie sur souche ou TSF en conversion",176.907424926758,0.941498637199402,"Plaine"
"FB240067197",39,835509,259.701,3944.86,15.1900069695534,259.701,2911.25,11.2100068925418,259.701,0,0,26.4000138620953,6856.11,171,48.4210526315789,1.67336842105263,34.973,"Chêne sessile ou pédonculé",18526.970955,108.344859385965,5.66666666666667,78.14,"Famille Coupes Produits Accidentels","taillis sous futaie",147.795211791992,1.50376641750336,"Plaine"
"FB240067198",39,835509,175.957,2676.31,15.210022903323,175.957,1972.48,11.2100115369096,175.957,0,0,26.4200344402326,4648.79,59,56.5254237288136,2.36413559322034,15.561,"Chêne sessile ou pédonculé",17985.41051,304.837466271186,9.305,24.8,"Famille Coupes Produits Accidentels","Futaie sur souche ou TSF en conversion",174.692916870117,2.57752776145935,"Plaine"
"FB240067200",48,835509,380.273,5567.2,14.6400086253823,380.273,4262.86,11.2099991322024,380.273,0,0,25.8500077575847,9830.06,105,56.1428571428571,2.42764761904762,26.837,"Chêne sessile ou pédonculé",51070.38645,486.384632857143,13.435,31.85,"Famille Coupes Produits Accidentels","Futaie sur souche ou TSF en conversion",178.401092529297,1.15353560447693,"Plaine"
"FB240067203",123,835509,226.175,3075.98,13.6,291.58,3268.61,11.2099938267371,291.58,0,0,24.8099938267371,6344.59,60,62.9166666666667,3.36375,19.364,"Chêne sessile ou pédonculé",50098.999888,834.983331466667,19.235,12.6,"Famille Coupes Produits Accidentels","Futaie sur souche ou TSF en conversion",167.237869262695,0.893730461597443,"Plaine"
"FB240067207",39,835509,102.132,1551.39,15.1900481729527,102.132,1144.9,11.2100027415502,102.132,0,0,26.4000509145028,2696.29,42,55.952380952381,2.33569047619048,11.097,"Chêne sessile ou pédonculé",11475.688856,273.230687047619,5.85,21.77,"Famille Coupes Produits Accidentels","taillis sous futaie",176.645919799805,0.705226957798004,"Plaine"
"FB240067209",39,835509,85.357,1296.57,15.1899668451328,85.357,956.85,11.2099769204635,85.357,0,0,26.3999437655963,2253.42,40,53.75,2.046625,9.453,"Chêne sessile ou pédonculé",11946.00774,298.6501935,6.89,19.47,"Famille Coupes Produits Accidentels","taillis sous futaie",172.823104858398,1.75897347927094,"Plaine"
"FB240067515",122,879012,180,2340,13,NA,NA,NA,NA,0,0,NA,NA,148,37.0608108108108,1.22324324324324,18.929,"Sapin pectiné",9847.9,66.5398648648649,317.35,0.6,"Famille Coupes d'Emprise","futaie irrégulière",1456.12426757812,33.2857284545898,"Montagne"
"FB240067747",48,835509,101.115,1480.32,14.6399643969737,101.115,1133.5,11.2100084062701,101.115,0,0,25.8499728032438,2613.82,32,59.375,2.75215625,9.207,"Chêne sessile ou pédonculé",14025.544464,438.2982645,7.19,20.92,"Famille Coupes Produits Accidentels","Futaie sur souche ou TSF en conversion",174.527114868164,0.862795829772949,"Plaine"
"FB240068104",27,833512,659.7,8457.35,12.8199939366379,711,4763.7,6.7,711,0,0,19.5199939366379,13221.05,651,30.3456221198157,0.753568356374808,59.137,"Chêne sessile ou pédonculé",NA,NA,34.73,20.52,"Famille Régénération","taillis sous futaie",128.716598510742,0.321666657924652,"Plaine"
"FB240068470",3,853501,1574.62,17045.38,10.8250752562523,747.83,747.83,1,747.83,9637.5,12.8872872176832,24.7123624739355,27430.71,1223,47.5715453802126,2.10165331152902,236.846999999999,"Epicéa commun",133474.695514,109.137118163532,78.215,40.56,"Famille Amélioration","futaie régulière",101.254928588867,7.04259061813354,"Plaine"
"FB240068618",159,832503,281.45,3343.4,11.8791970154557,175.031,1356.49,7.74999857168159,175.031,0,0,19.6291955871373,4699.89,492,27.1544715447154,0.770040650406504,35.694,"Hêtre",11236.38,22.8381707317073,56.91,12.57,"Famille Amélioration","futaie régulière",103.980194091797,3.89098286628723,"Plaine"
"FB240070026",41,853501,449.76,4608.5,10.2465759516186,449.76,2748.96,6.11205976520811,449.76,0,0,16.3586357168268,7357.46,101,52.2277227722772,2.8530396039604,25.02,"Hêtre",24996.568514,247.490777366337,148.71,2.77,"Famille Régénération","futaie régulière",99.6570663452148,9.52953433990479,"Plaine"
"FB240070027",57,853501,805.26,10198.68,12.6650771179495,805.26,6618.18,8.2186871321064,805.26,0,0,20.8837642500559,16816.86,158,58.4810126582278,3.11880379746835,43.826,"Hêtre",49337.31,312.261455696203,49.03,14.64,"Famille Régénération","futaie régulière",178.131317138672,2.49295234680176,"Plaine"
"FB240070028",57,853501,118.99,1503.19,12.632910328599,118.99,993.08,8.34591142112783,118.99,0,0,20.9788217497269,2496.27,19,62.6315789473684,3.75531578947368,6.067,"Hêtre",7099.29,373.646842105263,69.18,1.53,"Famille Irréguliers","futaie régulière",114.410263061523,8.70318126678467,"Plaine"
"FB240070029",33,853501,1174.54,12985.71,11.0559963900761,1174.54,8726.83,7.42999812692629,1174.54,0,0,18.4859945170024,21712.54,119,75.672268907563,4.7022268907563,55.031,"Hêtre",73850.855576,620.595425008404,91.77,8.94,"Famille Régénération","futaie régulière",213.278167724609,1.24794852733612,"Plaine"
"FB240070030",33,853501,397.66,4446.08,11.1806065483076,397.66,2954.61,7.42999044409797,397.66,0,0,18.6105969924056,7400.69,51,70.9803921568627,4.56421568627451,20.516,"Hêtre",26834.82,526.172941176471,69.48,4.89,"Famille Régénération","futaie régulière",219.170394897461,0.25981929898262,"Plaine"
"FB240070033",41,853501,553.45,5613.21,10.1422170024392,553.45,3417.37,6.1746679916885,553.45,0,0,16.3168849941277,9030.58,86,69.0116279069767,4.37848837209302,32.794,"Hêtre",40912.37,475.72523255814,49.2,11,"Famille Régénération","futaie régulière",205.115280151367,3.63657164573669,"Plaine"
"FB240070034",33,853501,938.2,10502.78,11.1946066936687,938.2,6970.83,7.43000426348327,938.2,0,0,18.624610957152,17473.61,94,74.3617021276596,5.02390425531915,41.591,"Hêtre",62761.81,667.678829787234,58.17,11.79,"Famille Régénération","futaie régulière",218.809341430664,1.48147261142731,"Plaine"
"FB240070405",153,853501,1447.55,22292.27,15.4,1447.55,12448.93,8.6,1447.55,0,0,24,34741.2,339,65.5899705014749,5.11334808259587,118.85,"Hêtre",96192.695138,283.754262943953,89.72,27.33,"Famille Régénération","futaie régulière",119.730117797852,6.38310241699219,"Plaine"
"FB240070440",70,834503,2898,26082,9,2898,14490,5,2898,0,0,14,40572,4435,24.6877113866967,0.573867418263818,259.825000000004,"Epicéa commun",43608.64,9.83283878241263,140.67,19.69,"Famille Amélioration","futaie régulière",850.181640625,8.64792251586914,"Montagne"
"FB240070443",70,834503,591,5840,9.88155668358714,591,3165,5.35532994923858,591,0,0,15.2368866328257,9005,349,34.1117478510029,0.972111747851003,35.676,"Epicéa commun",28381.11,81.3212320916905,60.6033333333333,5.52,"Famille Régénération","futaie régulière",771.751342773438,9.81970405578613,"Montagne"
"FB240070541",132,853501,179.45,2268.25,12.6400111451658,179.45,1528.91,8.51997770966843,179.45,0,0,21.1599888548342,3797.16,40,72.25,6.143475,17.538,"Hêtre",14160.85,354.02125,123.01,2.8,"Famille Régénération","futaie régulière",96.6327133178711,7.04054117202759,"Plaine"
"FB240070585",41,853501,222.11,2221.1,10,444.22,1521.46,3.42501463238936,444.22,0,0,13.4250146323894,3742.56,1401,24.389721627409,0.497298358315485,82.8400000000001,"Tilleul",24408.020467,17.4218561506067,30.945,29.58,"Famille Amélioration","futaie régulière",113.677146911621,3.66223812103271,"Plaine"
"FB240070829",105,833512,1568.7,17077.95,10.8866896156053,1601.5,8968.4,5.6,1601.5,0,0,16.4866896156053,26046.35,4711,19.4576523031204,0.239602632137549,155.179000000005,"Pin laricio",50194.0899999998,10.6546571853109,21.42,57.92,"Famille Amélioration","futaie régulière",128.324813842773,0.5787633061409,"Plaine"
"FB240072572",42,833502,NA,NA,NA,NA,NA,NA,NA,NA,NA,NA,NA,1398,20.5042918454936,0.35503147353362,59.937,"Charme",31877.584785,22.8022781008584,37.08,15,"Famille Coupes d'Emprise","Futaie sur souche ou TSF en conversion",143.565689086914,1.29351246356964,"Plaine"
"FB240073200",44,833513,188.48,2423.88,12.8601443123939,188.48,1679.2,8.90916808149406,188.48,0,0,21.7693123938879,4103.08,120,46.5833333333333,1.6116,21.91,"Chêne sessile ou pédonculé",46369.529881,386.412749008333,43.61,7.08,"Famille Régénération","taillis sous futaie",145.95166015625,0.401626229286194,"Plaine"
"FB240073625",95,833512,628.8,7593,12.0753816793893,636.2,4453.4,7,636.2,230,0.361521534108771,19.4369032134981,12276.4,746,23.0965147453083,0.418167560321715,37.9409999999999,"Chêne sessile ou pédonculé",8492.222223,11.3836759021448,17.64,19.06,"Famille Coupes d'Emprise","futaie régulière",139.86930847168,1.86029720306396,"Plaine"
"FB240073850",33,853501,208.85,2296.39,10.9954033995691,208.85,1551.76,7.43002154656452,208.85,0,0,18.4254249461336,3848.15,73,48.2876712328767,2.08621917808219,14.3,"Hêtre",10598.12,145.179726027397,50.41,4.26,"Famille Irréguliers","futaie régulière",185.025436401367,7.13456726074219,"Plaine"
"FB240073854",18,853501,1043.44,5465.6,5.23805872882006,NA,NA,NA,NA,0,0,NA,NA,214,48.3878504672897,2.03957476635514,40.372,"Epicéa commun",26930.29,125.842476635514,54.04,9.24,"Famille Amélioration","futaie régulière",194.62532043457,6.07456064224243,"Plaine"
"FB240074530",48,835509,31.886,466.81,14.6399673838048,31.886,357.44,11.2099353948441,31.886,0,0,25.8499027786489,824.25,18,47.7777777777778,1.70355555555556,3.314,"Chêne sessile ou pédonculé",2170.694331,120.5941295,2.54,17.24,"Famille Coupes Produits Accidentels","Futaie sur souche ou TSF en conversion",172.705703735352,1.0822651386261,"Plaine"
"FB240075316",117,832009,1454.426,11847.26,8.14566021234494,1454.426,9497.12,6.52980626033913,1454.426,0,0,14.6754664726841,21344.38,1004,34.8605577689243,0.963884462151398,100.417,"Pin maritime",59007.65,58.7725597609562,44.17,23.21,"Famille Amélioration","futaie régulière",42.9583511352539,0.763098418712616,"Plaine"
"FB240076970",105,833512,1270.8,12729.15,10.0166430594901,1270.8,7466.64,5.87554296506138,1270.8,0,0,15.8921860245515,20195.79,2060,25.4344660194175,0.454652427184469,112.665,"Pin maritime",38962.7999999997,18.9139805825241,33.76,30.78,"Famille Amélioration","futaie régulière",131.569961547852,0.681681752204895,"Plaine"
"FB240077919",105,833512,965.1,9168.45,9.5,965.1,5404.56,5.6,965.1,0,0,15.1,14573.01,4092,17.5232160312805,0.150616813294236,103.525000000004,"Pin sylvestre",26131.47,6.38598973607038,27.57,22.8,"Famille Amélioration","futaie régulière",131.908218383789,0.932289183139801,"Plaine"
"FB240079083",11,853501,649.4,4464.16,6.87428395441946,649.4,2691.15,4.14405605174007,649.4,0,0,11.0183400061595,7155.31,95,43.8947368421053,2.00435789473684,16.039,"Hêtre",15432.73,162.449789473684,52.16,4.83,"Famille Irréguliers","futaie régulière",169.402969360352,9.65769481658936,"Plaine"
"FB240079097",11,853501,417.52,5381.83,12.8899932937344,417.52,2809.91,6.73000095803794,417.52,0,0,19.6199942517724,8191.74,549,24.8178506375228,0.354391621129326,28.0360000000001,"Hêtre",17245.62,31.4127868852459,32.75,7.42,"Famille Amélioration","futaie régulière",120.153076171875,4.24200630187988,"Plaine"
"FB240079098",11,853501,378.14,4871.81,12.8836145342995,378.14,2547.3,6.73639392817475,378.14,0,0,19.6200084624742,7419.11,434,25.184331797235,0.380799539170506,23.032,"Hêtre",15707.64,36.1927188940092,26,8.06,"Famille Amélioration","futaie régulière",123.141380310059,2.62767004966736,"Plaine"
"FB240081370",47,835509,NA,NA,NA,NA,NA,NA,NA,NA,NA,NA,NA,5,58,2.38,1.335,"Chêne sessile ou pédonculé",NA,NA,0.96,25.37,"Famille Coupes Produits Accidentels","taillis sous futaie",180.68977355957,0.952948927879333,"Plaine"
"FB240081953",116,832009,23.116,285.48,12.349887523793,23.116,246.19,10.6501989963662,23.116,0,0,23.0000865201592,531.67,11,58.1818181818182,3.614,3.156,"Chêne sessile ou pédonculé",807.083567,73.3712333636364,10.97,5,"Famille coupes sanitaires","futaie régulière",38.8791847229004,1.46494770050049,"Plaine"
"FB240082393",33,853501,13.91,145.36,10.450035945363,13.91,103.35,7.42990654205607,13.91,0,0,17.8799424874191,248.71,11,58.6363636363636,3.48390909090909,3.028,"Frêne commun",1702.02,154.729090909091,51.66,1,"Famille coupes sanitaires","futaie régulière",188.650634765625,3.53441166877747,"Plaine"
"FB240082396",41,853501,882.38,9061.28,10.2691357465038,882.38,5381.21,6.09851764545887,882.38,0,0,16.3676533919626,14442.49,256,48.41796875,2.04588671875,50.071,"Hêtre",49028.299177,191.516793660156,67.59,15.49,"Famille Amélioration","futaie régulière",208.782760620117,1.29553139209747,"Plaine"
"FB240082397",33,853501,602.77,6637.74,11.0120609851187,602.77,4478.58,7.42999817509166,602.77,0,0,18.4420591602104,11116.32,99,63.5353535353535,3.99218181818182,34.661,"Hêtre",37147.29,375.225151515152,64.04,8.9,"Famille Régénération","futaie régulière",221.020629882812,0.930027723312378,"Plaine"
"FB250000551",24,833513,1985,19314.05,9.73,1985,11354.2,5.72,1985,0,0,15.45,30668.25,1255,35.3386454183267,1.13662470119523,132.399000000001,"Douglas",112443.300000002,89.596254980081,51.26,29.28,"Famille Amélioration","futaie régulière",141.426986694336,0.949421405792236,"Plaine"
"FB250001288",100,833513,632,8216,13,632,4145.75,6.55973101265823,632,0,0,19.5597310126582,12361.75,2085,15.4604316546763,0.116005755395682,43.0389999999998,"Charme",18953.58,9.09044604316547,19.89,12.41,"Famille Amélioration","taillis sous futaie",146.783966064453,0.923464953899384,"Plaine"
"FB250001295",44,833513,168.66,2276.91,13.5,169,1588.6,9.4,169,0,0,22.9,3865.51,84,50.6547619047619,2.01252380952381,17.393,"Pin sylvestre",10731.48,127.755714285714,81.26,2.19,"Famille Régénération","futaie régulière",142.886627197266,0.396135956048965,"Plaine"
"FB250001297",24,833513,1072,10814,10.0876865671642,1072,7504,7,1072,0,0,17.0876865671642,18318,676,37.551775147929,1.13951035502959,76.9979999999998,"Pin sylvestre",47007.0199999998,69.5370118343192,64.14,12.71,"Famille coupes sanitaires","futaie régulière",144.938919067383,0.672790586948395,"Plaine"
"FB250001303",105,833513,420,4527.6,10.78,420,2305.8,5.49,420,0,0,16.27,6833.4,1514,16.7404227212682,0.146390356671071,34.9039999999997,"Pin sylvestre",11742.95,7.75624174372523,27.77,8.11,"Famille Amélioration","futaie régulière",132.915863037109,0.484672755002975,"Plaine"
"FB250001422",145,833512,661,8593,13,NA,NA,NA,NA,3067.5,0,NA,NA,429,35.7808857808858,1.27599067599068,60.352,"Chêne sessile ou pédonculé",202982.378092,473.152396484849,62.32,15,"Famille Régénération","Futaie sur souche ou TSF en conversion",140.788223266602,1.60578167438507,"Plaine"
"FB250002000",11,853501,178.56,2257,12.6400089605735,178.56,1451.69,8.12998431899642,178.56,0,0,20.7699932795699,3708.69,70,64.2142857142857,4.82388571428571,23.305,"Hêtre",13235.6,189.08,108.01,4.3,"Famille Régénération","futaie régulière",162.714263916016,4.29785346984863,"Plaine"
"FB250003167",105,833512,71.4,664.73,9.30994397759104,71.4,391.99,5.49005602240896,71.4,0,0,14.8,1056.72,217,19.9539170506912,0.23468202764977,7.36300000000001,"Pin sylvestre",1971.64,9.08589861751152,23.93,2.23,"Famille Amélioration","futaie régulière",135.613220214844,0.305487275123596,"Plaine"
"FB250003170",105,833512,792.4,7377.24,9.30999495204442,792.4,4350.28,5.49000504795558,792.4,0,0,14.8,11727.52,1533,22.6842791911285,0.349947162426614,64.478,"Pin laricio",26202.54,17.0923287671233,68.875,16.21,"Famille Amélioration","futaie régulière",125.536605834961,0.544876992702484,"Plaine"
"FB250003177",24,833512,796.5,7590.65,9.5300062774639,796.5,5177.25,6.5,796.5,0,0,16.0300062774639,12767.9,1856,22.1686422413793,0.303307650862063,74.9949999999996,"Pin laricio",26196.23,14.1143480603448,24.62,24.3,"Famille Amélioration","futaie régulière",129.704956054688,1.2605904340744,"Plaine"
"FB250003407",108,832503,1822,18494.78,10.1508122941822,1691,12090.65,7.15,1691,0,0,17.3008122941822,30585.43,1433,32.7145847871598,0.72459665038381,133.12,"Sapin pectiné",72320.71,50.4680460572226,59.1683333333333,23.87,"Famille Amélioration","futaie régulière",118.799995422363,1.37184548377991,"Plaine"
"FB250003422",24,833512,245.9,2704.9,11,245.9,1598.35,6.5,245.9,0,0,17.5,4303.25,344,26.4825581395349,0.492793604651163,20.353,"Pin sylvestre",24723.4800000001,71.8705813953491,14.37,12.54,"Famille Amélioration","futaie régulière",151.401733398438,1.39569056034088,"Plaine"
"FB250003593",83,832006,249.963,3374.5,13.499997999704,249.963,2449.64,9.80001040153943,249.963,0,0,23.3000084012434,5824.14,77,67.9220779220779,3.47425974025974,29.459,"Chêne sessile ou pédonculé",38789.705225,503.76240551948,46.03,11.47,"Famille Régénération","taillis sous futaie",72.0181884765625,5.11451625823975,"Plaine"
"FB250006586",132,853501,729.37,9664.72,13.2507780687443,729.37,5768.75,7.90922302809274,729.37,0,0,21.160001096837,15433.47,382,37.5,1.26995026178011,45.997,"Hêtre",33543.01,87.8089267015707,43.33,13.75,"Famille Amélioration","futaie régulière",195.488327026367,1.29011917114258,"Plaine"
"FB250006587",11,853501,816.85,10890.32,13.3320927954949,816.85,6323.38,7.74117647058823,816.85,0,0,21.0732692660831,17213.7,544,31.0477941176471,0.971299632352943,48.421,"Hêtre",39931.03,73.4026286764706,39.37,16.88,"Famille Amélioration","futaie régulière",174.109527587891,1.92574751377106,"Plaine"
"FB250006599",11,853501,1212.72,13037.66,10.7507586252391,497.28,3625.18,7.2900176962677,497.28,0,0,18.0407763215068,16662.84,106,59.1509433962264,3.06596226415094,29.629,"Mélèze divers",26857.74,253.374905660378,180.2,2,"Famille Amélioration","futaie régulière",182.069931030273,1.78948903083801,"Plaine"
"FB250006601",11,853501,235.03,3424.39,14.5700123388504,235.03,1713.37,7.29000553120878,235.03,0,0,21.8600178700591,5137.76,761,18.0091984231275,0.145877792378449,20.938,"Pin sylvestre",8696.1,11.4272010512484,28.72,4.3,"Famille Amélioration","futaie régulière",149.033813476562,3.8635561466217,"Plaine"
"FB250007713",100,833502,563.7,7328.1,13,563.7,4115.01,7.3,563.7,0,0,20.3,11443.11,1870,18.0748663101604,0.269487165775401,73.5270000000016,"Feuillu dur",NA,NA,32.79,23.51,"Famille Coupes d'Emprise","taillis sous futaie",139.095458984375,2.33349895477295,"Plaine"
"FB250009400",174,876016,298.761,4293.2,14.3700148279059,298.761,2862.13,9.5799987280803,298.761,0,0,23.9500135559862,7155.33,414,30.4468599033816,0.630041062801932,32.666,"Epicéa commun",9968.01,24.0773188405797,70.23,4,"Famille Amélioration","futaie régulière",1407.75866699219,16.0516128540039,"Montagne"
"FB250010159",30,853501,9.92,154.75,15.5997983870968,9.92,77.38,7.80040322580645,9.92,0,0,23.4002016129032,232.13,138,63.0072463768116,4.65465217391304,46.055,"Hêtre",1664.4,12.0608695652174,74.435,11.93,"Famille Amélioration","futaie régulière",153.3369140625,5.87309789657593,"Plaine"
"FB250010232",11,853501,684.02,8814.27,12.8859828659981,684.02,4606.2,6.73401362533259,684.02,0,0,19.6199964913307,13420.47,792,25.3977272727273,0.457584595959596,43.3859999999996,"Hêtre",27444.25,34.6518308080808,33.51,13.36,"Famille Amélioration","futaie régulière",152.089065551758,6.12463283538818,"Plaine"
"FB250010809",4,883515,262,5109,19.5,NA,NA,NA,NA,0,0,NA,NA,807,23.7174721189591,0.369079306071871,38.618,"Epicéa commun",13643.49,16.9064312267658,261.35,1.44,"Famille Régénération","futaie régulière",966.05126953125,3.97874927520752,"Montagne"
"FB250011022",142,832503,1041,11555.94,11.1008069164265,1041,5879.32,5.64776176753122,1041,0,0,16.7485686839577,17435.26,787,30.0508259212198,0.672161372299874,58.7589999999995,"Chêne sessile ou pédonculé",37071.4,47.1047013977128,34.755,19.54,"Famille Coupes Produits Accidentels","futaie régulière",83.913459777832,5.36818361282349,"Plaine"
"FB250011461",108,832503,597,7874.43,13.19,597,4268.55,7.15,597,0,0,20.34,12142.98,709,23.7306064880113,0.416449929478138,33.468,"Chêne sessile ou pédonculé",22727.8,32.0561354019746,45.67,10.65,"Famille Amélioration","futaie régulière",133.641357421875,5.5533242225647,"Plaine"
"FB250012391",73,853501,456.87,4864.27,10.6469455206076,NA,NA,NA,NA,0,0,NA,NA,89,68.2022471910112,4.86132584269664,33.05,"Epicéa de sitka",31568.28,354.699775280899,121.41,3.92,"Famille Amélioration","futaie régulière",156.473648071289,1.71384418010712,"Plaine"
"FB250014842",105,833502,392.3,5178.36,13.2,392.3,2275.34,5.8,392.3,0,0,19,7453.7,401,26.5211970074813,0.486189526184538,22.94,"Chêne sessile ou pédonculé",NA,NA,18.92,11.04,"Famille Amélioration","futaie régulière",136.624420166016,1.88657188415527,"Plaine"
"FB250015010",113,853501,783.31,7879.33,10.0590187792828,783.31,5710.33,7.29000012766338,783.31,0,0,17.3490189069462,13589.66,280,45.5535714285714,1.854925,48.772,"Epicéa commun",33851.64,120.898714285714,290.47,2.09,"Famille Régénération","futaie régulière",46.3251304626465,5.47791290283203,"Plaine"
"FB250015011",57,853501,725.98,9206.37,12.681299760324,725.98,5919.97,8.15445329072426,725.98,0,0,20.8357530510482,15126.34,177,52.4293785310734,2.40242372881356,41.064,"Hêtre",43094.630459,243.472488468927,31.56,19.04,"Famille Amélioration","futaie régulière",198.290145874023,2.39025568962097,"Plaine"
"FB250015015",18,853501,487.2,4867.84,9.99146141215107,487.2,2770.02,5.68559113300493,487.2,0,0,15.677052545156,7637.86,315,34.1111111111111,1.05135873015873,30.962,"Epicéa commun",22214.66,70.5227301587302,246.53,1.5,"Famille Régénération","futaie régulière",201.146377563477,2.93297147750854,"Plaine"
"FB250015016",113,853501,1960.62,16070.35,8.19656537217819,4425.7,14468.19,3.26913030707007,4425.7,0,0,11.4656956792483,30538.54,801,38.6516853932584,1.37868164794008,104.805,"Epicéa commun",74511.46,93.0230461922597,70.825,17.68,"Famille Amélioration","futaie régulière",83.6214828491211,6.58393335342407,"Plaine"
"FB250015024",18,853501,1670.22,16346.38,9.78696219659686,1670.22,9820.4,5.87970447006981,1670.22,0,0,15.6666666666667,26166.78,637,42.6216640502355,2.0291726844584,104.87,"Epicéa commun",106630.94,167.395510204082,255.246666666667,8.67,"Famille Amélioration","futaie régulière",216.196228027344,1.36784207820892,"Plaine"
"FB250015131",73,853501,676.46,7194.1,10.6349229814032,NA,NA,NA,NA,0,0,NA,NA,337,48.620178041543,2.35859643916914,70.6289999999999,"Hêtre",41182.69,122.203827893175,58.41,15.7,"Famille Amélioration","futaie régulière",178.240646362305,1.71478617191315,"Plaine"
"FB250016331",30,853501,7.14,111.38,15.5994397759104,7.14,55.69,7.79971988795518,7.14,0,0,23.3991596638655,167.07,136,55.5882352941176,3.12907352941176,34.589,"Hêtre",1486.75,10.9319852941176,81.4,7,"Famille Régénération","futaie régulière",172.736968994141,2.96392726898193,"Plaine"
"FB250016333",30,853501,1.04,16.22,15.5961538461538,1.04,8.11,7.79807692307692,1.04,0,0,23.3942307692308,24.33,135,73.8148148148148,6.32916296296296,59.232,"Hêtre",NA,NA,87.58,13.55,"Famille Régénération","futaie régulière",227.038055419922,1.01651453971863,"Plaine"
"FB250016338",30,853501,17.94,279.86,15.5997770345596,17.94,139.93,7.79988851727982,17.94,0,0,23.3996655518395,419.79,77,64.025974025974,4.61876623376623,25.522,"Hêtre",2556.01,33.1949350649351,43.35,11.2,"Famille Régénération","futaie régulière",157.384963989258,3.00972723960876,"Plaine"
"FB250016517",18,853501,488.61,4781.14,9.78518654959988,488.61,2855.35,5.84382227134115,488.61,0,0,15.629008820941,7636.49,195,47.2820512820513,2.02451282051282,36.849,"Epicéa commun",29046.42,148.956,226.24,2,"Famille Amélioration","futaie régulière",195.2666015625,5.71185541152954,"Plaine"
"FB250016665",11,853501,1668.08,17503.58,10.4932497242339,1668.08,11867.54,7.11449091170687,1668.08,0,0,17.6077406359407,29371.12,235,49,2.92555744680851,49.5029999999998,"Hêtre",55089.23,234.422255319149,95.215,8.27,"Famille Amélioration","futaie régulière",161.998657226562,3.21120738983154,"Plaine"
"FB250017064",30,853501,29.21,455.68,15.6001369394043,29.21,227.84,7.80006846970216,29.21,0,0,23.4002054091065,683.52,319,53.5266457680251,3.14272727272727,76.9589999999999,"Hêtre",5334,16.7210031347962,59.78,22.28,"Famille Amélioration","futaie régulière",163.310668945312,1.17389392852783,"Plaine"
"FB250018134",146,832503,1268.64,13712.28,10.8086454786228,1268.64,7151.02,5.63676062555177,1268.64,0,0,16.4454061041745,20863.3,994,30.1961770623742,0.722690140845073,77.4719999999997,"Chêne sessile ou pédonculé",7756.47,7.80328973843058,33.11,21.57,"Famille Coupes Produits Accidentels","futaie régulière",116.895652770996,4.3174614906311,"Plaine"
"FB250018230",30,853501,39.41,614.8,15.600101497082,39.41,307.4,7.80005074854098,39.41,0,0,23.4001522456229,922.2,118,71.3559322033898,5.08349152542373,48.136,"Hêtre",7250.97,61.4488983050847,103.28,8.01,"Famille Régénération","futaie régulière",185.716934204102,2.93273591995239,"Plaine"
"FB250021751",100,833512,546.7,7927.15,14.5,NA,NA,NA,NA,0,0,NA,NA,520,26.8557692307692,0.668498076923078,41.764,"Feuillu dur",NA,NA,26.33,20.5,"Famille Irréguliers","taillis sous futaie",150.951721191406,3.99209713935852,"Plaine"
"FB250022641",175,844009,282.482,2824.82,10,282.482,3107.3,10.9999929199029,282.482,553.35,1.95888587591422,22.9588787958171,6485.47,64,63.984375,4.88928125,21.285,"Epicéa commun",30141.51,470.96109375,69.03,5,"Famille coupes sanitaires","futaie irrégulière",800.999572753906,6.03428649902344,"Montagne"
"FB250022856",28,833502,82.5,742.5,9,82.5,495,6,82.5,0,0,15,1237.5,560,20.6785714285714,0.300378571428571,19.657,"Pin laricio",2132.7,3.80839285714286,31.05,5.7,"Famille Amélioration","futaie régulière",131.864852905273,0.683573424816132,"Plaine"
"FB250022953",79,833502,290.5,4212.25,14.5,290.5,3486,12,290.5,460,1.58347676419966,28.0834767641997,8158.25,198,41.9444444444444,1.41137373737374,32.264,"Chêne sessile ou pédonculé",42284.3653349999,213.557400681818,25.95,14.67,"Famille Coupes d'Emprise","taillis sous futaie",138.718246459961,1.00724971294403,"Plaine"
"FB250022957",28,833502,579,5790,10,579,3474,6,579,0,0,16,9264,2301,19.4589308996089,0.239300738809213,72.0849999999995,"Pin sylvestre",33776.59,14.6790916992612,39.92,14.46,"Famille Amélioration","futaie régulière",124.22550201416,0.743440330028534,"Plaine"
"FB250022984",25,833502,70.1,911.3,13,55.1,606.1,11,55.1,0,0,24,1517.4,200,55.225,2.102215,51.536,"Chêne sessile ou pédonculé",5365.59,26.82795,60.04,12.5,"Famille Régénération","taillis sous futaie",133.160202026367,1.38396322727203,"Plaine"
"FB250022988",24,833502,627,6537,10.4258373205742,627,4075.5,6.5,627,0,0,16.9258373205742,10612.5,568,31.875,0.739957746478873,47.655,"Pin sylvestre",22502.0900000001,39.616355633803,30.215,17.84,"Famille Amélioration","futaie régulière",135.641723632812,0.905116021633148,"Plaine"
"FB250022992",105,833502,80,862.4,10.78,80,501.6,6.27,80,0,0,17.05,1364,35,45.8571428571429,1.78937142857143,5.84,"Pin sylvestre",588.49,16.814,36.02,1.83,"Famille Amélioration","taillis sous futaie",132.782135009766,0.509080946445465,"Plaine"
"FB250022993",79,833502,385,5582.5,14.5,385,4620,12,385,690,1.79220779220779,28.2922077922078,10892.5,213,47.8638497652582,1.51128169014085,40.6910000000001,"Chêne sessile ou pédonculé",16993.490257,79.781644399061,44.79,12.93,"Famille Régénération","taillis sous futaie",127.406661987305,0.946609318256378,"Plaine"
"FB250023434",44,833513,191,2578.5,13.5,242,2126.9,8.78884297520661,242,0,0,22.2888429752066,4705.4,921,24.8642779587405,0.572549402823019,61.4029999999998,"Charme",11607.31,12.6029424538545,38.16,18.74,"Famille Régénération","taillis sous futaie",147.905746459961,0.790672779083252,"Plaine"
"FB250023574",24,833513,1271,12074.5,9.5,1271,8261.5,6.5,1271,0,0,16,20336,628,42.6990445859873,1.42979458598726,93.5959999999998,"Pin sylvestre",46250.35,73.6470541401274,94.7,10.51,"Famille Régénération","futaie régulière",141.569076538086,0.337224394083023,"Plaine"
"FB250023935",22,833502,707.5,10258.75,14.5,707.5,7782.5,11,707.5,1150,1.62544169611307,27.1254416961131,19191.25,315,35.3015873015873,1.03393650793651,40.769,"Chêne sessile ou pédonculé",85869.5540009998,272.601758733333,61.21,14.23,"Famille Coupes d'Emprise","futaie régulière",137.060317993164,0.821493148803711,"Plaine"
"FB250024475",116,832009,302.527,4075.81,13.4725495575602,242.527,2582.91,10.6499894857067,242.527,0,0,24.1225390432669,6658.72,520,26.75,0.637821153846154,36.281,"Hêtre",19495.348533,37.4910548711539,20.8,20.78,"Famille Amélioration","futaie régulière",41.899600982666,0.165746629238129,"Plaine"
"FB250025050",176,833502,792,5801.4,7.325,396,4356,11,396,1150,2.9040404040404,21.2290404040404,11307.4,4095,16.1208791208791,0.18699536019536,117.208000000003,"Charme",52257.561885,12.7613093736264,28.36,39.69,"Famille Coupes d'Emprise","taillis sous futaie",126.160873413086,0.905604839324951,"Plaine"
"FB250027983",132,853501,474.19,6227.23,13.1323520107974,474.19,3806.63,8.02764714565891,474.19,0,0,21.1599991564563,10033.86,141,54.7872340425532,3.25030496453901,36.923,"Hêtre",39510.93,280.219361702128,45.64,13.66,"Famille Amélioration","futaie régulière",156.906280517578,1.50904595851898,"Plaine"
"FB250027984",132,853501,757.55,4359.79,5.75511847402812,499.77,2605.77,5.21393841166937,499.77,0,0,10.9690568856975,6965.56,158,43.1012658227848,1.93804430379747,24.836,"Hêtre",37791.05,239.183860759494,46.5,8.45,"Famille Amélioration","futaie régulière",136.444717407227,9.97621631622314,"Plaine"
"FB250028491",11,853501,1464.36,14669.02,10.0173591193422,1464.36,10517.04,7.18200442514136,1464.36,0,0,17.1993635444836,25186.06,400,58.7375,3.59914249999999,112.472,"Epicéa de sitka",97416.86,243.54215,111.38,19.69,"Famille Amélioration","futaie régulière",160.185394287109,3.5586314201355,"Plaine"
"FB250029003",8,844008,864.227,12099.18,14.0000023142068,NA,NA,NA,NA,0,0,NA,NA,325,49.6153846153846,2.59215076923076,66.9169999999999,"Sapin pectiné",59007.89,181.562738461538,212.115,5.83,"Famille Irréguliers","futaie irrégulière",694.297729492188,5.03598642349243,"Montagne"
"FB250029280",177,844009,642.546,7710.56,12.0000124504705,642.546,5782.91,8.99999377476476,642.546,1927.63,2.99998754952953,23.9999937747648,15421.1,249,55.6626506024096,3.16783132530121,63.567,"Epicéa commun",53295.91,214.039799196787,216.92,4,"Famille Amélioration","futaie régulière",731.245910644531,11.0919589996338,"Montagne"
"FB250029614",33,853501,62.49,653.02,10.4499919987198,62.49,464.3,7.42998879820771,62.49,0,0,17.8799807969275,1117.32,23,58.9130434782609,3.39404347826087,6.675,"Frêne commun",12066.834719,524.644987782609,3.75,30.03,"Famille coupes sanitaires","futaie régulière",178.325500488281,5.93692064285278,"Plaine"
"FB250030040",30,853501,1.83,28.55,15.6010928961749,1.83,14.27,7.79781420765027,1.83,0,0,23.3989071038251,42.82,163,47.1472392638037,2.11843558282209,29.754,"Hêtre",148.33,0.91,32.37,14.04,"Famille Amélioration","futaie régulière",171.297119140625,1.79334390163422,"Plaine"
"FB250032373",108,832503,581.69,5992.83,10.3024463202049,581.69,4212.98,7.24265502243463,581.69,0,0,17.5451013426395,10205.81,466,35.1931330472103,0.910416309012876,51.859,"Pin sylvestre",35064.52,75.2457510729614,30.33,20.71,"Famille Amélioration","futaie régulière",86.9702072143555,2.64166355133057,"Plaine"
"FB250033716",141,884508,424.455,6366.83,15.0000117798118,425.535,7234.1,17.0000117499148,425.535,924.46,2.17246524962694,34.1724887793535,14525.39,244,45.7172131147541,1.92299180327869,42.535,"Epicéa commun",23436.71,96.0520901639345,52.765,50.54,"Famille Coupes Produits Accidentels","futaie régulière",1287.40490722656,28.3384113311768,"Montagne"
"FB250034140",117,832009,167.06,1387.15,8.30330420208309,167.06,1009.04,6.03998563390399,167.06,0,0,14.3432898359871,2396.19,44,57.9545454545455,3.17338636363636,12.013,"Pin maritime",8020.8,182.290909090909,25.34,5.8,"Famille Régénération","futaie régulière",39.0247001647949,0.396787732839584,"Plaine"
"FB250035476",105,833513,1054,10106.74,9.58893738140417,1054,6312.96,5.98952561669829,1054,0,0,15.5784629981025,16419.7,1983,22.6273323247605,0.387187090267272,88.6520000000005,"Pin laricio",38200.44,19.2639636913767,31.535,24.94,"Famille Amélioration","futaie régulière",143.073654174805,1.2823383808136,"Plaine"
"FB250035703",45,880509,465.626,6285.95,13.4999978523536,465.626,6285.95,13.4999978523536,465.626,0,0,26.9999957047072,12571.9,430,39.3023255813954,1.19817209302326,57.5719999999998,"Chêne sessile ou pédonculé",63986.188659,148.805089904651,32.76,22.1,"Famille Amélioration","futaie régulière",268.159942626953,1.60535621643066,"Plaine"
"FB250036215",33,853501,2258.96,13164.66,5.82775259411411,2770.73,4931.96,1.78002187149235,2770.73,0,0,7.60777446560646,18096.62,358,48.7150837988827,2.08995530726257,71.6999999999998,"Hêtre",36424.155043,101.743449840782,43.7,23.13,"Famille Irréguliers","futaie régulière",168.344390869141,11.1387424468994,"Plaine"
"FB250036216",41,853501,1031.18,5571.58,5.40311099904963,1546.77,3648.47,2.35876697893029,1546.77,0,0,7.76187797797992,9220.05,327,31.2844036697248,1.04848929663609,34.265,"Erable sycomore",23422.98,71.6299082568807,37.91,12.63,"Famille Irréguliers","futaie irrégulière",190.775833129883,6.47624731063843,"Plaine"
"FB250036293",18,853501,247.01,2476.72,10.0268005343913,NA,NA,NA,NA,0,0,NA,NA,112,44.2410714285714,1.71144642857143,18.486,"Epicéa de sitka",9844.95,87.9013392857143,383.93,0.58,"Famille Régénération","futaie régulière",212.947296142578,0.459281355142593,"Plaine"
"FB250036298",41,853501,454.49,4652.18,10.2360447974653,454.49,2780.74,6.11837444168189,454.49,0,0,16.3544192391472,7432.92,118,51.7372881355932,2.41019491525424,27.447,"Hêtre",28529.350738,241.77415879661,45.71,8.6,"Famille Amélioration","futaie régulière",225.556335449219,0.920821964740753,"Plaine"
"FB250036331",33,853501,609.33,6787.46,11.1392184858779,609.33,4527.33,7.43001329328935,609.33,0,0,18.5692317791673,11314.79,176,50.1420454545455,2.25189204545455,37.077,"Hêtre",20721.63,117.736534090909,55.62,9.97,"Famille Amélioration","futaie régulière",130.703216552734,7.53768920898438,"Plaine"
"FB250036373",57,853501,419.96,2770.69,6.59750928659872,629.94,1910.84,3.03336825729435,629.94,0,0,9.63087754389307,4681.53,46,55.2173913043478,2.85160869565217,11.794,"Hêtre",11130.19,241.960652173913,20.81,9.38,"Famille Irréguliers","futaie régulière",99.948356628418,11.540566444397,"Plaine"
"FB250036632",24,833513,1285,12470.5,9.70466926070039,1285,8995,7,1285,0,0,16.7046692607004,21465.5,1118,32.6788908765653,0.815224508050097,97.517,"Pin sylvestre",51019.7899999992,45.6348747763857,113.505,14.55,"Famille Amélioration","futaie régulière",144.078842163086,0.920906901359558,"Plaine"
"FB250037947",105,833513,277,2825.4,10.2,277,1883.6,6.8,277,0,0,17,4709,113,42.0796460176991,1.47099115044248,15.946,"Pin sylvestre",10334.65,91.4570796460176,56.555,3.55,"Famille Régénération","futaie régulière",146.394470214844,0.988580286502838,"Plaine"
"FB250041043",24,833513,1134,12412,10.9453262786596,1134,7938,7,1134,0,0,17.9453262786596,20350,1331,27.0510894064613,0.620690458302033,92.0019999999995,"Pin laricio",42522.2099999998,31.9475657400449,47.125,17.05,"Famille Amélioration","futaie régulière",145.66145324707,0.49420776963234,"Plaine"
"FB250041294",151,844009,351.321,5094.15,14.4999871912012,351.321,3161.89,9.00000284639973,351.321,1088.95,3.09958698739899,26.5995770249999,9344.99,1029,33.5422740524781,0.987364431486875,102.132,"Epicéa commun",31015.79,30.1416812439262,72.58,15.35,"Famille Irréguliers","futaie régulière",711.564575195312,6.68976879119873,"Montagne"
"FB250043797",105,833512,847,8639.4,10.2,847,5759.6,6.8,847,0,0,17,14399,1563,22.7511196417147,0.378811260396676,67.0619999999994,"Pin laricio",28966.5600000002,18.5326679462573,24.17,26.49,"Famille Amélioration","futaie régulière",129.841812133789,0.751708984375,"Plaine"
"FB250044482",78,880509,478.82,6703.48,14,478.82,6224.66,13,478.82,0,0,27,12928.14,147,60.4081632653061,3.47916326530612,45.703,"Chêne sessile ou pédonculé",156828.368065,1066.85964670068,45.135,17.05,"Famille Régénération","futaie régulière",263.522369384766,1.70381486415863,"Plaine"
"FB250044722",24,833512,295.3,3248.3,11,295.3,2214.75,7.5,295.3,0,0,18.5,5463.05,179,37.8491620111732,1.03402793296089,20.798,"Pin maritime",11897.4,66.4659217877095,30.815,6.93,"Famille Amélioration","futaie régulière",133.73030090332,0.675495684146881,"Plaine"
"FB250047190",176,833502,155,1135.38,7.32503225806452,77.5,775,10,77.5,0,0,17.3250322580645,1910.38,527,35.0284629981025,0.967557874762806,54.5869999999997,"Pin sylvestre",444.728522,0.843887138519924,31.38,19.26,"Famille Amélioration","futaie régulière",127.654022216797,0.359206348657608,"Plaine"
"FB250047192",28,833502,600,5556,9.26,600,3600,6,600,0,0,15.26,9156,527,35.0284629981025,0.967557874762806,54.5869999999997,"Pin sylvestre",8501.3,16.1314990512334,31.38,19.26,"Famille Amélioration","futaie régulière",127.654022216797,0.359206348657608,"Plaine"
"FB250047584",21,880509,1048.82,11379.55,10.8498598424897,1048.82,11379.55,10.8498598424897,1048.82,1000,0.953452451326252,22.6531721363056,23759.1,840,29.9583333333333,0.66648809523809,65.9719999999994,"Chêne sessile ou pédonculé",70819.09,84.3084404761905,20.062,41.4,"Famille Amélioration","futaie régulière",262.654357910156,1.33465826511383,"Plaine"
"FB250047741",24,833502,2640,27889,10.5640151515152,2640,17160,6.5,2640,0,0,17.0640151515152,45049,2294,30.7585004359198,0.726622057541408,181.773000000002,"Pin laricio",101518.779999998,44.2540453356575,39.625,43.07,"Famille Amélioration","futaie régulière",130.016311645508,0.560556173324585,"Plaine"
"FB250047885",28,833502,446,4014,9,446,2676,6,446,0,0,15,6690,1539,20.8349577647823,0.317340480831711,56.5989999999993,"Pin laricio",13310.42,8.64874593892138,48.22,10.81,"Famille Amélioration","futaie régulière",131.149612426758,1.13488209247589,"Plaine"
"FB250048216",73,853501,434.32,2367.04,5.44999079020077,NA,NA,NA,NA,0,0,NA,NA,253,28.4387351778656,0.398213438735178,16.818,"Pin laricio",12123.29,47.9181422924901,26.06,4.31,"Famille Amélioration","futaie régulière",126.178550720215,8.94508934020996,"Plaine"
"FB250048217",73,853501,387.52,4089.54,10.5531069364162,NA,NA,NA,NA,0,0,NA,NA,134,51.2313432835821,2.00797014925373,28.389,"Pin sylvestre",22988.84,171.558507462687,93.99,3.27,"Famille Régénération","futaie régulière",140.699584960938,4.98226118087769,"Plaine"
"FB250049618",45,880509,106.767,1441.35,13.4999578521453,56.767,766.35,13.4999207285923,56.767,0,0,26.9998785807376,2207.7,26,55.5769230769231,2.51473076923077,6.767,"Chêne sessile ou pédonculé",5451.031935,209.655074423077,12.5,7.73,"Famille Coupes Produits Accidentels","futaie régulière",266.062805175781,1.95494902133942,"Plaine"
"FB250050252",117,832009,612.085,8177.47,13.3600235261442,607.429,3860.94,6.35619965460984,607.429,0,0,19.7162231807541,12038.41,181,57.8729281767956,3.05458011049724,49.215,"Pin maritime",37096.95,204.955524861878,94.205,7.85,"Famille Régénération","futaie régulière",45.9043045043945,0.888434648513794,"Plaine"
"FB250050570",33,853501,1545.96,17858.19,11.5515213847706,1545.96,11486.48,7.42999818882765,1545.96,0,0,18.9815195735983,29344.67,773,34.9611901681759,1.0325808538163,84.1480000000001,"Hêtre",49036.05,63.4360284605433,47.215,19.91,"Famille Amélioration","futaie régulière",193.367706298828,6.46878480911255,"Plaine"
"FB250050755",112,883509,1467,13936.5,9.5,1467,10269,7,1467,0,0,16.5,24205.5,1441,32.765440666204,0.875344899375428,131.118000000002,"Epicéa commun",58905.98,40.8785426786953,88.13,17.25,"Famille Amélioration","futaie régulière",1332.20471191406,8.49959659576416,"Montagne"
"FB250051719",28,833502,695,6255,9,695,4170,6,695,0,0,15,10425,715,31.2377622377622,0.815549650349649,58.9369999999999,"Pin laricio",36157.9000000003,50.5704895104899,31.0125,24.18,"Famille Amélioration","futaie régulière",130.366882324219,0.988899528980255,"Plaine"
"FB250051971",18,853501,441.43,4543.09,10.2917563373581,NA,NA,NA,NA,0,0,NA,NA,202,40.3217821782178,1.42535643564357,27.662,"Epicéa de sitka",11076.31,54.8332178217822,138.59,2.35,"Famille coupes sanitaires","futaie régulière",196.601181030273,6.98983192443848,"Plaine"
"FB250052764",105,833502,505,5656,11.2,505,3181.5,6.3,505,0,0,17.5,8837.5,289,44.4117647058824,1.48201384083045,45.8829999999999,"Pin maritime",72093.9599999992,249.460069204149,91.51,5.2,"Famille Amélioration","futaie régulière",135.777938842773,0.707147240638733,"Plaine"
"FB250053479",165,883509,468.323,4493.23,9.59429709837014,468.323,5830.83,12.4504455258443,468.323,0,0,22.0447426242145,10324.06,523,32.82982791587,0.867923518164439,51.7959999999998,"Epicéa commun",24495.02,46.8356022944551,54.54,9.72,"Famille Régénération","futaie régulière",1533.54931640625,7.9535870552063,"Montagne"
"FB250053861",24,833502,2424,26155,10.7900165016502,2424,15756,6.5,2424,0,0,17.2900165016502,41911,2035,34.8009828009828,0.890906633906637,203.135000000002,"Pin maritime",85980.4299999985,42.2508255528248,37.67,54.01,"Famille Amélioration","futaie régulière",129.600448608398,0.487045258283615,"Plaine"
"FB250053996",28,833502,1938.5,18574.9,9.58209956151664,1938.5,12036.05,6.20895021924168,1938.5,0,0,15.7910497807583,30610.95,3455,25.3096960926194,0.484844573082484,193.376000000004,"Pin laricio",73897.6799999984,21.3886193921848,53.3125,34.73,"Famille Amélioration","futaie régulière",124.903945922852,1.23190724849701,"Plaine"
"FB250054449",38,835509,733.3,11571.47,15.7799945452066,733.3,5030.44,6.8600027273967,733.3,0,0,22.6399972726033,16601.91,679,27.6509572901325,0.60849926362297,42.5350000000001,"Chêne sessile ou pédonculé",6955,10.2430044182621,36.88,14,"Famille Amélioration","futaie régulière",180.394927978516,0.77049857378006,"Plaine"
"FB250055537",30,853501,1.19,18.56,15.5966386554622,1.19,9.28,7.79831932773109,1.19,0,0,23.3949579831933,27.84,112,51.6964285714286,2.76192857142857,27.243,"Hêtre",68.9,0.615178571428571,66.27,5.96,"Famille Régénération","futaie régulière",130.823135375977,9.61301898956299,"Plaine"
"FB250055539",30,853501,9.07,141.49,15.5997794928335,9.07,70.75,7.80044101433297,9.07,0,0,23.4002205071665,212.24,140,63.0357142857143,3.76195714285715,45.26,"Hêtre",273.34,1.95242857142857,39.35,17.04,"Famille Amélioration","futaie régulière",145.496154785156,4.41993236541748,"Plaine"
"FB250056295",107,832503,1480,13920,9.4054054054054,1480,8288,5.6,1480,0,0,15.0054054054054,22208,2326,24.2368873602752,0.430634565778159,130.499,"Pin sylvestre",64832.1699999999,27.8728159931212,43.344,24.49,"Famille Régénération","futaie régulière",109.06965637207,3.87267327308655,"Plaine"
"FB250056781",117,832009,1855.895,15001.67,8.0832536323445,1849.35,11170.07,6.03999783707789,1849.35,0,0,14.1232514694224,26171.74,969,39.8039215686275,1.37909391124871,130.974,"Pin maritime",75170.2399999999,77.5750670794632,54.4575,27.49,"Famille Amélioration","futaie régulière",40.2116584777832,0.946585237979889,"Plaine"
"FB250058313",24,833513,1085,10850,10,1115,7247.5,6.5,1115,0,0,16.5,18097.5,2721,22.8702682837192,0.475742741639106,144.923000000001,"Charme",42665.1899999999,15.679966923925,23.3066666666667,61.14,"Famille Amélioration","futaie régulière",145.105239868164,1.33537781238556,"Plaine"
"FB250058348",73,853501,84.93,899.38,10.5896620746497,NA,NA,NA,NA,0,0,NA,NA,8,55.625,3.238625,2.2,"Douglas",8566.45,1070.80625,2.45,18.21,"Famille Coupes Produits Accidentels","futaie régulière",143.089065551758,6.26046133041382,"Plaine"
"FB250060044",28,833502,1208,10872,9,1208,7729.85,6.39888245033113,1208,0,0,15.3988824503311,18601.85,1525,23.472131147541,0.409763278688525,70.787,"Pin laricio",34481.14,22.6105836065574,45.82,19.31,"Famille Amélioration","futaie régulière",137.640747070312,0.586623907089233,"Plaine"
"FB250060205",37,835509,208.56,2346.3,11.25,NA,NA,NA,NA,0,0,NA,NA,248,27.4596774193548,0.587592741935483,16.237,"Feuillu dur",NA,NA,285.86,0.7,"Famille Régénération","futaie régulière",171.083740234375,1.218013048172,"Plaine"
"FB250060336",125,832009,240.48,3252.94,13.5268629407851,190.482,2028.63,10.6499826755284,190.482,0,0,24.1768456163135,5281.57,294,31.547619047619,0.960285714285714,27.622,"Hêtre",33553.6579,114.128088095238,22.43,17.95,"Famille Amélioration","futaie régulière",41.7616539001465,0.646935939788818,"Plaine"
"FB250060567",105,833502,447.7,5119.84,11.4358722358722,447.7,2820.51,6.3,447.7,0,0,17.7358722358722,7940.35,552,39.2753623188406,1.31493297101449,74.7619999999999,"Chêne sessile ou pédonculé",9203.71,16.6733876811594,37.41,29.19,"Famille Coupes d'Emprise","taillis sous futaie",135.589279174805,1.39808428287506,"Plaine"
"FB250061191",24,833513,658,6580,10,658,4277,6.5,658,0,0,16.5,10857,1164,26.9931271477663,0.619475085910652,76.9930000000015,"Chêne sessile ou pédonculé",29860.2900000002,25.653170103093,40.16,16.61,"Famille Amélioration","futaie régulière",136.916320800781,0.794864892959595,"Plaine"
"FB250061201",24,833513,425,4433,10.4305882352941,425,2762.5,6.5,425,0,0,16.9305882352941,7195.5,1205,22.0207468879668,0.399906224066389,52.4859999999999,"Chêne sessile ou pédonculé",16330.95,13.5526556016598,24.55,20.58,"Famille Amélioration","futaie régulière",138.900756835938,0.667184829711914,"Plaine"
"FB250061818",105,833502,1177.9,12186.88,10.3462772731132,1177.9,7420.77,6.3,1177.9,0,0,16.6462772731132,19607.65,2588,21.9435857805255,0.335076120556412,107.892000000001,"Pin sylvestre",31181.9,12.0486476043277,44.0633333333333,23.22,"Famille Amélioration","futaie régulière",142.411987304688,0.666853070259094,"Plaine"
"FB250062166",105,833502,473,4824.6,10.2,473,2979.9,6.3,473,0,0,16.5,7804.5,107,55.2803738317757,2.84734579439252,26.247,"Douglas",26811.77,250.577289719626,492.15,0.65,"Famille Régénération","futaie régulière",129.057556152344,0.742525398731232,"Plaine"
"FB250062227",117,832009,731.255,6132.78,8.38665034768993,731.255,4956.84,6.77853826640502,731.255,0,0,15.1651886140949,11089.62,558,30.9587813620072,0.871550179211466,49.3649999999999,"Pin maritime",20471.4,36.6870967741935,44.735,9.79,"Famille Amélioration","futaie régulière",35.3477821350098,0.581165790557861,"Plaine"
"FB250062866",117,832009,1472.531,13173.72,8.94631080771814,1472.531,8894.09,6.04000187432387,1472.531,0,0,14.986312682042,22067.81,1615,25.640866873065,0.581467492260054,99.9640000000015,"Pin sylvestre",53683.3299999995,33.2404520123836,80.51,15.82,"Famille Amélioration","futaie régulière",41.0484924316406,1.03608679771423,"Plaine"
"FB250062890",151,844009,1113.664,8701.75,7.81362242112522,550.332,4952.99,9.00000363416992,550.332,550.33,0.999996365830081,17.8136224211252,14205.07,191,61.0732984293194,4.20239267015707,59.739,"Sapin pectiné",31207.23,163.388638743456,41.9,21.19,"Famille Coupes Produits Accidentels","futaie jardinée",800.694885253906,8.97028732299805,"Montagne"
"FB250063903",47,835509,86.717,1127.32,12.9999884682358,86.717,972.1,11.2100280221871,86.717,0,0,24.2100164904229,2099.42,27,62.962962962963,3.45955555555556,8.659,"Chêne sessile ou pédonculé",4586.426839,169.867660703704,73.66,2.02,"Famille Coupes Produits Accidentels","Futaie sur souche ou TSF en conversion",180.079010009766,0.903039634227753,"Plaine"
"FB250064242",57,853501,378.5,4708.54,12.44,378.5,3448.14,9.11001321003963,378.5,0,0,21.5500132100396,8156.68,105,63.047619047619,4.36485714285715,34.069,"Hêtre",33386.164931,317.963475533333,72.83,8.58,"Famille Coupes Produits Accidentels","futaie régulière",153.142929077148,2.87343215942383,"Plaine"
"FB250064608",57,853501,125,1555,12.44,125,1138.75,9.11,125,0,0,21.55,2693.75,0,NA,NA,0,NA,15057.775051,Inf,60,1.25,"Famille Coupes Produits Accidentels","futaie régulière",112.684906005859,3.27452540397644,"Plaine"
"FB250064847",57,853501,190.98,2375.79,12.4399937166195,190.98,1739.83,9.11001151953084,190.98,0,0,21.5500052361504,4115.62,62,69.0322580645161,5.48204838709677,24.654,"Hêtre",22382.852527,361.013750435484,84.87,5.4,"Famille Coupes Produits Accidentels","futaie régulière",119.129119873047,3.86932802200317,"Plaine"
"FB250064944",57,853501,224.51,2792.9,12.4399804017638,224.51,2045.29,9.11001737116387,224.51,0,0,21.5499977729277,4838.19,84,63.3928571428571,4.70307142857143,28.351,"Hêtre",27443.062636,326.703126619048,74.46,7,"Famille Coupes Produits Accidentels","futaie régulière",145.067794799805,4.88005638122559,"Plaine"
"FB250065052",24,833502,1067,11108,10.4104967197751,1067,6935.5,6.5,1067,0,0,16.9104967197751,18043.5,1323,26.6780045351474,0.540761904761905,82.0759999999998,"Chêne sessile ou pédonculé",30487.93,23.0445427059713,37.3433333333333,21.86,"Famille Amélioration","futaie régulière",126.523658752441,1.75227522850037,"Plaine"
"FB250065286",11,853501,289.52,3828.21,13.2226098369715,289.52,2259.04,7.8027079303675,289.52,0,0,21.025317767339,6087.25,337,48.620178041543,2.35859643916914,70.6289999999999,"Hêtre",12617.62,37.4410089020771,58.41,15.7,"Famille Amélioration","futaie régulière",178.240646362305,1.71478617191315,"Plaine"
"FB250065940",117,832009,1016.83,8224.56,8.08843169458021,1016.83,6141.65,6.0399968529646,1016.83,0,0,14.1284285475448,14366.21,983,29.8423194303154,0.732685656154625,78.1850000000009,"Pin sylvestre",39171.11,39.8485350966429,34.195,23.16,"Famille Amélioration","futaie régulière",53.8677787780762,0.72795170545578,"Plaine"
"FB250067644",24,833513,475,4750,10,475,3325,7,475,0,0,17,8075,846,23.7647754137116,0.455068557919619,42.938,"Pin sylvestre",19164.52,22.653096926714,34.19,14.78,"Famille Amélioration","futaie régulière",147.146713256836,0.63993626832962,"Plaine"
"FB250067645",105,833502,2384.4,24569.58,10.3043029693005,2384.4,15021.72,6.3,2384.4,0,0,16.6043029693005,39591.3,3148,26.2992376111817,0.543750952986022,186.080000000002,"Pin laricio",32965.47,10.4718773824651,46.5,39.95,"Famille Amélioration","futaie régulière",125.41658782959,1.43101418018341,"Plaine"
"FB250067686",100,833502,824.6,10676.07,12.9469682270192,646.2,4071.06,6.3,646.2,0,0,19.2469682270192,14747.13,1367,21.2874908558888,0.388302852962692,63.6979999999997,"Charme",1218.94,0.891689831748354,34.45,17.73,"Famille Coupes d'Emprise","futaie régulière",137.900024414062,1.34529387950897,"Plaine"
"FB250068458",30,853501,28.14,438.98,15.5998578535892,28.14,219.49,7.7999289267946,28.14,0,0,23.3997867803838,658.47,184,59.8097826086956,4.28554891304348,55.762,"Hêtre",NA,NA,61.17,17.48,"Famille Coupes Produits Accidentels","futaie régulière",158.212646484375,2.74282908439636,"Plaine"
"FB250068481",30,853501,3.01,46.96,15.6013289036545,3.01,23.48,7.80066445182724,3.01,0,0,23.4019933554817,70.44,55,58.9090909090909,4.40029090909091,16.55,"Hêtre",286.05,5.20090909090909,20,17.2,"Famille Coupes Produits Accidentels","futaie régulière",169.704681396484,1.30333638191223,"Plaine"
"FB250069126",24,833513,1107,11754,10.6178861788618,1107,7195.5,6.5,1107,0,0,17.1178861788618,18949.5,1570,24.5668789808917,0.519350955414014,88.7900000000005,"Chêne sessile ou pédonculé",24896.61,15.8577133757962,48.38,19.8,"Famille Amélioration","futaie régulière",148.68928527832,0.78732842206955,"Plaine"
"FB250069325",157,884511,213.91,2823.61,13.1999906502735,213.91,2718.8,12.7100182319667,213.91,713.91,3.33743163012482,29.247440512365,6256.32,45,63.8888888888889,4.40742222222222,15.023,"Epicéa commun",3726.83,82.8184444444444,45.44,5,"Famille Coupes Produits Accidentels","futaie régulière",1068.42541503906,21.8551750183105,"Montagne"
"FB250069692",24,833513,1170,12870,11,1170,7605,6.5,1170,0,0,17.5,20475,1607,23.5407591785937,0.418650280024891,79.1140000000002,"Pin laricio",21619.08,13.4530678282514,35.4966666666667,25.79,"Famille Amélioration","futaie régulière",142.509765625,0.906511664390564,"Plaine"
"FB250072356",24,833513,893,8930,10,893,5804.5,6.5,893,0,0,16.5,14734.5,703,33.8477951635846,0.884399715504981,67.5149999999994,"Pin sylvestre",27020.0900000002,38.4354054054056,48.515,13.51,"Famille Régénération","futaie régulière",141.251602172852,0.649934649467468,"Plaine"
"FB250073394",24,833512,892.3,9387.4,10.5204527625238,892.3,6032.15,6.76022638126191,892.3,0,0,17.2806791437857,15419.55,1086,28.927255985267,0.573207182320438,76.6659999999999,"Pin sylvestre",8729.31,8.03803867403315,21.25,33.61,"Famille Amélioration","futaie régulière",129.55436706543,0.562468349933624,"Plaine"
"FB250074531",24,833512,792.8,8025.4,10.1228557013118,792.8,5153.2,6.5,792.8,0,0,16.6228557013118,13178.6,864,28.7962962962963,0.547428240740742,61.2509999999997,"Pin sylvestre",5943.03,6.87850694444444,32.055,18,"Famille Amélioration","futaie régulière",135.113494873047,0.578429818153381,"Plaine"
"FB250077847",67,844009,466.832,5324.02,11.4045738081365,451.832,3501.7,7.75000442642398,451.832,903.66,1.99999114715204,21.1545693817126,9729.38,456,40.9100877192982,1.76668859649122,67.8599999999998,"Sapin pectiné",39970.99,87.6556798245614,104.523333333333,10.59,"Famille Amélioration","futaie régulière",746.051513671875,7.46848058700562,"Montagne"
"FB250081721",24,833513,1946,19460,10,1946,13446.5,6.90981500513875,1946,0,0,16.9098150051387,32906.5,1870,29.2112299465241,0.681507486631016,137.111,"Pin sylvestre",24104.99,12.8903689839572,35.5066666666667,38.89,"Famille Amélioration","futaie régulière",146.996856689453,0.431266039609909,"Plaine"
"FB250082208",105,833512,942.57,10171.01,10.7907211135512,942.57,5938.19,6.29999893907084,942.57,0,0,17.0907200526221,16109.2,1142,27.9246935201401,0.579423817863401,78.0629999999999,"Pin sylvestre",4462.87,3.90794220665499,22.424,32.5,"Famille Amélioration","futaie régulière",121.217353820801,0.976169168949127,"Plaine"
